の	1
は	2
に	3
を	4
と	5
も	6
が	7
で	8
から	9
だ	10
する	11
か	12
よ	13
ある	14
こと	15
なる	16
それ	17
いる	18
ね	19
思う	20	9493
この	21
には	22
でも	23
です	24
その	25
な	26
言う	27	86
って	28
ない	29
んだ	30
そう	31
私	32	1308
いい	33
これ	34
だった	35
見る	36	110
だけ	37
くる	38
さん	39
くれる	40
やる	41
まで	42
もの	43
行く	44	65
という	45
もう	46
だから	47
そんな	48
あの	49
だろう	50
しまう	52
来る	53	38
ん	54
人	55	1876
ここ	56
や	57
し	58
お	59
とする	60
自分	61	21298
じゃない	62
知る	63	5092
なら	64
いく	65
わ	66
今	67	1481
聞く	68	2585
へ	69
ような	70
とは	71
何	72	493
前	73	3288
出る	74	1230
中	75	1903
にも	76
ように	77
顔	78	21491
である	79
んです	80
また	81
ながら	82
なんて	83
考える	84	34291
どう	85
いう	86
さ	87
そして	88
ため	89
まだ	90
いや	91
ちょっと	92
のに	93
できる	94
話	95	22696
とか	96
ぞ	97
そこ	98
なの	99
ではない	100
何	101	151
待つ	102	3798
ので	103
ところ	104
だって	105
だが	106
たち	107
こんな	108
持つ	109	962
みる	110
声	111	27385
もらう	112
入る	113	3389
手	114
ですか	115
見える	116	5999
方	117	530
目	118
男	119	31384
本当	120	6799
あなた	121
今日	122	6099
ほど	123
言葉	124	9678
らしい	125
として	126
など	127
ただ	128
しかし	129
かな	130
違う	131	3489
使う	132	7296
少し	133	5486
より	134
時	135	215
家	136	108601
あれ	137
彼	138	8692
よい	139
人間	140	37285
同じ	141	12892
上	142	2329
よく	143
よう	144
とも	145
でしょう	146
出す	147	961
どこ	148
しか	149
悪い	150	8995
なん	151
時間	152	58496
部屋	153	25995
わけ	154
おく	155
かもしれない	156
作る	157	2146
まま	158
て	159
早い	160	5680
感じる	161	51789
呼ぶ	162	9886
話す	163	13581
何か	164	12785
のように	165
死ぬ	166	30688
姿	167	15299
頭	168	15990
強い	169	13084
こう	170
いつも	171
会う	172	7503
ばかり	173
一緒に	174	4489
好き	175	12502
相手	176	46490
帰る	177
みんな	178
音	179	22799
うち	180
ずっと	181
のです	182
でした	183
食べる	184	13390
場所	185	56485
あと	186
どうして	187
もっと	188
くらい	189
世界	190	39188
あげる	191
戻る	192	8882
力	193	23487
仕事	194	31991
必要	195	63787
続ける	196	4298
つもり	197
どんな	198
誰	199	4887
による	200
次	201	13182
かける	202
見せる	203	860
動く	204	18386
となる	205
はず	206
子	207
歩く	208	20000
こちら	209
きっと	210
意味	211	37890
終わる	212	16189
変わる	213	7698
すぐに	214
とき	215
気持ち	216	19095
始める	217	1807
大きい	218	28070
ことになる	219
向かう	220	10093
何も	221	8984
受ける	222	6484
日	223
年	224	26702
心配	225	45798
教える	226	26299
心	227	12690
立つ	228	14801
おる	229
やめる	230
外	231	17888
間	232	8400
について	233
よりも	234
後	235	186
様子	236	13598
忘れる	237	18580
口	238	9993
にとって	239
名前	240	43384
大きな	241	34200
信じる	242	46282
すぎる	243
なのに	244
生きる	245	23587
問題	246	45785
理由	247	57387
それでも	248
これから	249
以上	250	45289
逃げる	251	19998
多い	252	25391
そういう	253
絶対	254	11387
開く	255	9293
今度	256	9189
最後	257	29198
最初	258	38696
こそ	259
存在	260	93161
誰か	261	8899
初めて	262	3700
書く	263
取る	264	431
高い	265	26484
もちろん	266
かも	267
べき	268
入れる	269	40500
体	270	5485
答える	271	9497
そのまま	272
置く	273	155
覚える	274	10692
あり	275
無理	276	14486
ご	277
残る	278	17588
いけない	279
長い	280	14193
普通	281	9290
どういう	282
守る	283	18589
とても	284
楽しい	285	18989
どこか	286
夜	287	53101
感じ	288	26190
気	289
許す	290	10595
もし	291
驚く	292	12691
別に	293	5190
離れる	294	7088
いつ	295
消える	296	29799
助ける	297	15297
止める	298	5587
困る	299	16496
かかる	300
もの	301
人	302	60392
中	303	9580
方	304	4189
飲む	305	7182
走る	306	30191
以外	307	54496
下	308	119792
買う	309	4585
足	310	11089
説明	311	88517
読む	312	19896
女性	313
落ちる	314	11495
このまま	315
つける	316
起きる	317	13200
あまり	318
ことができる	319
続く	320	8492
すぐ	321
決める	322	12398
でもない	323
状況	324	117664
関係	325	70793
ことがある	326
いただく	327
先	328	17995
伝える	329	30594
ようになる	330
先に	331	16892
夢	332	23097
誰も	333	9500
小さい	334	25697
選ぶ	335	25282
こういう	336
理解	337	142053
ですが	338
場合	339	40194
得る	340	1034
深い	341	20798
見つける	342	13592
一度	343	22499
ほしい	344
なぜ	345
昔	346	13892
水	347	21694
近く	348	39380
進む	349	14787
大変	350	6585
としても	351
道	352	17597
簡単	353	24488
変える	354	6983
別	355	47900
なので	356
本	357	9989
完全	358	78501
状態	359	95343
しっかり	360
行う	361	11993
送る	362	5987
形	363	9188
上げる	364	191
近づく	365	49797
乗る	366	5088
与える	367	18398
勝手	368	26900
的	369	43698
結果	370	63199
ために	371
朝	372	7978
新しい	373	32084
急	374	18571
ようにする	375
自分で	376	52489
元	377	2802
最近	378	62592
大	379	27001
決まる	380	11885
準備	381	64181
近い	382	22587
失う	383	31896
不安	384	60782
残す	385	22684
安心	386	58093
大事	387	14785
ほとんど	388
認める	389	30193
特に	390	6595
求める	391	22700
用意	392	28800
少ない	393	30087
まず	394
ことにする	395
始まる	396	6086
家族	397	68796
似る	398	41989
用	399
元気	400	40288
後	401
に対して	402	20289
生む	403	15996
思い	404	41186
なかなか	405
たくさん	406
目的	407	106735
合う	408	2179
生活	409	90878
方法	410	19900
なくなる	411
切る	412	717
分	413	5993
つく	414
としては	415
十分	416	16284
働く	417	23099
若い	418	32184
歳	419	54501
調べる	420	27793
急ぐ	421	16899
必ず	422	13187
かどうか	423
途中	424	43484
側	425	16299
見つかる	426	22596
重い	427	30199
期待	428	40977
集まる	429	29394
その後	430	2630
とる	431
ないと	432
考え	433	73192
住む	434	73001
大切	435	33683
毎日	436	61700
広い	437	18287
やすい	438
自由	439	56591
になると	440
ないか	441
原因	442	141353
けど	443
俺	444	3086
ああ	445
はい	446
じゃ	447
うん	448
お前	449	3100
彼女	450	63886
みたい	451
大丈夫	452	8392
ちゃん	453
よね	454
わかる	455
え	456
あっ	457
僕	458	3199
なんか	459
ください	460
笑う	461	23383
なんだ	462
なんだ	463
じゃあ	464
分かる	465	455
様	466	1379
まあ	467
だろ	468
ええ	469
女	470	25086
君	471	8200
君	472	3099
だけど	473
二人	474	3187
者	475	79601
やっぱり	476
でしょ	477
えっ	478
ちゃんと	479
こっち	480
すごい	481
確かに	482	3180
聞こえる	483	14981
なんで	484
先生	485	24387
だろうか	486
まさか	487
ようだ	488
ねえ	489
そうだ	490
なんです	491
けれど	492
なに	493
まるで	494
他	495	1263
殺す	496	25494
事	497	15
じゃないか	498
胸	499	21492
さっき	500
そう	501
思い出す	502	58599
へと	503
あんた	504
おい	505
一番	506	4199
一人	507	1846
ありがとう	508
そうか	509
頼む	510	10583
一つ	511	1352
表情	512	91848
ごめん	513
怖い	514	4689
良い	515	139
ゆっくり	516
つまり	517
だったら	518
腕	519	21989
それから	520
ほら	521
あ	522
欲しい	523	344
やはり	524
確認	525	121840
そうです	526
全部	527	8585
何度	528	27289
そんなに	529
ほう	530
子供	531	22895
二	532
光	533	18285
おかしい	534
寝る	535	7600
なのだ	536
なるほど	537
もん	538
小さな	539	23384
瞬間	540	64376
気がする	541	76749
今まで	542	8682
優しい	543	4588
嫌	544	1602
あいつ	545
ううん	546
明日	547	8592
泣く	548	30783
頑張る	549	3190
怒る	550	166687
はずだ	551
あんな	552
娘	553	29288
今回	554	79910
やつ	555
昨日	556	11587
ですから	557
かしら	558
変	559	6101
探す	560	10586
しかも	561
返す	562	10283
国	563	14389
なあ	564
当然	565	30792
座る	566	11496
でしょうか	567
つつ	568
ではある	569
黙る	570	9994
気づく	571	55691
しばらく	572
いえ	573
隠す	574	15093
気になる	575	54698
奥	576	27701
向ける	577	40696
笑顔	578	69480
かなり	579
軽い	580	17997
目の前	581	93700
お願い	582	14088
開ける	583	4191
せい	584
まったく	585
女の子	586	62397
こんなに	587
しかない	588
ならば	589
とにかく	590
ことはない	591
痛い	592	4700
敵	593	32286
一	594	10096
実は	595	12899
後ろ	596	8289
そこまで	597
物	598	43
さらに	599
髪	600	23700
もん	601
一瞬	602	62699
落ち着く	603	21586
どうした	604
隣	605	10697
不思議	606	13296
戦う	607	30183
さあ	608
こいつ	609
現れる	610	9094
そろそろ	611
私たち	612	3783
記憶	613	72987
彼ら	614	21285
すべて	615
学校	616	58596
さえ	617
情報	618	95964
意識	619	93909
というのは	620
肩	621	272691
色	622	28080
触れる	623
勝つ	624	26901
結局	625	23183
三	626	85401
全然	627	8300
上がる	628	2135
げ	629
動き	630	38784
白い	631	40497
指	632	33800
可能性	633	161021
赤い	634	28071
失礼	635	61695
幸せ	636	14498
負ける	637	21683
背中	638	48984
反応	639	142322
壁	640	33196
どうやら	641
いきなり	642
空	643	60901
約束	644	38387
血	645
服	646	15583
恥ずかしい	647	17896
過ぎる	648	243
事実	649	83982
静か	650	15882
すむ	651
行動	652	182933
突然	653	19083
友達	654	25100
喜ぶ	655	11596
止まる	656	6996
命	657	18789
自身	658	67798
想像	659	69298
面白い	660	3985
父	661	37794
身	662
渡す	663	11093
名	664
ようやく	665
全員	666	110757
頃	667	1805
そもそも	668
空気	669	89356
再び	670	8697
着る	671	46101
母	672	81401
首	673	18596
美しい	674	30786
一体	675	1448
店	676	59789
程度	677	38981
届く	678	16791
さて	679
難しい	680	10286
向こう	681	10798
神	682	20998
気分	683	85856
耳	684	25684
ごめんなさい	685
通り	686	1959
ひどい	687
むしろ	688
飛ぶ	689	7481
眠る	690	26491
仲間	691	39589
でない	692
さすがに	693
山	694	10390
感情	695
ぐらい	696
結構	697	3890
すら	698
危険	699	57887
以前	700	227608
いる	701
あれ	702
もう一度	703	25382
ありがとうございます	704
どうぞ	705
済む	706	651
とりあえず	707
任せる	708	6292
遅い	709	15783
気にする	710	56887
いくら	711
本気	712	77615
あら	713
正直	714	89010
動かす	715	27982
事件	716	84171
きる	717
そういえば	718
おりる	719
起こす	720	12286
周囲	721	93113
海	722	27492
すでに	723
叫ぶ	724	20495
引く	725	4590
返事	726	57995
逆	727	53492
捨てる	728	16190
甘い	729	19899
窓	730	35990
遊ぶ	731	20793
結婚	732	42484
おお	733
会話	734	107222
戻ってくる	735	18887
どうしたの	736
邪魔	737	15289
腰	738	17590
その時	739	1482
うまい	740
握る	741	18296
確か	742	3891
いっぱい	743
部分	744	110724
無事	745	27998
せっかく	746
風	747
起こる	748	11385
であろう	749
熱い	750	24302
意外	751	143361
これ以上	752	137588
間違いない	753	18195
流れる	754	36677
花	755	7488
涙	756	35379
やってくる	757
倒れる	758	28489
人生	759	97126
一人で	760	3787
もう少し	761	22391
襲う	762	25584
所	763	104
料理	764	83453
決して	765	13090
愛する	766	44792
黒い	767	49485
冷たい	768	22488
合わせる	769	5097
楽しむ	770	39686
自然	771	42385
納得	772	56199
周り	773	4495
どうも	774
珍しい	775	10299
いいから	776
どうしても	777
疲れる	778	42889
必死	779	58988
前に	780	11399
内	781	180101
追う	782	4204
激しい	783	15595
場	784
食う	785	5602
慣れる	786	7987
勢い	787	28077
答え	788	48794
落とす	789	17084
同時に	790	116642
判断	791	131392
横	792	18080
町	793	15294
報告	794	105204
食事	795	84269
緊張	796	72693
金	797	61001
受け取る	798	33288
まずは	799
感謝	800	73587
ある	801
者	802
日本	803	49084
つい	804
並ぶ	805	14092
避ける	806	22688
連絡	807	75519
奪う	808	27795
過ごす	809	13985
狙う	810	17799
向く	811
諦める	812	4491
足りる	813	27085
いろいろ	814
そうする	815
話をする	816	105030
望む	817	39199
一応	818	13389
特別	819	40385
救う	820	197785
帰ってくる	821	27899
時代	822	83931
いらっしゃる	823
いつか	824
終わり	825	23800
語る	826	54498
繰り返す	827	17594
助かる	828	43993
点	829	28899
ところで	830
運ぶ	831	30987
素直	832	31587
よし	833
態度	834	192717
失敗	835	64391
とこ	836
全く	837	585
木	838
それぞれ	839
内容	840
と言われる	841	4694
示す	842	22793
妙	843	27190
あんまり	844
冗談	845	35884
自ら	846	7980
低い	847	32993
わざわざ	848
そっち	849
雰囲気	850	53785
はっきり	851
移動	852	81559
過去	853	314898
手伝う	854	59676
描く	855	34897
余裕	856	54185
なんとか	857
出会う	858	35397
と言う	859	45
みせる	860
やっと	861
嫌い	862	12580
質問	863	69583
人々	864	48179
どれ	865
現実	866	106675
感覚	867	91839
正しい	868	44694
未来	869	43690
興味	870	97049
遠い	871	26195
ながらも	872
本人	873	250040
能力	874	150857
あの人	875	26699
っぽい	876
それでは	877
と言った	878	920
その場	879
事情	880	116773
暗い	881	22101
あそこ	882
んで	883
休む	884	33786
一緒	885	9481
おかげで	886
なさる	887
息	888	53601
これまで	889
予定	890	132162
伝わる	891	37899
距離	892	99654
どうせ	893
多く	894	67287
残念	895	28475
ま	896
終える	897	20894
覚悟	898	54794
勉強	899	53784
さすが	900
上	901	60806
分	902	43101
風	903	2676
よし	904
だけに	905
自信	906	268882
我慢	907	16394
相談	908	75135
死	909
増える	910	22191
離す	911
半分	912	65882
人物	913	161599
回る	914	4589
親	915	74701
弱い	916	32191
っけ	917
立てる	918	6388
この人	919	22299
といった	920
降りる	921	719
打つ	922	4391
席	923	39003
経験	924	166526
よろしく	925
すっかり	926
現在	927	89300
広がる	928	17198
に対する	929	29600
振る	930	2177
集める	931	26881
当たる	932	2707
直接	933	75095
数	934	24397
明るい	935	40892
ということは	936
件	937	8798
当たり前	938	11598
お金	939	53195
抱える	940	12993
連れる	941	2933
他人	942	136722
母親	943	135888
忙しい	944	23078
寂しい	945	12387
くださる	946
どうか	947
誘う	948	31087
いたす	949
立場	950	168699
そのため	951
他に	952	2876
大好き	953	22500
協力	954	131342
抜ける	955	13196
持ってくる	956	10496
のみ	957
詳しい	958	16096
押す	959	6078
愛	960	76478
だす	961
もつ	962
変化	963	44392
男性	964	191396
ような気がする	965	150579
車	966	39192
断る	967	30686
利用	968	36185
熱	969	64182
というもの	970
抱く	971	17498
苦しい	972	29788
最高	973	52400
満足	974	67593
無視	975	137873
余計	976	9896
一気に	977	37488
どちら	978
成功	979	78825
限り	980	4393
代わりに	981	9197
ではないか	982
父親	983	141771
通る	984	17094
暮らす	985	26986
わけではない	986
雨	987	24688
写真	988	97090
火	989
否定	990	136183
借りる	991	7478
面倒	992	25587
人たち	993	26689
厳しい	994	17083
危ない	995	12288
どっち	996
どうやって	997
ときに	998
今から	999	15393
参加	1000	7181
つく	1001
ああ	1002
隠れる	1003	15088
裏	1004	7885
短い	1005	43300
ちょうど	1006
機会	1007
恐ろしい	1008	9677
大人	1009	19875
売る	1010	2809
輝く	1011	22296
すぎ	1012
耐える	1013	43597
悲しい	1014	26097
たとえ	1015
受け入れる	1016	66187
どうしよう	1017
味	1018	44291
迷う	1019	45200
手に入れる	1020	111063
どんどん	1021
関係ない	1022	106859
秘密	1023	35900
部	1024
例	1025	111293
いずれ	1026
それにしても	1027
包む	1028	14794
川	1029	205301
着く	1030	2301
明らか	1031	12583
そのもの	1032
地	1033
える	1034
願う	1035	22860
位置	1036	36990
方向	1037	48685
戻す	1038	15000
一部	1039	96633
客	1040	57690
薄い	1041	10989
よろしい	1042
調子	1043	51493
迎える	1044	27798
流す	1045	31287
新た	1046	24895
平気	1047	29586
外す	1048	8988
かもしれません	1049
改めて	1050	5984
どれだけ	1051
進める	1052	37001
において	1053
うるさい	1054
去る	1055	4785
腹	1056	14690
それ以上	1057	189935
くせに	1058
たまに	1059
と思われる	1060	72092
間違う	1061	20789
実際	1062	36684
皆さん	1063	18884
悩む	1064	42481
迫る	1065	20996
まだまだ	1066
第一	1067	25299
友人	1068	165531
練習	1069	79085
と同時に	1070	146889
まさに	1071
疑う	1072	43082
目指す	1073	22392
右	1074	56682
消す	1075	20400
気に入る	1076	128406
払う	1077	14686
性格	1078	234789
それまで	1079
かつて	1080
遠く	1081	62388
今後	1082	100468
発見	1083	87287
ことがない	1084
同じよう	1085	40597
希望	1086	78364
ついに	1087
集中	1088	153317
万	1089	37194
効果	1090	40486
意見	1091	54992
何より	1092	4296
そのこと	1093
息子	1094	45997
訪れる	1095	31700
であれば	1096
証拠	1097	42997
一日	1098	76696
月	1099
遠慮	1100	53896
時	1101
名	1102	32902
数	1103	63397
実際に	1104	51798
暇	1105	12998
影響	1106	116994
相当	1107	21993
なし	1108
のせいで	1109
建物	1110	80006
ほぼ	1111
重要	1112	162923
せめて	1113
後悔	1114	66592
誰にも	1115	21299
いなくなる	1116
紹介	1117	77899
疑問	1118	117612
速い	1119	5680
抜く	1120	9592
楽	1121	17800
予想	1122	170511
超える	1123	16883
努力	1124	122048
円	1125	61791
立派	1126	18899
一方	1127	31282
確実	1128	143861
当時	1129
妻	1130	22595
通う	1131	28601
流れ	1132	59684
責任	1133	99127
偶然	1134	59899
作業	1135
運命	1136	96930
どの	1137
伸びる	1138	12780
下がる	1139	12893
気をつける	1140	106002
可能	1141	70783
支える	1142	29187
非常	1143	46295
一歩	1144	81757
最も	1145	3401
確かめる	1146	18189
乗せる	1147	5399
お話	1148	32483
常に	1149	18083
通じる	1150	65196
得意	1151	44100
二度と	1152	196138
関わる	1153	7586
あんなに	1154
成長	1155	208234
遅れる	1156	7196
本来	1157	97004
きり	1158
注意	1159	103192
夏	1160	23290
取れる	1161	97996
計画	1162	102383
直す	1163	6495
問う	1164	2664
役	1165	22008
その日	1166	143392
にしても	1167
解決	1168	127531
扱う	1169	30699
重ねる	1170	29293
ものがある	1171
混乱	1172	109523
案内	1173	66886
寒い	1174	35079
罪	1175	43291
事態	1176
行為	1177
とともに	1178
に向けて	1179	28099
いつまでも	1180
中心	1181	91134
条件	1182	114899
屋	1183
左	1184	61897
型	1185	21100
展開	1186	150760
残り	1187	42396
量	1188	97609
その中	1189	16784
一切	1190	12984
迷惑	1191	59280
古い	1192	45890
結ぶ	1193	25187
別れる	1194	85144
というより	1195
抑える	1196
といい	1197
番	1198
楽しみ	1199	39081
日々	1200	154055
年	1201	111793
間	1202	15203
気	1203	629
下	1204	2363
間違い	1205	20590
なお	1206
その人	1207	28586
頼る	1208	33191
目立つ	1209	43791
苦労	1210	38987
ごと	1211
信用	1212	165310
唯一	1213	68893
寄る	1214
減る	1215	15690
間に合う	1216	41894
到着	1217	101629
面	1218	39889
差	1219
時には	1220	2335
価値	1221	70698
対応	1222	235838
額	1223	19982
含む	1224	20698
まとめる	1225
すべき	1226
有名	1227	108179
反対	1228	61989
安全	1229	91439
でる	1230
ついてる	1231
ぶり	1232
午後	1233	19794
切れる	1234	97147
活動	1235	199341
時期	1236
際	1237	7685
正確	1238	119758
以来	1239	50197
大きくなる	1240	59698
完成	1241	50997
なり	1242
貸す	1243	7696
新	1244
たった	1245
降る	1246	188301
最後まで	1247	66780
狭い	1248	16596
出かける	1249	22297
至る	1250	5895
でもある	1251
一生	1252	86336
信頼	1253	130926
不満	1254	112102
といえば	1255
全体	1256	40299
よる	1257
病気	1258	80601
複雑	1259	101380
代	1260
含める	1261	32792
違い	1262	16395
ほか	1263
育てる	1264	72696
ままに	1265
少しでも	1266	36391
にくい	1267
保つ	1268	39390
回	1269	40901
通す	1270	23894
役に立つ	1271	105880
学ぶ	1272	55992
このよう	1273
比べる	1274	23396
限る	1275	17195
対象	1276
度	1277
そのうち	1278
世の中	1279	96369
加える	1280
亡くなる	1281
最大	1282	153144
人気	1283	117119
及ぶ	1284	16390
将来	1285	87729
種類	1286	131496
半	1287
苦しむ	1288	76281
訴える	1289	55582
ずつ	1290
たつ	1291
関する	1292	65679
決定	1293	92466
なくす	1294
分ける	1295	11999
いわゆる	1296
にかけて	1297
よな	1298
視線	1299
嬉しい	1300	1615
ねえ	1301
出来る	1302	94
ダメ	1303
見つめる	1304	17584
全て	1305	615
少女	1306	195150
扉	1307	33493
わたし	1308
もしかして	1309
俺たち	1310	74193
瞳	1311	20582
先輩	1312	17999
皆	1313	178
奴	1314	555
はあ	1315
五	1316
慌てる	1317	4897
街	1318	15294
達	1319	107
というか	1320
なんだか	1321
攻撃	1322	65184
なぁ	1323
妹	1324	45496
じゃん	1325
立ち上がる	1326	60894
唇	1327	15698
はっ	1328
ねぇ	1329
震える	1330	11994
浮かべる	1331	19394
可愛い	1332	1419
気付く	1333	55691
あー	1334
両手	1335	110592
んん	1336
身体	1337	5485
すみません	1338
三人	1339	235730
お母さん	1340	10488
眺める	1341	11086
何だ	1342	462
ドア	1343
床	1344	24684
かい	1345
やがる	1346
ベッド	1347
少年	1348	196247
そりゃ	1349
森	1350	60586
わけじゃない	1351
ひとつ	1352
倒す	1353	25076
構う	1354	2253
響く	1355	18574
あの子	1356	163263
笑み	1357	45596
謝る	1358	14371
振り返る	1359	19692
かよ	1360
仕方ない	1361	4895
やがて	1362
我々	1363	5795
口にする	1364	120978
バカ	1365
ふと	1366
肉	1367	25389
まい	1368
地面	1369	103132
えっと	1370
何で	1371	484
お父さん	1372	11288
叩く	1373	4194
そっか	1374
見上げる	1375	54480
声をかける	1376	158843
全身	1377	292748
連中	1378	104757
さま	1379
戦い	1380	45689
告げる	1381	31383
気配	1382	38394
と共に	1383	1178
そっと	1384
廊下	1385	26088
取り出す	1386	21693
影	1387	44789
色々	1388	814
噂	1389	8985
四	1390	181453
兄	1391	21189
怒り	1392	168239
嘘	1393	2769
生徒	1394	62087
相変わらず	1395	12992
浮かぶ	1396	23893
そうですね	1397
傷	1398	35396
痛み	1399	53391
放つ	1400	21591
体	1401	274038
なのです	1402
背後	1403	290110
闇	1404	20099
おう	1405
普段	1406	7798
綺麗	1407	1774
手紙	1408	61887
下さる	1409	946
かのように	1410
電話	1411	71484
じっと	1412
お願いします	1413	31999
だからこそ	1414
挨拶	1415	7595
テーブル	1416
かね	1417
無駄	1418	19985
かわいい	1419
王	1420
さっさ	1421
２人	1422	3187
村	1423
触る	1424	8789
六	1425
駄目	1426	1474
巨大	1427	131145
光景	1428	99126
多分	1429	1447
黒	1430	19886
ござる	1431
石	1432	23589
だよね	1433
おそらく	1434
二つ	1435	5491
付き合う	1436	4185
肌	1437	35293
武器	1438	43195
当てる	1439	4382
椅子	1440	19390
そいつ	1441
無い	1442	29
恐怖	1443	87153
おいしい	1444
命令	1445	96499
本当に	1446	6196
たぶん	1447
いったい	1448
す	1449
マジ	1450
口を開く	1451	271907
匂い	1452	4579
格好	1453	18590
そうね	1454
頬	1455	8699
っていう	1456
クラス	1457
いやいや	1458
それじゃ	1459
尋ねる	1460	8790
うわ	1461
犬	1462	33889
もはや	1463
階段	1464	85824
そう言う	1465	253
いいえ	1466
もしかしたら	1467
机	1468	65089
先ほど	1469	9098
ゲーム	1470
勝負	1471	68500
そうそう	1472
本物	1473	28490
だめ	1474
レベル	1475
真剣	1476	65986
七	1477	13298
星	1478	25790
まずい	1479
教室	1480	132154
いま	1481
そのとき	1482
鋭い	1483	20292
あたり	1484
口調	1485
姉	1486	18996
似合う	1487	10986
方がいい	1488	1849
ちなみに	1489
揺れる	1490	18577
話しかける	1491	97821
あるいは	1492
視界	1493
そうだね	1494
限界	1495	72293
作戦	1496	111862
頭を下げる	1497	152131
申す	1498	14795
お互い	1499	26300
なんじゃ	1500
は	1501
家	1502
既に	1503	723
取り戻す	1504	31487
右手	1505	135535
女子	1506
ばっかり	1507
白	1508	196937
猫	1509	19097
馬鹿	1510	3788
適当	1511	40098
そば	1512
なんでも	1513
一言	1514	15780
心臓	1515	259055
なぜか	1516
酒	1517	137610
いいか	1518
違いない	1519	9693
魂	1520	35897
空間	1521	169186
真面目	1522	9295
たる	1523
お礼	1524	94909
薬	1525	29896
お茶	1526	74654
味方	1527	60089
炎	1528	42086
タイミング	1529
両親	1530
様に	1531	77
荷物	1532	77332
それら	1533
細い	1534	32491
警戒	1535
鍵	1536	26039
飛び出す	1537	31993
膝	1538	11400
ほどに	1539
何とか	1540	857
というのに	1541
興奮	1542	42183
褒める	1543	10498
我が	1544	5699
指示	1545	109447
弟	1546	69291
っていうか	1547
わずか	1548
十	1549	26295
舌	1550
鳴る	1551
穴	1552	4983
そちら	1553
タイプ	1554
随分	1555	1592
差し出す	1556	27595
やら	1557
八	1558	23887
ども	1559
閉じる	1560	24792
光る	1561	29482
勘違い	1562	57399
警察	1563	104660
何でも	1564	1513
伸ばす	1565	9984
それに	1566
冷静	1567	131841
第	1568	10601
頂く	1569	327
怪しい	1570	13996
馬	1571	28191
衝撃	1572	142629
城	1573
巻き込む	1574	37880
多少	1575	111946
同士	1576	15592
って言う	1577	1456
そのよう	1578
恋人	1579	74575
てる	1580
気がつく	1581	111043
病院	1582	87742
回す	1583	6200
わけない	1584
汗	1585	34190
開始	1586	94997
それで	1587
まとも	1588
青い	1589	35282
押さえる	1590	10298
超	1591	45279
ずいぶん	1592
提案	1593	168228
悔しい	1594	15895
一本	1595	91311
室	1596
ってのは	1597
ど	1598
真実	1599	135879
研究	1600	98879
人	1601
いや	1602
身体	1603
背	1604
いつの間にか	1605	6092
我	1606	9589
扱い	1607	31500
回復	1608	63792
どうでもいい	1609
知識	1610	102939
恋	1611	19697
抵抗	1612	96442
ぜ	1613
犯人	1614	119834
うれしい	1615
天	1616	13785
広げる	1617	14996
に関して	1618	64595
付く	1619	414
文字	1620	31697
苦手	1621	68597
引っ張る	1622	14982
解放	1623
ともかく	1624
箱	1625	36099
追いかける	1626	62188
真っ赤	1627	22097
見事	1628	20189
ほんと	1629
絵	1630
でございます	1631
あああ	1632
おはよう	1633
嫌う	1634	30597
破壊	1635	207111
壊れる	1636	22087
拾う	1637	28487
今夜	1638	68885
囲む	1639	23891
知り合い	1640	93847
単純	1641	132209
船	1642	44599
中身	1643	54692
系	1644
とんでもない	1645
なりに	1646
辺り	1647	1484
完璧	1648	63799
脱ぐ	1649	14087
全力	1650	142019
無言	1651
へえ	1652
門	1653	190801
仲良く	1654	43782
技術	1655	160110
それじゃあ	1656
殴る	1657	25889
大量	1658	117557
沈黙	1659	118750
感触	1660	272823
思考	1661
どころか	1662
試す	1663	36696
島	1664	25297
ということだ	1665
言い方	1666	58295
会社	1667	112508
経つ	1668	1291
やっぱ	1669
趣味	1670	76271
張る	1671	7397
主	1672	24080
紙	1673	47198
隙	1674	10376
何者	1675
ふん	1676
いよいよ	1677
従う	1678	36488
異常	1679	168766
中央	1680	119561
久しぶり	1681	21296
正体	1682
長	1683
戦争	1684	70194
穏やか	1685	17181
なんとなく	1686
左右	1687	168921
吸う	1688	4980
柔らかい	1689	8693
構える	1690	17589
ただし	1691
赤	1692	199916
授業	1693	104577
ゆく	1694
式	1695	37588
何もない	1696	9284
そんなもの	1697
しれる	1698
不可能	1699	191391
投げる	1700	72177
ほう	1701
なあ	1702
洗う	1703	33492
見守る	1704	83878
焼く	1705	18569
天井	1706	53082
鳥	1707
思いつく	1708	88367
あっさり	1709
男の子	1710	91424
雪	1711	56397
ふざける	1712
確信	1713	280659
イメージ	1714
わけにはいかない	1715
この世	1716
悲鳴	1717	90463
辛い	1718	2034
こ	1719
話題	1720	181311
認識	1721	253965
振り向く	1722	24699
あまりにも	1723
申し訳ない	1724	62991
わあ	1725
化する	1726
焦る	1727	17998
問題ない	1728	136021
突っ込む	1729	11584
制服	1730
やってみる	1731
もうすぐ	1732
驚き	1733	31788
許可	1734	90699
映る	1735
壊す	1736	22777
きちんと	1737
あっち	1738
裏切る	1739	73775
人形	1740	76390
鼻	1741	189837
謎	1742	14291
その間	1743	17293
二十	1744	43393
了解	1745	56600
発言	1746	225623
その手	1747
大した	1748	5689
組む	1749	5073
手段	1750	141180
最悪	1751	86979
呼び出す	1752	74972
ありがたい	1753
誤解	1754	206190
メートル	1755
訳	1756	154
吐く	1757	69499
告白	1758	167349
喉	1759	10491
転がる	1760	22089
旅	1761	98501
見た目	1762	127276
バレる	1763
濡れる	1764	14788
呼吸	1765	97222
素晴らしい	1766	4699
出来事	1767	24594
行ってくる	1768	5682
同様	1769	202348
受け止める	1770	52588
少しずつ	1771	32692
実に	1772	18993
自覚	1773	151181
きれい	1774
見送る	1775	116502
参る	1776	2592
爆発	1777	83733
動揺	1778	205201
着替える	1779	81967
解く	1780	25202
連れてくる	1781	23686
増す	1782
自体	1783	53389
東	1784	59892
ぼんやり	1785
どうにか	1786
となると	1787
とはいえ	1788
精神	1789
さっきから	1790
飛ばす	1791	23997
文句	1792	77606
踏む	1793	10901
時点	1794
発生	1795	180467
あとで	1796
付ける	1797	316
つかむ	1798
沈む	1799	42694
と同じように	1800	46888
内	1801	180
抱く	1802	2978
傷つける	1803	77763
掃除	1804	31892
ころ	1805
二人とも	1806	9898
はじめる	1807
道具	1808	79862
現場	1809	81452
春	1810	41190
歴史	1811	108358
依頼	1812	194021
足音	1813	49894
術	1814	61494
全	1815
たまる	1816
手にする	1817	125030
一枚	1818	115236
チャンス	1819
第二	1820	189513
ついでに	1821
思い出	1822	92234
歌	1823	17257
覆う	1824	3091
庭	1825	32180
ただいま	1826
応える	1827
だい	1828
ありがとうございました	1829
恐れる	1830	23291
毒	1831	17301
騒ぐ	1832	22997
背負う	1833	63897
あまりに	1834
大学	1835	98738
みな	1836
底	1837	287801
ぶつかる	1838
素敵	1839	8500
少々	1840
がな	1841
微妙	1842	97088
担当	1843	128015
お店	1844	88693
怪我	1845	7892
ひとり	1846
同じく	1847	42094
例えば	1848	2482
ほうがいい	1849
三十	1850	131284
直後	1851	217405
調査	1852	226124
今年	1853	7974
応援	1854	76510
使用	1855	41397
言いながら	1856	13394
早速	1857	3600
玄関	1858	80896
満ちる	1859	19391
予感	1860	121572
心の中	1861	115438
片手	1862	130190
逃げ出す	1863	68300
速度	1864	237253
飛び込む	1865	28583
探る	1866	14299
こら	1867
刺激	1868	52684
物語	1869	60092
男子	1870	260350
ありがと	1871
もしも	1872
いいや	1873
硬い	1874	12184
かあ	1875
ひと	1876
印象	1877
感	1878
願い	1879	55199
いくつか	1880
にしては	1881
夫	1882	105201
意志	1883	26697
あくまで	1884
魚	1885	24391
もともと	1886
勝利	1887	113576
意思	1888
もっとも	1889
こうする	1890
察する	1891	64891
太陽	1892	65382
ますます	1893
歌う	1894	11589
大体	1895	2100
才能	1896	132136
と思ったら	1897	94000
はずがない	1898
果たす	1899	29687
選択	1900
並べる	1901	21696
とっても	1902
なか	1903
名乗る	1904	29097
東京	1905	105901
味わう	1906	69796
燃える	1907	42485
自分でも	1908	107837
真似	1909	6889
越える	1910	16883
左手	1911	169028
懐かしい	1912	13695
パン	1913
入り口	1914	91326
部下	1915	28594
間に	1916	8800
鬼	1917	24086
幼い	1918	55082
間違える	1919	26880
一度も	1920	59796
組	1921	39881
ほんの	1922
下げる	1923	10088
偉い	1924	3698
捕まえる	1925	7446
漂う	1926	19589
鏡	1927	35083
笑い	1928	58197
香り	1929	30485
この前	1930	47592
優秀	1931	128321
込める	1932	5481
発する	1933	52789
機	1934
はずです	1935
会	1936
あいつら	1937
たっぷり	1938
わざと	1939
崩れる	1940	21281
いいこと	1941
証明	1942
支配	1943	113729
潰す	1944	6790
様々	1945	2961
感心	1946	85956
姿勢	1947	71279
先日	1948	211921
今すぐ	1949	16698
土地	1950	40483
神様	1951	43085
あらゆる	1952
いろんな	1953
地下	1954	23884
承知	1955	62888
に置いて	1956	1053
挟む	1957	10791
年齢	1958	254751
とおり	1959
西	1960	13684
事故	1961	47589
やって来る	1962	757
訓練	1963	113736
学生	1964	152579
用事	1965	53985
一年	1966	125165
捜す	1967	10586
組織	1968	153030
地上	1969	98112
責める	1970	108439
わけがない	1971
なす	1972
固い	1973	12184
おいおい	1974
すっごい	1975
防ぐ	1976	35887
祈る	1977	57474
整える	1978	24499
帰り	1979	30498
温かい	1980	9944
把握	1981	73983
覗く	1982	3992
九	1983	44896
込む	1984	4273
笑い声	1985	184215
音がする	1986	149712
効く	1987	5203
冬	1988	44787
ように言う	1989	19677
漏れる	1990	11585
勇気	1991	37199
預ける	1992	19788
仕方がない	1993	10699
表現	1994	280159
テレビ	1995
揃う	1996	4197
記録	1997	137615
育つ	1998	53889
まくる	1999
好きになる	2000	66885
とる	2001
金	2002	22789
なり	2003
宣言	2004	244161
体力	2005	153933
絶望	2006	165360
まっすぐ	2007
よろしくお願いします	2008	37683
もうちょっと	2009
ご飯	2010	5198
秒	2011	41987
空く	2012	3980
吹く	2013	14376
強引	2014	107354
百	2015	41587
平和	2016	100402
甘える	2017	49097
だけでなく	2018
数日	2019	258257
骨	2020	60797
だの	2021
情けない	2022	36581
決意	2023	150922
知れる	2024	1698
言い訳	2025	5988
下りる	2026	719
観察	2027	117446
きつい	2028
袋	2029	41698
違和感	2030	211500
おっしゃる	2031
その通り	2032	4294
氷	2033	79032
つらい	2034
北	2035	51883
出て行く	2036	58899
寄せる	2037	16100
しょうがない	2038
端	2039	42901
メンバー	2040
助け	2041	41617
布	2042	54491
どうしようもない	2043
丁寧	2044	19790
土	2045	34300
たまたま	2046
だいぶ	2047
下手	2048	27380
永遠	2049	105911
評価	2050	99572
景色	2051
いくらでも	2052
１人	2053	1846
びっくり	2054
掛ける	2055	202
固まる	2056	23198
美人	2057	117337
だらけ	2058
地獄	2059	70478
今に	2060	13688
この先	2061	134881
外れる	2062	13897
翌日	2063
小	2064	6296
埋める	2065	45887
動物	2066	63095
隙間	2067	26586
いかが	2068
油断	2069	50797
貫く	2070	32293
線	2071	51401
申し訳ありません	2072	60293
続き	2073	21687
ついている	2074
何だか	2075	1321
氏	2076
刺す	2077
見かける	2078	47697
控える	2079	24392
靴	2080	14979
特殊	2081	152022
主人	2082	106899
つ	2083
目標	2084	152657
みたいです	2085
やり方	2086	54394
傷つく	2087	97145
教師	2088	267822
他にも	2089	7582
青	2090	21592
泳ぐ	2091	58689
騒ぎ	2092	31580
届ける	2093	33687
おかげ	2094
派手	2095	55598
崩す	2096	26594
仕掛ける	2097	7486
からこそ	2098
本日	2099	168694
だいたい	2100
力	2101	55197
実力	2102	183003
踊る	2103	28991
次第	2104	11297
雲	2105
たびに	2106
捕まる	2107	6596
破る	2108	24298
巻く	2109	17481
もう一つ	2110	5397
役目	2111	112074
３人	2112	235730
自慢	2113	55884
今でも	2114	19188
駅	2115	22000
要求	2116	131998
高校	2117
手を出す	2118	284489
そしたら	2119
ぶつける	2120
範囲	2121	114273
戦	2122
どっか	2123
その上	2124	20596
と言い	2125	1197
顔色	2126	110708
音楽	2127	130821
映画	2128	71191
仮に	2129	29583
鉄	2130	25190
今朝	2131	18292
プレゼント	2132
自分から	2133	88203
ついてくる	2134
あがる	2135
追いつく	2136	67176
環境	2137	142919
主張	2138	266664
染まる	2139	45389
注ぐ	2140	19184
奇妙	2141	69791
正解	2142	58994
満たす	2143	35882
暴れる	2144	30888
宿	2145	49793
つくる	2146
慎重	2147	97246
閉める	2148
表	2149	18488
大勢	2150	43188
促す	2151	15493
と言えば	2152	1255
心から	2153	85587
暑い	2154	24801
持ち上げる	2155	42296
蹴る	2156	5697
折れる	2157	104696
終了	2158
台	2159	24101
昼	2160	22503
いかにも	2161
安い	2162	42601
出発	2163	104041
機能	2164	75164
言い出す	2165	39385
南	2166	37883
管理	2167
性	2168
純粋	2169	161499
こっそり	2170
草	2171	25692
卒業	2172	163963
契約	2173	203635
基本的	2174	269229
からかう	2175
作品	2176	309423
ふる	2177
ショック	2178
あう	2179
なんでもない	2180
目覚める	2181	52291
夕方	2182	116845
爪	2183	13700
確保	2184	151247
生き物	2185	55494
現状	2186	108175
照らす	2187	40181
たら	2188
糸	2189	28804
時々	2190	6288
幸い	2191	25781
やあ	2192
足元	2193	70890
せいか	2194
枚	2195	48201
連れて行く	2196	24092
緑	2197	17586
次々	2198	34599
社会	2199	176549
感動	2200	210509
字	2201
堂々	2202	21900
突く	2203	17101
トイレ	2204
といっても	2205
収まる	2206	7336
濃い	2207	24188
あえて	2208
子ども	2209	22895
命じる	2210	109179
しゃべる	2211
買い物	2212	73994
あちこち	2213
こんにちは	2214
不幸	2215	186257
虫	2216	47397
ひたすら	2217
橋	2218
述べる	2219	20685
からって	2220
具合	2221	30082
おかしな	2222
刻む	2223	39498
かく	2224
舞台	2225	99040
教育	2226	148322
生	2227	20295
返る	2228	14477
ものである	2229
機械	2230	218135
にて	2231
細かい	2232	30892
ったら	2233
だからって	2234
徐々に	2235	52798
田	2236
最低	2237	103897
発表	2238	193857
施設	2239	130265
恋愛	2240	147986
三つ	2241	27689
品	2242
法	2243
集団	2244	248604
脳	2245
太い	2246	51583
夫婦	2247	66100
浮く	2248	12930
顔を出す	2249	249010
おっと	2250
千	2251
渡る	2252	5990
かまう	2253
指摘	2254
隅	2255	30391
圧倒的	2256	210141
招く	2257	41589
うまくいく	2258
具体的	2259	189063
監視	2260	67882
喜び	2261	25176
ルール	2262
生きていく	2263	132468
声を出す	2264	191710
譲る	2265	23578
派	2266
男女	2267	132426
仲	2268	12501
最中	2269	76236
交渉	2270	218660
内部	2271	289972
時に	2272	998
波	2273	60880
実家	2274	148767
説得	2275	152125
会場	2276
ある程度	2277	66694
１つ	2278	1352
結論	2279	301404
被害	2280	142971
逃がす	2281	62483
素早い	2282	11693
間もない	2283	5991
とっくに	2284
書類	2285	163678
必要ない	2286	153921
共に	2287	2948
というのも	2288
半ば	2289	15292
何もかも	2290	9791
浴びる	2291	28189
望み	2292	27483
生える	2293	29182
導く	2294	38993
個人	2295
代表	2296	106261
放っておく	2297	29180
治療	2298	128024
直前	2299	200934
悟る	2300	28885
つく	2301
操作	2302	14692
ほっと	2303
岩	2304	14090
やる気	2305	85830
単に	2306	21200
感想	2307
割れる	2308	17397
ものすごい	2309
狂う	2310	25493
下ろす	2311	6290
礼	2312	31485
積む	2313	7577
生み出す	2314	110490
容赦	2315	62989
そうすれば	2316
お客さん	2317	95791
あっという間に	2318	22892
整う	2319	34780
稼ぐ	2320	35597
親しい	2321	76217
とのこと	2322
映像	2323	243066
残念ながら	2324	88986
会議	2325	112462
持っていく	2326	19676
去年	2327	139567
夢中	2328	52389
うえ	2329
反省	2330	117959
よほど	2331
捉える	2332	6390
接する	2333	94979
資料	2334	128869
ときには	2335
正面	2336	121990
この間	2337	16989
厄介	2338	9891
預かる	2339	13294
増やす	2340	46089
時計	2341	85591
鳴らす	2342	16785
煙	2343	38596
交わす	2344	9733
達する	2345	88636
どうにも	2346
歯	2347
だったり	2348
休み	2349	59097
移す	2350	17186
いかん	2351
誓う	2352	56381
おいで	2353
つながる	2354
に対し	2355	256675
久しぶりに	2356	31088
休憩	2357	107068
重なる	2358	43600
異なる	2359	50389
段階	2360	213560
逃れる	2361	25173
もういい	2362
もと	2363
登場	2364	94699
伏せる	2365	31196
周辺	2366	296925
目を覚ます	2367	211997
人数	2368
移る	2369
落ち込む	2370	71794
気にしない	2371	128243
設定	2372	232553
一回	2373	85910
辞める	2374
侵入	2375
世間	2376	90871
仕方	2377	7900
居場所	2378	143960
互いに	2379	26599
盛り上がる	2380	49885
発	2381	28397
都合	2382	44397
だんだん	2383
おや	2384
んな	2385
盗む	2386	35791
お世話になる	2387	85368
処理	2388	104073
絡む	2389	15386
号	2390
内側	2391	97028
もう一人	2392	10994
無意識	2393	177379
湧く	2394
年間	2395
奇跡	2396	84543
こりゃ	2397
治る	2398
医者	2399	49591
手に入る	2400	206868
強力	2401
一時	2402	77808
一週間	2403	164417
接触	2404	165558
お話し	2405	32483
屋根	2406	68794
自分自身	2407	271054
各	2408
個	2409
同意	2410	54299
角	2411	30288
覚え	2412	28298
実感	2413	168377
公園	2414	78833
無	2415
ですら	2416
かつ	2417
計算	2418	114622
いまだ	2419
大声	2420	147800
乱暴	2421	63889
荒い	2422	115216
基本	2423	238532
世	2424
縁	2425	26783
なるべく	2426
詰まる	2427	2806
三日	2428	34783
加わる	2429	54780
さっぱり	2430
縛る	2431	21578
何年	2432	78295
強化	2433	193359
データ	2434
謝罪	2435	205984
いちいち	2436
登る	2437	5893
一斉に	2438	13891
ぜひ	2439
材料	2440	124288
しようとする	2441
ちょうだい	2442
掲げる	2443	19288
常識	2444	279260
権利	2445	227051
昼間	2446	71692
合図	2447	59295
飾る	2448	30075
ホテル	2449
誰でも	2450	27881
だっけ	2451
両	2452	18299
意図	2453	7971
一生懸命	2454	43695
つまらない	2455
溶ける	2456	69691
運動	2457	74288
見逃す	2458	99866
もたらす	2459
負う	2460	35501
正式	2461	164543
どうかした	2462
実	2463	28891
何人	2464	234153
とうとう	2465
市	2466
いくつも	2467
以下	2468
貴重	2469	72298
放す	2470	18084
通常	2471	231007
上る	2472	5893
禁止	2473	161492
実験	2474	97684
約	2475	50502
してやる	2476
晴れる	2477	46200
遊び	2478	46092
連続	2479	149185
狙い	2480	27990
ページ	2481
たとえば	2482
くだる	2483
産む	2484	15996
力強い	2485	184103
注文	2486	60485
どこにも	2487
とすると	2488
倍	2489	22344
野	2490
乗り込む	2491	57498
というと	2492
同情	2493	92786
楽しみにする	2494	79876
こなす	2495
秋	2496	21902
尊敬	2497	112232
復活	2498	107435
上手	2499	35283
における	2500
中	2501	14387
大	2502	5302
生	2503	30701
聴く	2504	2585
ごく	2505
解ける	2506	16388
おとなしい	2507
手足	2508	131119
野菜	2509	78522
だもの	2510
となれば	2511
尽くす	2512	6300
整理	2513	104037
日常	2514	255897
好み	2515	64381
どこまでも	2516
汚れる	2517	32394
泊まる	2518	104169
放置	2519	192926
対策	2520
食べ物	2521	57679
何でもない	2522	2180
いかに	2523
ごとに	2524
そっくり	2525
複数	2526	287272
いいね	2527
過ぎ	2528	1012
浅い	2529	61392
若者	2530	85522
呼びかける	2531	56286
嫉妬	2532	35694
眠い	2533	23899
拭く	2534	13282
理想	2535	43183
手前	2536	38190
優先	2537	217067
づらい	2538
活躍	2539	127280
と言っても	2540	2205
発揮	2541	69886
半年	2542	132359
のんびり	2543
話し合う	2544	115503
交換	2545	72291
いったん	2546
痛む	2547	14190
向き合う	2548	71990
近寄る	2549	91316
開発	2550	170490
逆らう	2551	38487
拍手	2552	95450
柱	2553	70794
種	2554
がたい	2555
によると	2556
その先	2557	60486
単なる	2558	38185
気味	2559	45084
でさえ	2560
犠牲	2561	79003
どおり	2562
訪ねる	2563	64981
引き受ける	2564	42494
詰める	2565	11259
資格	2566
チェック	2567
に似て	2568	208798
ある日	2569	77316
玉	2570	15204
愚か	2571
せいぜい	2572
癖	2573	6293
散る	2574	12385
維持	2575	143641
よっぽど	2576
案外	2577	50395
散歩	2578	57580
注目	2579	185405
お互いに	2580	32194
時間がかかる	2581	194241
今のところ	2582	21992
両方	2583	122176
便利	2584	89493
きく	2585
かねない	2586
代わる	2587
不自然	2588	165948
どのよう	2589
転ぶ	2590	33391
恨む	2591
まいる	2592
一般	2593	105900
乱れる	2594	37996
前後	2595	119533
どうしたん	2596
までもない	2597
生じる	2598	231373
伺う	2599
聞かす	2600	43395
以降	2601	68579
引きずる	2602	24692
びっくりした	2603
兄弟	2604	17180
体験	2605	102978
ものになる	2606
自宅	2607	75669
強烈	2608	205165
なさそう	2609
電車	2610	125347
所属	2611	241857
今では	2612	21488
たび	2613
ところへ	2614
応じる	2615	127652
陥る	2616	32695
始末	2617	60687
乾く	2618	34697
真ん中	2619	26688
ポイント	2620
旅行	2621	102961
でして	2622
退屈	2623	52595
指す	2624
除く	2625
生命	2626	103979
手伝い	2627	105811
飽きる	2628	27093
かぶる	2629
そのあと	2630
魅力	2631	109325
乗り越える	2632	60192
役割	2633	142557
飯	2634	21192
犯す	2635	28687
葉	2636
持ち主	2637	98158
根	2638
きっかけ	2639
苦痛	2640	210472
悲しみ	2641	51835
丸	2642	10995
これら	2643
方々	2644	31997
もったいない	2645
疑い	2646	53881
危機	2647	55702
選択肢	2648	274898
特徴	2649	152975
汚い	2650	27484
停止	2651	194502
一杯	2652	743
くっつく	2653
伴う	2654	15989
変更	2655	139681
に比べ	2656	30089
数える	2657	36291
ゼロ	2658
等	2659
挙げる	2660	191
勘弁	2661	41897
事前	2662	191857
いっそ	2663
とう	2664
証	2665	33583
跡	2666	63301
実行	2667	247384
抜け出す	2668	51793
相手にする	2669	106685
次第に	2670	16996
勝ち	2671	30984
化	2672
対	2673	99199
一方的	2674	223152
酔う	2675	11201
ふう	2676
商品	2677
上下	2678	162298
惜しい	2679	14635
おめでとう	2680
下る	2681	2483
かと思うと	2682	65396
初	2683
順調	2684	229710
優れる	2685	13687
誇る	2686	34288
調整	2687	152197
対処	2688	237502
夢を見る	2689	136389
二度	2690
困難	2691	19093
グループ	2692
バランス	2693
追加	2694	104276
割る	2695	12481
雇う	2696	42397
愛情	2697	115091
がち	2698
服装	2699
スピード	2700
たまる	2701
主に	2702	34594
べく	2703
豊か	2704	32291
悩み	2705	62995
棚	2706	18198
あたる	2707
感じがする	2708	92227
を通して	2709	35588
この手	2710	311106
保証	2711
設置	2712	160985
近所	2713	124775
再開	2714
ぴったり	2715
疲れ	2716	48496
体調	2717	243447
かなう	2718
対する	2719	41796
どちらも	2720
容易	2721	59390
できるだけ	2722
頭から	2723	94945
用いる	2724	58192
付近	2725	80136
筋	2726	23989
数字	2727	150980
務める	2728	12190
追い出す	2729	112184
施す	2730	22486
叱る	2731	11882
にしておく	2732
要素	2733	275550
安定	2734	178246
およそ	2735
アメリカ	2736
場面	2737	227945
一種	2738	121497
季節	2739	121666
こもる	2740
添える	2741	27777
にもかかわらず	2742
風景	2743	147251
かねる	2744
しつこい	2745
新聞	2746	117405
不明	2747	169074
今頃	2748	24192
かわいそう	2749
憎む	2750	51195
積極的	2751	209444
前回	2752	238763
真の	2753
成果	2754
に従って	2755	18395
収める	2756	13191
必要とする	2757	251665
保護	2758	44585
成立	2759	220805
日本人	2760	197191
下す	2761	9684
申し上げる	2762	74597
あちら	2763
評判	2764	103758
一面	2765	40195
関係者	2766	227367
ふさわしい	2767
個人的	2768	267117
うそ	2769
生かす	2770	33397
いつから	2771
入り込む	2772	43981
年上	2773	118968
最終的	2774
拒否	2775	200817
セット	2776
家庭	2777	107382
明確	2778	226267
特定	2779
出てくる	2780	35386
はるか	2781
そういうもの	2782
決断	2783	196464
欠ける	2784
地位	2785	9795
想定	2786
歓迎	2787	109388
曲がる	2788	42693
たって	2789
表面	2790	244070
不足	2791	120111
でないと	2792
２つ	2793	5491
近づける	2794	111750
提供	2795	242015
経過	2796	132467
熱心	2797	98871
出入り	2798	131035
処分	2799	196052
載る	2800	301294
下	2801
もと	2802
載せる	2803	5399
規模	2804	106849
意味がある	2805	189637
つまる	2806
詳細	2807	163407
何回	2808
うる	2809
地域	2810	209339
好む	2811	74829
悲しむ	2812	72684
よす	2813
始まり	2814	17482
親子	2815	45388
皮	2816	14020
備える	2817	89065
持ち込む	2818	55296
成績	2819	152938
指定	2820	143355
頼み	2821	218941
中には	2822	25695
一見	2823	83979
固める	2824	26095
この中	2825	36900
地方	2826	95270
世界中	2827	153496
念のため	2828	112324
大事にする	2829	79024
義務	2830	117746
世話	2831	35796
肝心	2832	35194
見に行く	2833	95838
塗る	2834	13995
なしに	2835
うっかり	2836
対抗	2837	83971
本格的	2838	204189
身につける	2839	168424
模様	2840	20296
おしまい	2841
発展	2842	109356
キロ	2843
記す	2844	37483
作り	2845	23081
ところから	2846
性質	2847	130138
どうしたらいい	2848
慰める	2849	23380
いざ	2850
分かれる	2851	16795
代わり	2852	7790
出会い	2853	118964
座	2854
入り	2855	71482
出身	2856
案	2857	252030
当初	2858
実現	2859	239692
文化	2860	123796
変わり	2861
一定	2862	95568
目に見える	2863
したる	2864
教わる	2865	79686
引き出す	2866	56991
かえって	2867
指導	2868
深刻	2869	115763
一般的	2870
表す	2871	16183
期間	2872
じっくり	2873
築く	2874	60075
精神的	2875
ほかに	2876
逃す	2877	43387
極めて	2878	10887
焼ける	2879	28743
敷く	2880	7876
負担	2881	166484
方針	2882	137065
小学校	2883	245005
争い	2884	78305
争う	2885	26583
賛成	2886	56096
経る	2887	17393
姿を見せる	2888	146145
取り上げる	2889	25885
というものは	2890
尽きる	2891	19378
新鮮	2892	82411
思い切る	2893	57389
ものなら	2894
持ち出す	2895	59384
重大	2896	250154
共有	2897	106773
勧める	2898	6223
いいところ	2899
暮らし	2900	42599
日	2901	30900
外	2902
大切にする	2903	89312
抗議	2904	280588
割	2905	6786
解釈	2906	110873
夜中	2907	64693
一致	2908	13969
健康	2909	78747
大いに	2910	30700
その他	2911	14682
にやっ	2912
余り	2913	318
社	2914
苦しみ	2915	88633
挑戦	2916	90480
何十	2917	120259
建てる	2918
高まる	2919	64686
よく言う	2920	34395
毎年	2921	43978
歩む	2922	53684
根拠	2923	136302
よそ	2924
数々	2925	69690
午前	2926	73093
高める	2927	84709
余地	2928
来年	2929	236869
足る	2930	7302
からには	2931
利益	2932	164335
つれる	2933
英語	2934	106677
最終	2935	129453
中でも	2936	16389
厚い	2937	12341
改める	2938	20888
ケース	2939
悪くなる	2940	53893
習う	2941
達成	2942	182718
前提	2943	192156
帰す	2944
減らす	2945	65488
つなぐ	2946
分析	2947	239328
ともに	2948
役立つ	2949	148906
一時的	2950	248317
長年	2951	151556
よくある	2952
生涯	2953
大胆	2954	51585
こうした	2955
こだわる	2956
共通	2957	207748
制限	2958	132456
質	2959	27387
多数	2960	267098
さまざま	2961
定める	2962	34792
外出	2963
徹底的	2964	185957
比較的	2965	206893
実際は	2966	87184
まとまる	2967
地元	2968	280347
恵まれる	2969	48196
経営	2970	194936
中止	2971	241828
検討	2972
働き	2973	42291
引き上げる	2974	41596
提出	2975	240584
非難	2976	190653
数年	2977
だく	2978
よくなる	2979
強める	2980	86498
専門	2981	111232
海外	2982	63891
向け	2983
行方	2984	36884
傾向	2985
ものにする	2986
以内	2987	64497
はじめ	2988
後半	2989
関連	2990	136712
議論	2991	130159
拡大	2992	266623
設ける	2993	34800
努める	2994	37600
出席	2995	257244
全国	2996	243228
背景	2997	168116
基準	2998	241661
どのように	2999
思うように	3000	142227
ふう	3001
身近	3002	191109
幅	3003	26092
強調	3004
見直す	3005	137060
占める	3006
はぁ	3007
あたし	3008
魔法	3009	49195
頷く	3010	3098
剣	3011
呟く	3012	3191
微笑む	3013	18797
ふふ	3014
撫でる	3015	6593
貴様	3016	18200
っす	3017
キス	3018
眼	3019
屋敷	3020	32089
居る	3021	18
美味しい	3022	1444
貴族	3023	127334
掴む	3024	1798
すいません	3025
顔を上げる	3026	237645
戦闘	3027	170021
貰う	3028	112
騎士	3029	53399
よー	3030
魔	3031
軍	3032	18199
魔力	3033	92145
撃つ	3034
王子	3035	60891
ああああ	3036
凄い	3037	481
更に	3038	599
獣	3039	33092
苦笑	3040	42200
デート	3041
呆れる	3042	6798
手を伸ばす	3043	196178
己	3044	5191
拳	3045	13989
指先	3046	113970
漏らす	3047	9800
喋る	3048	2211
悪魔	3049	73900
わたくし	3050
睨む	3051	6393
声を上げる	3052	151400
ふむ	3053
見開く	3054	58481
上手い	3055	740
お兄ちゃん	3056	10894
御	3057	277
お腹	3058	4190
何故	3059	345
溢れる	3060	4093
見下ろす	3061	75701
はは	3062
老人	3063	104467
一同	3064
死体	3065
為	3066	89
青年	3067	158606
学園	3068	288663
元々	3069	1886
口元	3070	75426
舐める	3071	4669
戸惑う	3072	22984
お姉ちゃん	3073	10097
ママ	3074
母さん	3075	33690
携帯	3076	115716
音を立てる	3077	250193
ははは	3078
姫	3079	26694
四人	3080	204836
一撃	3081	108977
殿	3082	10101
ヤツ	3083
お前ら	3084	9393
うわっ	3085
おれ	3086
抱きしめる	3087	47973
まぁ	3088
気持ちいい	3089	18583
ある人	3090	103833
おおう	3091
うわあ	3092
わし	3093
うむ	3094
ねー	3095
ホント	3096
さぁ	3097
うなずく	3098
くん	3099
おまえ	3100
ねぇ	3101
震わせる	3102	281005
首を振る	3103	209771
野郎	3104	25184
肉体	3105	118870
操る	3106	30598
っち	3107
恐らく	3108	1434
想い	3109	41186
フッ	3110
目を閉じる	3111	203252
ポケット	3112
馬車	3113	34676
撮る	3114
私達	3115	3783
ええっ	3116
ナイフ	3117
親父	3118	9088
ヤバい	3119
兵士	3120	268633
矢	3121
見回す	3122	71390
護衛	3123	131938
兵	3124	91091
ってば	3125
首を傾げる	3126	140019
酷い	3127	687
ちょっ	3128
今更	3129	6098
ドレス	3130
王国	3131	187273
あはは	3132
パパ	3133
手を振る	3134	224763
くそ	3135
怯える	3136	10190
飲み込む	3137	22382
程	3138	123
照れる	3139	30400
ノック	3140
戦場	3141
斬る	3142
内心	3143	143209
脚	3144	11089
技	3145	19388
スカート	3146
安堵	3147	50475
顎	3148	9143
メール	3149
最強	3150	84192
貴方	3151	121
脇	3152	9495
人類	3153	110182
お姉さん	3154	12900
囁く	3155	5580
騙す	3156	5082
とやら	3157
塊	3158	15798
呆然	3159	33395
チーム	3160
お菓子	3161
部隊	3162
訊く	3163	32402
発動	3164	203533
呪い	3165	60685
試合	3166	61698
でしたら	3167
槍	3168	186124
繋がる	3169	2354
やれやれ	3170
弾く	3171
僕たち	3172	13281
みたいだ	3173
なー	3174
僕ら	3175	13999
ええと	3176
気持ちよい	3177	32882
ホントに	3178
ていうか	3179
たしかに	3180
おはようございます	3181
おじさん	3182
お前たち	3183	10481
奴ら	3184	4386
ほんとに	3185
君たち	3186	19596
ふたり	3187
けれども	3188
ため息をつく	3189	68496
がんばる	3190
つぶやく	3191
立ち止まる	3192	86433
ことが出来る	3193	319
モノ	3194
ハッ	3195
アレ	3196
お嬢様	3197	70985
ため息	3198	42099
ぼく	3199
かなあ	3200
城	3201
伝説	3202	113416
銃	3203	74797
盾	3204	24245
駆け寄る	3205	34778
無数	3206	99946
喧嘩	3207	15399
通路	3208	236826
父さん	3209	55798
天使	3210	161088
可愛らしい	3211	8992
見渡す	3212	109495
地図	3213	82842
傍	3214	1512
大人しい	3215	2507
揺らす	3216	37196
困惑	3217
隊	3218	255239
イベント	3219
あのね	3220
吐き出す	3221	64287
目を向ける	3222	264320
昨夜	3223	8893
刀	3224	221923
気持ち悪い	3225	58299
回収	3226	143738
室内	3227	175721
脱出	3228	166814
竜	3229	20799
画面	3230	272452
銀	3231	25399
無茶	3232	18498
舞う	3233	10883
夕食	3234	243152
歪む	3235	12792
不意	3236	8397
刃	3237
布団	3238	24600
天才	3239	90491
唐突	3240	74086
手に取る	3241	236202
らしき	3242
メイド	3243
曲	3244	62900
親友	3245	127522
出現	3246	193579
風呂	3247	51881
任務	3248	268900
ドキドキ	3249
膨らむ	3250	11897
下着	3251	112479
奥さん	3252	64788
人影	3253	126708
翼	3254	47686
社長	3255	247634
ダメージ	3256
回避	3257	298088
大地	3258
染める	3259	38184
僅か	3260	1548
頭上	3261	217566
威力	3262	121885
遮る	3263	12781
振り回す	3264	36783
ったく	3265
言う通り	3266	30192
目を細める	3267
サイズ	3268
攻める	3269	46599
試験	3270	228399
不機嫌	3271	66194
鍛える	3272	52377
朝食	3273	189151
途端	3274	8900
地球	3275	86111
かもしれん	3276
食堂	3277	259857
気が付く	3278	111043
店員	3279
カード	3280
もしもし	3281
ぎゅっと	3282
一発	3283	78731
うんうん	3284
教会	3285
やばい	3286
フフ	3287
まえ	3288
お父様	3289	45793
こいつら	3290
子供たち	3291	70497
かなぁ	3292
問い	3293	245868
そりゃあ	3294
ガキ	3295
コーヒー	3296
ふふふ	3297
なんだと	3298
あなたたち	3299
押しつける	3300	34095
様	3301	6056
小説	3302	143316
眉	3303	19593
小声	3304	273796
拭う	3305	8980
防御	3306	96516
生き残る	3307	135824
皿	3308	17178
五十	3309	128639
バイト	3310
彼氏	3311	261834
筋肉	3312	106844
紅茶	3313	236903
衣装	3314	57298
突き出す	3315	30681
罠	3316	21794
片付ける	3317	34297
駆ける	3318
充分	3319	16284
被害者	3320
卵	3321	30832
何やら	3322	5297
カメラ	3323
混じる	3324	16498
空中	3325	146448
匹	3326	61384
生物	3327	227363
合流	3328	203594
足を止める	3329
いやあ	3330
再会	3331	136548
羨ましい	3332	5598
二階	3333	120329
仕草	3334	16882
回転	3335	82040
師匠	3336
跳ねる	3337
お客様	3338	127901
待機	3339	265365
ほんの少し	3340	42895
即座に	3341	115289
完了	3342	103091
手元	3343	77313
吸い込む	3344	58585
パーティー	3345
誕生日	3346	96496
テスト	3347
動作	3348	220492
てめえ	3349
暴走	3350	110935
お風呂	3351	51291
言い切る	3352	53398
気まずい	3353	75931
挑む	3354	50583
枝	3355	16891
台詞	3356	23696
帯びる	3357	22983
女神	3358	203141
片方	3359	121141
反論	3360	287932
返答	3361
黒髪	3362	127887
大会	3363	169453
互い	3364	39898
鎧	3365	28197
噛む	3366	6897
ちらり	3367
袖	3368	22797
装備	3369	119282
異様	3370	39299
迷い	3371	76526
戦力	3372	244106
体勢	3373
後方	3374
見覚え	3375
暗闇	3376	41694
輝き	3377	48782
背を向ける	3378
屋上	3379	130972
曖昧	3380	15095
システム	3381
お尻	3382	20385
わっ	3383
のう	3384
無理やり	3385	25890
かすか	3386
問いかける	3387	165503
でござる	3388
はいる	3389
真っ白	3390	40086
手のひら	3391	21893
越し	3392	13549
すなわち	3393
抱きつく	3394	66787
気のせい	3395	125129
見合わせる	3396	82634
ボタン	3397
めちゃくちゃ	3398
イヤ	3399
ふーん	3400
もっとも	3401
身分	3402	126720
砂	3403	24700
都市	3404
第三	3405
師	3406
旦那	3407	28384
不気味	3408	51284
美	3409
眼差し	3410	9998
歓声	3411
時刻	3412	130656
ケーキ	3413
宙	3414	17262
群れ	3415	44494
霧	3416
桜	3417	14296
手首	3418	93213
後にする	3419	9685
素材	3420	208559
精一杯	3421	33385
広場	3422	127472
裾	3423	19276
叶う	3424	2718
何となく	3425	1686
表示	3426	183928
万が一	3427	153857
やけに	3428
嵐	3429	31699
明かり	3430	14099
復讐	3431
妄想	3432	46592
変態	3433	56781
宝石	3434	151023
具	3435
追い詰める	3436	93256
拘束	3437
そんな風に	3438	4095
どうかな	3439
踏み込む	3440	59198
かも知れない	3441	156
理屈	3442	51977
滑る	3443	12096
英雄	3444	128338
先端	3445	95431
まあまあ	3446
ミス	3447
針	3448	25180
前方	3449	166550
窺う	3450	4392
聖	3451	207401
一時間	3452	212630
襲撃	3453	174771
放課後	3454	190599
髪の毛	3455	90462
見捨てる	3456	74671
覗き込む	3457	13489
故郷	3458	127620
崩壊	3459	87911
嫌がる	3460	7300
めく	3461
背筋	3462	142448
民	3463	44294
推測	3464
選手	3465	117738
じゃねぇ	3466
いつも通り	3467	31376
予想外	3468	221877
現象	3469
無表情	3470	240016
淡々	3471	50581
声がする	3472	141777
三年	3473	310520
陣	3474	30302
息を吐く	3475	140123
へぇ	3476
ひとまず	3477
ハハハ	3478
握りしめる	3479	36496
立ち去る	3480	97571
ウソ	3481
いい加減	3482	6890
かっ	3483
引っかかる	3484	10998
言うとおり	3485	30192
クソ	3486
たどり着く	3487	9392
振るう	3488	7796
ちがう	3489
いつもより	3490
おおい	3491
今さら	3492	6098
もしくは	3493
指さす	3494	72096
ガラス	3495
果たして	3496	10685
ふうん	3497
やたら	3498
なんとも	3499
やり取り	3500	4092
歳	3501	111793
んで	3502
一旦	3503	2546
に過ぎない	3504	5588
メッセージ	3505
寸前	3506	164005
その辺	3507	68381
目にする	3508	50898
とて	3509
四十	3510	102156
正義	3511	303633
胸元	3512	141393
冷える	3513	29893
裸	3514	39486
なぜなら	3515
棒	3516	13100
ビル	3517
皮肉	3518	93820
巡る	3519	6698
淡い	3520	40089
憧れる	3521	23691
杖	3522	35076
事になる	3523	219
そこそこ	3524
塞ぐ	3525	7585
本来なら	3526	192138
薄暗い	3527	60987
動き出す	3528	94222
柄	3529	69483
削る	3530	47785
幽霊	3531	76399
かもね	3532
お酒	3533	206416
封印	3534	198468
獲物	3535	39387
若干	3536	81028
候補	3537	271514
誤魔化す	3538	3693
再生	3539	143894
宿る	3540	56299
ぐっと	3541
ギリギリ	3542
女王	3543	123516
姿を消す	3544	150962
シャツ	3545
継ぐ	3546	13243
キャラ	3547
途端に	3548	9687
致す	3549	949
食らう	3550	8795
ネット	3551
懐	3552	18000
蛇	3553	40697
要するに	3554	17889
走り出す	3555	163156
デザイン	3556
向き直る	3557	61293
怪物	3558	82596
何人か	3559	263229
ゆえ	3560
腐る	3561	16481
辿り着く	3562	9392
冷める	3563
はーい	3564
仮面	3565	112283
見据える	3566	109052
唱える	3567	30687
通り過ぎる	3568	60595
谷	3569	40289
何故か	3570	1516
宇宙	3571	77349
金髪	3572	166772
主人公	3573	267378
鈍い	3574	29186
叫び	3575	54091
この辺り	3576	5892
ルート	3577
二日	3578	98426
犯罪	3579	194901
首を横に振る	3580
外見	3581
売れる	3582	55988
雷	3583	59395
接近	3584	240395
演技	3585
真っ直ぐ	3586	2007
ばっか	3587
しばし	3588
んち	3589
しがみつく	3590
引き寄せる	3591	45987
それどころか	3592
化け物	3593	51185
セリフ	3594
叩きつける	3595	18079
なんだって	3596
付き	3597	5079
とある	3598
マシ	3599
さっそく	3600
戦	3601	38287
解除	3602	168023
危うい	3603	16675
地味	3604	64985
兄さん	3605	30100
自殺	3606	164644
ソファ	3607
灰色	3608	249820
吹き飛ばす	3609	82494
倉庫	3610	97174
金色	3611	112093
幸福	3612	104987
押し付ける	3613	34095
考え込む	3614	189210
治す	3615	6495
夏休み	3616	107829
正面から	3617	278198
儀式	3618	217066
舌打ち	3619	316746
中学	3620	223224
本心	3621	187619
折る	3622	192001
尻尾	3623	12793
消滅	3624	211168
耳元	3625	140826
ファン	3626
狼	3627	37187
本音	3628	265286
リーダー	3629
姿を現す	3630	78291
一族	3631	170257
ちっ	3632
ゆえに	3633
エネルギー	3634
欲望	3635	271500
配置	3636	303647
お兄さん	3637	16777
田舎	3638	34595
会長	3639
この辺	3640	65600
小学生	3641	217650
十五	3642	137758
お疲れ	3643	23080
てっきり	3644
負け	3645	49595
部長	3646	147491
手渡す	3647	150031
眼鏡	3648	40284
キラキラ	3649
堪える	3650	4584
吐息	3651	236881
目が覚める	3652	136233
でかい	3653
雑誌	3654	85728
帽子	3655	45592
警備	3656	122518
器用	3657	30889
校舎	3658
どく	3659
両腕	3660	182968
商売	3661	76007
突破	3662	124529
身長	3663
気を付ける	3664	106002
お嬢さん	3665	59388
戦士	3666
漫画	3667	54084
姉妹	3668
金属	3669
言い聞かせる	3670	61100
指輪	3671	83760
閉じ込める	3672	38581
足取り	3673	181436
目が合う	3674	206092
商人	3675
奴隷	3676	72080
塔	3677
羽	3678	211489
ぽい	3679
起き上がる	3680	76949
俯く	3681	4388
１人で	3682	3787
響き	3683	26899
ご存じ	3684	44886
ごとく	3685
ノ	3686
すぐさま	3687
ちょうどいい	3688
おー	3689
ありえない	3690
ごとき	3691
こぼれる	3692
ごまかす	3693
こぼす	3694
えーと	3695
連れていく	3696	24092
お疲れさま	3697	23196
えらい	3698
思いっきり	3699	35798
はじめて	3700
書	3701	4429
捧げる	3702	16889
素人	3703	46780
快感	3704
無論	3705	9187
患者	3706	181674
神経	3707	104636
級	3708
ひょっとして	3709
見慣れる	3710	135113
叶える	3711	9889
怒鳴る	3712	14980
ノート	3713
幻	3714	31187
這う	3715	51085
二本	3716
遭遇	3717	242710
メニュー	3718
断言	3719	195185
乙女	3720	50482
仕える	3721
制御	3722	132278
大半	3723	134015
さえも	3724
値段	3725	79485
兄貴	3726	57190
手を引く	3727	279224
階	3728
力になる	3729	151224
すげえ	3730
見知る	3731	105858
プロ	3732
微笑	3733
毛	3734
そうなんです	3735
尻	3736	27992
想う	3737	9493
丸い	3738	17399
落下	3739	75273
どう見ても	3740	23592
後輩	3741	85686
理性	3742	162439
策	3743
カップ	3744
部活	3745	142045
出口	3746	307946
驚愕	3747	66293
お昼	3748	60688
えへへ	3749
そうなると	3750
であります	3751
引き抜く	3752	64778
加速	3753
封じる	3754	115742
類	3755	54474
なき	3756
横たわる	3757	67095
へへ	3758
目を丸くする	3759	294501
微か	3760	3386
服を着る	3761	208623
数人	3762	253905
高校生	3763	256259
十年	3764	187592
逸らす	3765	5694
一口	3766	31980
液体	3767	182903
排除	3768	184909
閉まる	3769	34483
池	3770	49293
見抜く	3771	92643
疲労	3772
士	3773
祝福	3774	150014
手放す	3775	168837
咲く	3776	96001
団	3777
故	3778	3560
これくらい	3779
睨みつける	3780	11990
意味がない	3781	185417
気はない	3782	167476
わたしたち	3783
時折	3784	15499
いつだって	3785
声をあげる	3786	151400
ひとりで	3787
ばか	3788
はしゃぐ	3789
ずるい	3790
その代わり	3791	35384
フフフ	3792
少なくとも	3793	28277
俺ら	3794	41386
はあっ	3795
使い	3796	46388
やだ	3797
まつ	3798
１年	3799	125165
見せつける	3800	67598
フォロー	3801
絞る	3802	16674
好きにする	3803	105836
いえいえ	3804
固定	3805	119154
戸	3806
嫁	3807	57881
不審	3808	194571
同行	3809	12402
鞄	3810	18992
飼う	3811	251922
要る	3812	701
センチ	3813
畑	3814	80459
電気	3815	100815
孤独	3816	136374
婚約	3817	177374
予測	3818	274262
肯定	3819
そうなんですか	3820
上空	3821	285024
カウンター	3822
被る	3823	2629
先程	3824	9098
グラス	3825
っきり	3826
一匹	3827	80900
状	3828	31802
柔らか	3829	13192
住人	3830	161920
平然	3831
心底	3832	77998
拒絶	3833	160416
男の人	3834	112347
横顔	3835
孫	3836	33677
きっちり	3837
牙	3838	51589
散々	3839	5291
目撃	3840	169019
ボール	3841
躊躇	3842	28982
滲む	3843	6588
悲鳴を上げる	3844	148758
捜査	3845
本能	3846	205577
木々	3847	96788
指差す	3848	72096
国家	3849	82343
購入	3850
賭ける	3851
皆様	3852	68472
無邪気	3853	89004
幸運	3854	158516
帰って来る	3855	27899
友	3856
見張る	3857	38186
報酬	3858	110730
深呼吸	3859	161671
大人になる	3860	54296
ただでさえ	3861
作り出す	3862	39189
餌	3863	41491
間近	3864	68476
着替え	3865	227001
お帰り	3866	4096
微笑み	3867	36189
使い方	3868	110835
鳴く	3869
途切れる	3870	33787
出迎える	3871	117299
器	3872	53798
高	3873
マスター	3874
利く	3875	5203
右腕	3876	211663
めくる	3877
単語	3878
だろうに	3879
ある意味	3880
胸を張る	3881	142205
纏う	3882	4794
早々	3883	33401
いじめる	3884
溜まる	3885	2701
っぱなし	3886
腰を下ろす	3887	132229
駆けつける	3888	24489
早め	3889
けっこう	3890
たしか	3891
かしこまる	3892
飲み物	3893
いつの間に	3894	19094
のあまり	3895
ゴミ	3896
同じくらい	3897	68791
捕らえる	3898	6390
ちっとも	3899
アホ	3900
暖かい	3901	9944
忠告	3902	163708
無意味	3903	107464
騒がしい	3904	47190
脳裏	3905
悪	3906	34856
透明	3907	76816
響き渡る	3908	48889
傾く	3909	43893
仰ぐ	3910	25387
暴力	3911	122043
晩	3912	12275
お邪魔	3913	22185
領域	3914	224324
小柄	3915	97883
お弁当	3916	74851
お休み	3917	4299
看板	3918	67595
感じ取る	3919	310723
そう言えば	3920	718
是非	3921	2439
カーテン	3922
メモ	3923
勘	3924
大抵	3925	6281
数十	3926	315457
方面	3927	131595
植物	3928	163936
確率	3929	266255
例外	3930	186739
支度	3931	98515
罰	3932
こちらこそ	3933
演じる	3934
造る	3935	2146
避難	3936	101570
入学	3937	168590
お手伝い	3938	63480
美少女	3939	181499
誇り	3940
丘	3941	20093
突き刺さる	3942	63984
首筋	3943	95404
口に出す	3944	198746
興味深い	3945
弟子	3946	16480
見当たる	3947	96031
板	3948	39596
反撃	3949	214581
心の底	3950	221417
唸る	3951	8888
トラブル	3952
しめる	3953
所詮	3954	9480
撮影	3955	153854
一点	3956	78060
呪う	3957	59799
小屋	3958	51393
汚す	3959	52898
その頃	3960	29797
うふふ	3961
わっ	3962
それはそれで	3963
くそっ	3964
誘い	3965	78585
浮かび上がる	3966	61498
遠ざかる	3967	114740
文句を言う	3968	166495
店内	3969
はっと	3970
通信	3971	126719
悪意	3972	186234
通用	3973	109642
構成	3974	122629
押し込む	3975	54999
当日	3976	204839
贈る	3977	65895
説教	3978	131582
つる	3979
あく	3980
好く	3981
襲いかかる	3982	51087
鳴き声	3983	117923
いい子	3984	46287
おもしろい	3985
引き取る	3986	43097
あのさ	3987
ケンカ	3988
顔をしかめる	3989
どれくらい	3990
おまけに	3991
のぞく	3992
ハハ	3993
手をかける	3994
１回	3995	85910
だからといって	3996
突きつける	3997	19000
さすがは	3998
あり得ない	3999	3690
何らか	4000	223889
歩み寄る	4001	130351
等しい	4002	30785
垂れる	4003	18795
敏感	4004	85313
深夜	4005	109344
輪	4006
鍋	4007	34592
この後	4008	32697
装う	4009	36579
攻略	4010	183472
億	4011
不快	4012	150883
体重	4013	209314
専用	4014	50989
眉間	4015	65881
付き合い	4016	13589
昇る	4017	5893
湯	4018
晒す	4019	4692
残酷	4020	89718
放る	4021	20166
歩	4022
錯覚	4023	99141
誘導	4024	163585
救い	4025
優雅	4026	64183
切り替える	4027	79696
罪悪感	4028	229080
気絶	4029	112300
理不尽	4030	128641
好意	4031	80725
沢山	4032	406
国民	4033	194076
財布	4034	78659
事務所	4035	222213
ああいう	4036
憧れ	4037	26087
魅力的	4038	204494
人質	4039	109431
列	4040	46778
臭い	4041	6170
修行	4042
率いる	4043	37496
怪訝	4044	28589
盛大	4045	180159
職業	4046	209001
同然	4047	89755
腕を組む	4048	139835
容姿	4049
鎖	4050
締める	4051	3953
内緒	4052	25404
反射的	4053
パターン	4054
到達	4055	264338
一件	4056
どう考えても	4057	189546
いい人	4058	44985
装置	4059	90064
教授	4060	111122
包み込む	4061	60300
衝動	4062	91813
尖る	4063	16093
親切	4064	80295
目に入る	4065	229756
ベンチ	4066
埋まる	4067	30885
礼を言う	4068	165962
弾	4069	15204
ニュース	4070
パンツ	4071
緩む	4072	14100
潜む	4073	20181
はっきり言う	4074	28886
再度	4075	191459
そうじゃなくて	4076
逮捕	4077	98385
傍ら	4078	18575
タオル	4079
名誉	4080	117087
配る	4081	40192
食	4082	29382
どうするか	4083
横目	4084	190922
何とも	4085	3499
医師	4086
界	4087
肩をすくめる	4088	238184
大げさ	4089	26793
おばさん	4090
心地よい	4091	58395
やりとり	4092
あふれる	4093
あくまでも	4094
そんなふうに	4095
おかえり	4096
滅ぼす	4097	48599
凄まじい	4098	6499
燃やす	4099	47882
そうだよね	4100
額	4101	26082
入口	4102	91326
文章	4103	159044
手を取る	4104	246577
我に返る	4105	64881
茶	4106	21396
顔立ち	4107	132288
その分	4108	20895
鼓動	4109	62486
貼る	4110	7397
頭を抱える	4111	205952
台所	4112	113261
相応しい	4113	2767
人達	4114	26689
現代	4115	239238
ネタ	4116
掌	4117	21893
弁当	4118	109756
顔面	4119	264864
流	4120
何にも	4121	5283
お母様	4122	40893
目線	4123
権力	4124	161442
突入	4125	187778
昼食	4126	243598
十二	4127	73795
なのである	4128
事がある	4129	326
気遣う	4130	92584
ズボン	4131
苦い	4132	33292
覚悟を決める	4133	141671
思い込む	4134	153443
親戚	4135	61286
意地悪	4136	14493
遥か	4137	2781
大陸	4138	207714
お湯	4139	73300
加減	4140	28593
物音	4141	169060
祖父	4142	80263
発想	4143
ハンカチ	4144
敗北	4145	205753
シンプル	4146
モデル	4147
深々	4148	57792
無限	4149	105943
足を踏み入れる	4150	255104
見失う	4151	168078
お任せ	4152	23394
潰れる	4153	168989
食料	4154	162663
数秒	4155	315660
バラバラ	4156
テンション	4157
上昇	4158	109046
消費	4159	213129
言	4160	44284
脅す	4161	43492
帰れ	4162	94653
記事	4163
顔を合わせる	4164
混ぜる	4165	20797
係	4166
伝う	4167	22095
叫び声	4168	128132
未だ	4169	90
寝室	4170	140679
夫人	4171
無理矢理	4172	25890
らっしゃる	4173
高級	4174	94134
脅威	4175	93048
緩める	4176	13888
すく	4177
上司	4178	239296
用件	4179
調子に乗る	4180	154364
遅刻	4181	82200
食材	4182
試みる	4183	46495
横になる	4184	116931
つきあう	4185
取引	4186	117173
何かしら	4187	22693
３年	4188	310520
かた	4189
おなか	4190
あける	4191
ホッと	4192
言いかける	4193	34775
たたく	4194
顔つき	4195	106805
鮮やか	4196	23285
そろう	4197
お言葉	4198	45499
いちばん	4199
そんなもん	4200
よう	4201
度	4202	2613
街	4203	42604
おう	4204
刃	4205	153879
恨み	4206	34782
曲げる	4207	30680
いじる	4208
差す	4209	136380
到底	4210	14290
繋ぐ	4211	2946
プライド	4212
職人	4213
像	4214	5084
枕	4215	33585
差し込む	4216	32100
図書館	4217	163068
可能性が高い	4218
同時	4219	117427
弱点	4220	165034
おっさん	4221
政府	4222
確定	4223	254375
矛盾	4224	85395
泣き声	4225
振動	4226	84547
真っ先に	4227	31375
自転車	4228	196881
耳にする	4229	233339
帰宅	4230	199467
目的地	4231
再現	4232	208340
拒む	4233	61884
無力	4234	243184
林	4235	60590
愉快	4236	47083
言い放つ	4237	99945
値	4238	74394
揃える	4239	7794
死亡	4240	201443
苦笑い	4241	149916
任す	4242	25089
ふっと	4243
塩	4244
ボロボロ	4245
賢い	4246	33193
あの頃	4247	29786
銀色	4248	149631
磨く	4249	42097
静寂	4250	125515
夜空	4251	150053
眩しい	4252	7087
自己紹介	4253	189465
構造	4254	127934
にっこり	4255
大型	4256	187340
工場	4257	82812
手配	4258	157752
切り裂く	4259	134400
黄金	4260	102765
先頭	4261	79829
サイン	4262
有効	4263	122144
女の人	4264	117987
砕ける	4265	22999
何事	4266	30097
弓	4267	46782
光栄	4268	311323
バス	4269
リスク	4270
ようこそ	4271
押し寄せる	4272	56083
こむ	4273
出番	4274	165677
皮膚	4275	36083
二回	4276	166942
牛	4277
砕く	4278	40297
支援	4279	233220
湖	4280	76982
さも	4281
班	4282
別れ	4283	51697
慕う	4284	55997
めっちゃ	4285
進行	4286
番号	4287	184191
掛かる	4288	300
人差し指	4289	136024
済み	4290	28696
持ち	4291	28001
祭り	4292	30884
ハッと	4293
そのとおり	4294
というところ	4295
なにより	4296
たちまち	4297
つづける	4298
おやすみ	4299
っこ	4300
店	4301
種	4302	29087
角度	4303	290827
振り払う	4304	50688
三度	4305	208352
絶叫	4306
課題	4307
本番	4308	194109
温泉	4309	90938
ライン	4310
外部	4311
子供の頃	4312	112281
言動	4313	183486
向き	4314	24893
坂	4315	22193
知り合う	4316	165539
崩れ落ちる	4317	72991
ふりをする	4318
せん	4319
胃	4320
経緯	4321	16492
自室	4322
爆弾	4323	100390
見届ける	4324	108912
とっとと	4325
馬鹿にする	4326	22794
こんな風に	4327	5000
絆	4328	41092
豪華	4329	75512
仕業	4330	26385
硬直	4331
病	4332	54186
高度	4333	143186
霊	4334
振り下ろす	4335	62093
頼もしい	4336	42500
捜索	4337
意	4338
好奇心	4339
言い返す	4340	83645
戻って来る	4341	18887
未だに	4342	77347
スープ	4343
蘇る	4344	7193
お方	4345	56498
マンション	4346
哀れ	4347	18282
駆け出す	4348	42988
別人	4349	203316
博士	4350	61890
派遣	4351	122449
咄嗟に	4352	4688
あれこれ	4353
トップ	4354
弱る	4355	78340
掘る	4356	13082
身内	4357	88917
体内	4358	104208
独特	4359	197106
励ます	4360	35683
反対側	4361	149840
体温	4362	202499
お返し	4363	53078
座り込む	4364	46794
気楽	4365	224140
入院	4366	168037
運	4367	21901
腰掛ける	4368	68389
生意気	4369	61693
ステージ	4370
美味い	4371	740
寄り添う	4372	54473
偉大	4373	42499
目つき	4374	101391
住民	4375	271586
都	4376
よいしょ	4377
携帯電話	4378	184676
コート	4379
風邪	4380	29385
力を込める	4381	212830
あてる	4382
狩り	4383	127396
ことによって	4384
なんという	4385
やつら	4386
わがまま	4387
うつむく	4388
４人	4389	204836
なしで	4390
うつ	4391
うかがう	4392
かぎり	4393
今のうち	4394	30886
チッ	4395
話し合い	4396	229285
振る舞う	4397	17193
うっすら	4398
向こう側	4399	68588
さほど	4400
心	4401
場	4402
取り囲む	4403	40594
観念	4404	64698
登録	4405	124337
スイッチ	4406
殺人	4407	119365
道路	4408	193440
殺し	4409	246585
サービス	4410
気を遣う	4411	230754
次々に	4412	43000
斜め	4413	48392
懸命	4414	47894
中庭	4415	232453
有利	4416	107149
夕飯	4417	131243
探索	4418	313419
刺さる	4419	36596
揉む	4420	5096
ぐるぐる	4421
履く	4422	6193
呪文	4423	68195
恐る恐る	4424	8990
決まり	4425	39895
誕生	4426	76964
贅沢	4427	17786
監督	4428	106969
しょ	4429
すっと	4430
職員	4431	242105
釣る	4432	3979
手間	4433	70990
庇う	4434	4985
ポーズ	4435
シーン	4436
破れる	4437	37391
スタイル	4438
ふわふわ	4439
上位	4440	219385
なんぞ	4441
降り注ぐ	4442	55179
色んな	4443	1953
目を逸らす	4444	253675
新人	4445	288063
気力	4446	162068
赤ちゃん	4447	58181
突撃	4448	114395
死者	4449
ペース	4450
判明	4451
明かす	4452	41490
観る	4453	110
人目	4454
証言	4455	82661
どころ	4456
なあに	4457
勢力	4458	195652
中学生	4459
醜い	4460	35895
蓋	4461	7976
思い浮かべる	4462	206487
制する	4463	92342
人格	4464	165097
涙を流す	4465	190360
まさしく	4466
兼ねる	4467	2744
からすれば	4468
曇る	4469	32378
上着	4470	77138
五分	4471	47971
中途半端	4472	195631
緊急	4473	143048
決心	4474	147789
念	4475	30502
検査	4476	122103
運転	4477	128154
解散	4478	230131
不利	4479
スペース	4480
凝視	4481	224302
何かと	4482	15387
象徴	4483	282078
支払う	4484	153578
焦り	4485	48585
絶える	4486	16298
横から	4487	115131
かわす	4488
いっしょに	4489
迷惑をかける	4490	111910
あきらめる	4491
１日	4492	76696
よーし	4493
というわけだ	4494
まわり	4495
いやらしい	4496
よこす	4497
嘘をつく	4498	27896
なんとかなる	4499
打ち合わせ	4500	89008
一	4501	68301
す	4502
公	4503
飛び降りる	4504	47892
顔を覗く	4505	230991
挑発	4506	128652
帰還	4507	143283
欠片	4508	9182
否	4509	1466
コンビニ	4510
秘める	4511	61591
反射	4512	195414
本部	4513	211023
泥	4514	20095
化粧	4515	97880
惚れる	4516	29997
踏み出す	4517	79709
くぐる	4518
可哀想	4519	2749
目に遭う	4520	62691
世話になる	4521	163919
機嫌	4522	37800
分厚い	4523	64489
無関係	4524	236697
昼休み	4525	200665
そんな中	4526	38196
何一つ	4527	103346
切ない	4528	24295
すらも	4529
政治	4530	185256
ダンス	4531
層	4532
警告	4533	284085
着地	4534	142196
旧	4535
アピール	4536
満面	4537	241759
嗅ぐ	4538	14887
方角	4539	121033
息をつく	4540	140123
温度	4541	98413
投げ出す	4542	85391
独り言	4543	23794
悪夢	4544	182694
位	4545	165201
傘	4546	50685
カレー	4547
もう一回	4548	57491
苦しめる	4549	93210
ぽつり	4550
異変	4551	221150
市民	4552
在る	4553	14
陰	4554	14283
眼前	4555
迎えに来る	4556	84526
説	4557
職	4558	167352
こする	4559
合格	4560	121066
クリア	4561
敷地	4562
限定	4563	127810
喰う	4564	5602
一角	4565	88177
取り込む	4566	45189
思い返す	4567	208661
じみる	4568
お疲れ様	4569	23196
力を入れる	4570	251040
意地	4571	17197
あるらしい	4572
紫	4573	49389
使命	4574	258100
追い込む	4575	118937
あからさま	4576
興味を持つ	4577	252844
結婚式	4578	271222
におい	4579
引き返す	4580	52985
お断り	4581	58175
ただただ	4582
わかりやすい	4583
こらえる	4584
かう	4585
もしや	4586
いわば	4587
やさしい	4588
まわる	4589
ひく	4590
いでる	4591
あの方	4592	64194
こととなる	4593
ばれる	4594
真っ暗	4595	33988
うわー	4596
どなた	4597
多すぎる	4598	131996
子たち	4599	99897
マズイ	4600
臭い	4601	4579
お待たせしました	4602	52584
熊	4603	12493
放棄	4604
芝居	4605	57300
水面	4606	206139
お別れ	4607	61093
無くなる	4608	411
群	4609
振り	4610	6088
損	4611	17299
匂いがする	4612	14693
高速	4613
瓶	4614	22712
お気に入り	4615	153878
吸収	4616	141284
一個	4617	77760
段	4618	45194
憎い	4619	70102
進化	4620	194416
ふわり	4621
乱す	4622	48994
集合	4623	137936
抜き	4624	36983
息を吐く	4625	242969
煽る	4626	317218
油	4627
瞼	4628	8786
混ざる	4629	33696
繰り出す	4630	53683
年下	4631
初対面	4632	183549
同僚	4633	140399
神社	4634	90347
に限って	4635	28788
緊張感	4636	268729
敵意	4637	193772
墓	4638	24569
前に進む	4639	149440
指揮	4640	14689
解消	4641	104142
劣る	4642	52793
頭部	4643	290217
泡	4644	6697
潜る	4645	23193
スタート	4646
休日	4647
持って行く	4648	19676
涼しい	4649	51975
頼り	4650	26882
閉ざす	4651	40595
披露	4652	104174
きょとん	4653
優しくする	4654	31683
卑怯	4655	25188
干渉	4656
スタッフ	4657
一階	4658
冒険	4659	81096
親指	4660	70594
肘	4661	18394
立ち尽くす	4662	181385
何事も	4663	33091
騒動	4664	193300
切り出す	4665	44889
起動	4666	104024
目当て	4667	53092
繊細	4668	119962
なめる	4669
パソコン	4670
衝突	4671	111927
誰だって	4672	43086
身を乗り出す	4673
打ち明ける	4674	44288
自己	4675
思惑	4676	63187
そうかもしれない	4677
対峙	4678	188504
借金	4679	151595
遺体	4680
紐	4681	12581
惹く	4682
同	4683
手続き	4684	143617
すれ違う	4685	29398
くすぐったい	4686
ほとんどない	4687
とっさに	4688
こわい	4689
上手くいく	4690	2258
お久しぶり	4691	43290
さらす	4692
おばあちゃん	4693
といわれる	4694
噴き出す	4695	37587
手がかり	4696	128782
心当たり	4697	124785
面倒くさい	4698	55697
すばらしい	4699
いたい	4700
どうか	4701
高	4702	6862
概念	4703	148805
に決まっている	4704	26885
日本語	4705	140824
余	4706
潤む	4707	21593
嘆く	4708	60494
力が抜ける	4709	225148
幼い頃	4710	99494
殺害	4711	169807
招待	4712	96593
決着	4713	193095
放り込む	4714	50593
振り上げる	4715	44973
黄色い	4716	128386
尾	4717
お姫様	4718	76262
ペン	4719
非	4720
不安定	4721
カップル	4722
快楽	4723	215983
受け継ぐ	4724	67483
撤退	4725	162716
相性	4726
遭う	4727	7503
一度だけ	4728	104825
最期	4729
スーツ	4730
なくても	4731
決定的	4732	288155
要請	4733
配慮	4734	189536
員	4735
義理	4736	14186
理論	4737	140646
ぶる	4738
まして	4739
物騒	4740	56576
連れ出す	4741	74814
一晩	4742	108118
ぎこちない	4743
鳴り響く	4744	99554
友情	4745	135508
ライバル	4746
緑色	4747	142976
留守	4748	43697
二度目	4749
如く	4750	3685
さっと	4751
見に来る	4752	109643
ＯＫ	4753	6005
アドバイス	4754
冷蔵庫	4755	141233
優勝	4756	111878
気遣い	4757	286224
不要	4758	251511
青ざめる	4759	81839
章	4760
現に	4761	61490
凍る	4762	58795
吹き飛ぶ	4763	92778
気にしないで	4764	189544
覚醒	4765	262459
サポート	4766
裂く	4767	20002
止む	4768	4788
たった一人	4769	16690
着ける	4770	316
退く	4771	54493
本体	4772	185334
地点	4773	266481
素振り	4774	11790
きっぱり	4775
大騒ぎ	4776	109057
存じる	4777	48090
初日	4778	215570
年頃	4779	86571
持って来る	4780	10496
独立	4781	166174
効率	4782	218315
陽	4783
つる	4784
さる	4785
そこで	4786
弱々しい	4787	87751
やむ	4788
投げつける	4789	82908
絶対に	4790	18371
死に	4791
考えてみれば	4792	202559
いい感じ	4793	90272
まとう	4794
あるだけ	4795
ケガ	4796
ご迷惑	4797	96002
眉をひそめる	4798	93088
こん	4799
なんというか	4800
物体	4801	302697
差し上げる	4802	11591
交流	4803	210158
仕込む	4804	43798
なぞる	4805
収穫	4806	130848
直撃	4807	208939
各地	4808
拠点	4809	284861
四つ	4810	56791
アイドル	4811
急速	4812	182793
キッチン	4813
欲	4814
最低限	4815	216131
へん	4816
久々	4817	43693
国内	4818
樹	4819
無防備	4820	259875
兄妹	4821
浮気	4822	84833
すっきり	4823
眠り	4824	58086
一行	4825
放送	4826
花火	4827	104858
きゃあ	4828
金額	4829	209552
天気	4830	85640
浸る	4831	21600
心地	4832	52492
プール	4833
店主	4834	186675
無用	4835	27298
らか	4836
情熱	4837	207358
瞬時	4838	204213
歩み	4839	37888
洗濯	4840	67599
毎回	4841	205221
ジュース	4842
道理	4843	67880
元に戻る	4844	70091
同級生	4845
相手をする	4846	178325
嫌がらせ	4847	37386
うんざり	4848
結末	4849	158177
一刻も早く	4850	147907
滞在	4851	180827
ふらふら	4852
通過	4853	60582
落ち着ける	4854	54590
なんてこと	4855
読み取る	4856	98272
文	4857	170226
であれ	4858
紅	4859	126421
動機	4860
一通り	4861	23282
末	4862	31000
特有	4863	242503
演奏	4864	131937
後を追う	4865	134685
誘拐	4866	75906
放り出す	4867	67371
順番	4868	128494
イケメン	4869
無礼	4870	93672
澄む	4871
じゃう	4872
距離を取る	4873
何気ない	4874	24989
信仰	4875	287526
お土産	4876	20800
発射	4877	140972
小娘	4878	116866
そうすると	4879
上半身	4880	229333
荒れる	4881	42690
リアル	4882
滅びる	4883	49795
行方不明	4884	165077
いくつ	4885
仕組み	4886	53100
だれ	4887
ハッキリ	4888
３日	4889	34783
どっちも	4890
向かい合う	4891	63993
２人とも	4892	9898
なおさら	4893
ついていく	4894
しかたない	4895
目をやる	4896	202025
あわてる	4897
かといって	4898
良く	4899	143
後ろ姿	4900	75899
弾	4901
位	4902
愛しい	4903	24181
リボン	4904
片隅	4905	64592
大規模	4906	240039
コントロール	4907
館	4908	48084
巨人	4909	121400
よしよし	4910
この際	4911	117250
映す	4912
ものとする	4913
悲劇	4914	169373
見学	4915	190573
整備	4916	264767
痛	4917
箇所	4918	95881
席を立つ	4919
アパート	4920
文字通り	4921	262986
全滅	4922	136860
不愉快	4923	117061
鈴	4924	24494
小僧	4925	75149
取材	4926	282286
余る	4927	25083
乾杯	4928	22184
太る	4929	52092
または	4930
ありゃ	4931
知恵	4932	32496
習慣	4933	113494
溺れる	4934	29188
耳を傾ける	4935
ピンク	4936
次回	4937	132643
弾む	4938	18188
長い間	4939	88322
パワー	4940
申し訳ございません	4941	88601
観客	4942	137520
一員	4943	221055
引き起こす	4944	57200
割と	4945	5788
阻止	4946	207479
圧倒	4947	112680
真相	4948
一家	4949
ビール	4950
外国	4951	138864
情	4952	61703
一礼	4953
面々	4954	313088
企画	4955	120296
何しろ	4956	8394
諸君	4957	89102
来週	4958	143712
やり直す	4959	36889
お部屋	4960	69097
お呼び	4961	128226
華やか	4962	52495
企業	4963	186458
さえあれば	4964
腹が立つ	4965	165625
手入れ	4966
遊びに来る	4967	89410
さようなら	4968
お祝い	4969	84566
極端	4970	141392
一緒になる	4971	30983
本に	4972	28793
呼び止める	4973	82885
急激	4974	291788
何百	4975	225738
下半身	4976
うるせえ	4977
左腕	4978	232373
かなー	4979
すう	4980
いくらなんでも	4981
ろくに	4982
あな	4983
時間をかける	4984
かばう	4985
ためらう	4986
もしかすると	4987
こないだ	4988
いかなる	4989
打ち込む	4990	57982
バカにする	4991
キツい	4992
ヶ月	4993	205810
どのくらい	4994
ところが	4995
いささか	4996
えーっと	4997
いやー	4998
ほれ	4999
こんなふうに	5000
開ける	5001	29631
十数	5002	235799
強制	5003	84842
立ち向かう	5004	104532
機関	5005
上等	5006	97959
迫力	5007	207928
箸	5008	15407
託する	5009	52893
身構える	5010	137875
黙り込む	5011	52881
開催	5012	270728
物事	5013	28493
に従い	5014	54782
製	5015
渦	5016	25989
気にするな	5017	195749
留める	5018	5587
馴染む	5019	12384
突如	5020	89907
駆け抜ける	5021	60600
束	5022	36181
両者	5023	266953
営業	5024	234753
口を挟む	5025	259691
何だって	5026	3596
尋常	5027	103129
どうにかなる	5028
脳内	5029	195376
くるり	5030
絶句	5031	212854
辺	5032	4816
痙攣	5033	38400
神聖	5034	303118
採用	5035	131183
些細	5036	18093
とは限らない	5037	39787
考慮	5038	197128
駆る	5039	7764
赤ん坊	5040	134321
本質	5041	218939
オーラ	5042
そういうことか	5043
憎しみ	5044	76157
誘惑	5045	105053
がっかり	5046
体格	5047	198938
州	5048	44981
一瞥	5049
露骨	5050	102069
生地	5051	46182
擦る	5052	60801
人材	5053	239799
運営	5054	206500
何事か	5055	32380
出来	5056
着物	5057	14696
作り上げる	5058	36582
歪める	5059	19386
再	5060
結果的	5061
獲得	5062	187149
上回る	5063	111611
突進	5064	152441
資金	5065	197048
降ろす	5066	6290
猿	5067	36113
チャイム	5068
称する	5069	107151
爽やか	5070	14292
崖	5071	47972
正気	5072	79603
くむ	5073
くすぐる	5074
癒す	5075	26790
生まれ	5076	80723
へー	5077
見出す	5078	97514
つき	5079
わざとらしい	5080
ってね	5081
だます	5082
ましてや	5083
ぞう	5084
仕掛け	5085	30289
割に	5086	6279
受付	5087
のる	5088
膝をつく	5089	43200
こと自体	5090	103624
からといって	5091
しる	5092
当然のこと	5093	115240
ていい	5094
一つ一つ	5095	9885
もむ	5096
あわせる	5097
引きつる	5098	13397
そん	5099
しき	5100
印	5101	15388
センス	5102
耳に入る	5103
案の定	5104	94755
悪化	5105	58691
数時間	5106	260525
繰り広げる	5107	56389
気軽	5108	169728
目を輝かす	5109
過程	5110
泣き出す	5111	130888
前髪	5112	183306
重み	5113	107498
出してくれる	5114	46097
武装	5115	166437
ほらほら	5116
ニヤニヤ	5117
一層	5118	6692
恥	5119	23579
肩を落とす	5120	278293
たげる	5121
よくする	5122
語	5123
泉	5124	36797
深める	5125	113579
通	5126	8791
宗教	5127	181079
指示を出す	5128
モード	5129
路地	5130	52558
未知	5131
副	5132
憎悪	5133	73177
傷口	5134	110975
力を貸す	5135	237558
この場合	5136	131535
思想	5137	83297
遊びに行く	5138	105035
ストレス	5139
こういった	5140
手加減	5141	141286
勤める	5142	12190
我ながら	5143	37387
前向き	5144	195809
沈める	5145	34992
抗う	5146	25000
幕	5147	29303
比較	5148	119985
揺さぶる	5149	34685
傾ける	5150	37693
広大	5151	261407
無謀	5152	128121
偽物	5153	39990
顔を見せる	5154
痕跡	5155	293514
殺意	5156	187262
一段	5157	44190
賑やか	5158	10300
ベル	5159
咳払い	5160	24293
青白い	5161	67490
代物	5162	39997
教科書	5163	200004
っぷり	5164
宝	5165	16979
であるから	5166
巣	5167
娘さん	5168	118808
密着	5169	236047
浮かれる	5170	62297
破滅	5171	246066
上品	5172	153265
赴く	5173	30086
転がす	5174	41396
ヒント	5175
果て	5176	47501
察知	5177	64285
跳ぶ	5178	7481
広まる	5179	58091
奥様	5180	95803
懸念	5181	68485
中断	5182	188778
単位	5183	169205
妨害	5184	197164
犯罪者	5185	195089
頼りない	5186	42591
見返す	5187	135908
砂糖	5188	61678
にやり	5189
べつに	5190
おのれ	5191
興味ない	5192
あらかじめ	5193
何という	5194	4385
３つ	5195	27689
おずおず	5196
片づける	5197	34297
ごはん	5198
きゃっ	5199
さりげない	5200
とも	5201
月	5202	35559
きく	5203
刹那	5204	71085
ついで	5205
二百	5206	114267
手を貸す	5207	283620
潜り込む	5208	18486
手術	5209	141155
持ち帰る	5210	104671
ものですから	5211
生き延びる	5212	157764
むく	5213
早朝	5214
揺らぐ	5215	37997
バッグ	5216
対面	5217	148630
症状	5218	67790
動画	5219
毛布	5220	121509
どんだけ	5221
散らばる	5222	48386
市場	5223
聞き出す	5224	81907
存分	5225	60194
レース	5226
微塵	5227	25690
現	5228
鼻を鳴らす	5229	302496
アニメ	5230
うっとり	5231
基礎	5232	85081
気を失う	5233	249377
渦巻く	5234	47396
週	5235
共	5236	20301
濡らす	5237	37687
芯	5238	88068
離婚	5239	46698
間抜け	5240	27299
番組	5241	227056
膨大	5242	85477
聞き取る	5243	65588
訪問	5244	194211
薄れる	5245	50296
コップ	5246
普段から	5247	36000
思い知る	5248	162697
誇らしい	5249	83424
不自由	5250	141971
数百	5251	234434
飛び散る	5252	86512
物言い	5253	83159
居間	5254
殺気	5255
不器用	5256	112278
真	5257
衣服	5258	121752
翌朝	5259
紳士	5260	306156
他国	5261	233181
駒	5262	132597
泥棒	5263	41700
すかさず	5264
着せる	5265	32683
幹部	5266	204272
解説	5267	248334
彼方	5268	19988
突き刺す	5269	65589
松	5270	24583
頂点	5271	214645
思い浮かぶ	5272	251956
美女	5273	125269
ぐったり	5274
港	5275	39591
食欲	5276	305737
圧力	5277	235396
失望	5278	160258
瞬き	5279	12383
入手	5280	220926
寺	5281
ぶつ	5282
なんにも	5283
力ない	5284	226636
問いかけ	5285
こんばんは	5286
はめる	5287
やらかす	5288
面持ち	5289	55175
わあっ	5290
さんざん	5291
はずない	5292
落ち着き	5293	54899
仲間たち	5294	109589
生まれてくる	5295	100419
といえど	5296
なにやら	5297
ええっと	5298
つか	5299
かざす	5300
本	5301	2802
おお	5302
類	5303	16192
枠	5304	32802
不在	5305	236115
退治	5306	56099
目を見る	5307	211430
以後	5308	71480
飛行機	5309	96399
よっしゃ	5310
サボる	5311
震え	5312	42187
処刑	5313	151323
愛らしい	5314	129991
血液	5315	196319
送り込む	5316	123709
縦	5317	21681
科学	5318
さよなら	5319
丸める	5320	38100
後退	5321
戸惑い	5322	50478
役に立てる	5323	153751
ホール	5324
関心	5325	190406
防衛	5326	216157
タイトル	5327
アップ	5328
頼りになる	5329	71079
双方	5330
夢見る	5331	102305
図る	5332	14211
区	5333
ゆったり	5334
来たる	5335	6995
その上で	5336	14786
試練	5337	280300
ぐう	5338
登校	5339	136148
マーク	5340
頂戴	5341	2442
モテる	5342
保存	5343	212872
的確	5344	211626
帰り道	5345	162246
敵う	5346	2718
引き裂く	5347	72299
美貌	5348	83466
給料	5349
数分	5350	246578
天国	5351	115364
心強い	5352	158676
障害	5353	54693
祝う	5354	103287
かと思えば	5355	132168
有する	5356	82783
まあね	5357
破片	5358	158572
連携	5359	106542
言われてみれば	5360	54778
涙目	5361	265550
割り込む	5362	84770
エンジン	5363
ずれる	5364
大して	5365	12297
絶望的	5366	226843
吐き捨てる	5367
忠実	5368	192668
拳を握る	5369	82336
垂らす	5370	25498
全体に	5371	83357
消耗	5372	169688
申し訳なさそう	5373	121941
予約	5374	213312
欲する	5375	71293
消え去る	5376	184151
湯気	5377	75814
湿る	5378	26401
ぽかん	5379
頻繁	5380	54198
独自	5381	210200
ご褒美	5382	35986
くう	5383
祈り	5384	56280
引き継ぐ	5385	83636
外側	5386	128332
力が入る	5387
思案	5388
菓子	5389	23865
かろうじて	5390
くれぐれも	5391
驚くほど	5392	54297
おめでとうございます	5393
これまでに	5394
申し出	5395
それとも	5396
もうひとつ	5397
１	5398	10096
のせる	5399
みるみる	5400
道	5401
両足	5402	148601
担う	5403	14382
測る	5404
一室	5405	242629
一般人	5406	298094
直感	5407	149286
要は	5408	33895
縄	5409	34799
進路	5410	148798
灰	5411
目を伏せる	5412
常	5413	25396
真顔	5414	187825
心得る	5415	64499
豚	5416	38691
ワイン	5417
コース	5418
強大	5419
身を包む	5420	274260
華	5421	7488
唾	5422	12400
午前中	5423
駅前	5424	224233
修理	5425	192275
我が家	5426	169529
中国	5427	160539
ヒーロー	5428
頭を振る	5429	57381
気の毒	5430	109134
正	5431
演出	5432	206686
対立	5433	233080
またしても	5434
輩	5435	28791
喫茶店	5436	190037
ささやか	5437
区別	5438	124190
世代	5439	227969
じっと見る	5440	79936
飾り	5441	49390
声が出る	5442	218744
好き勝手	5443	170190
連れて来る	5444	23686
他者	5445
封筒	5446	114969
頑丈	5447	52799
メイン	5448
険しい	5449	38997
性能	5450
作成	5451	255694
総	5452
断つ	5453	7001
何とかなる	5454	4499
次元	5455
たった今	5456	22383
作家	5457	142465
充実	5458	214849
一連	5459	131898
財産	5460	160790
回答	5461	94268
改善	5462	169823
作	5463	67801
懇願	5464	283411
露出	5465	169474
無造作	5466	58598
溶かす	5467
張り切る	5468	25081
即答	5469	267720
阻む	5470	45586
裏腹	5471	58787
苛立ち	5472	38285
予算	5473	229118
佇む	5474	13588
追い払う	5475	116794
お似合い	5476	112403
手袋	5477	101150
小型	5478	135871
主役	5479	199698
なんだかんだ	5480
こめる	5481
行き	5482
当たり	5483	7403
ご機嫌	5484	32193
からだ	5485
すこし	5486
引っ越す	5487	74656
もがく	5488
カッコ	5489
お祭り	5490	74489
ふたつ	5491
もって	5492
つまむ	5493
さらう	5494
見てもらう	5495	36300
成り立つ	5496	30297
こん	5497
たかが	5498
気合い	5499	199052
それなら	5500
頭	5501	92301
子	5502
島	5503
何だと	5504	3298
図	5505
照明	5506	115835
握手	5507	87836
敵対	5508	287416
言葉を失う	5509	203172
用がある	5510	24275
企む	5511	14990
頭痛	5512	184421
処置	5513	89261
目を通す	5514
記念	5515
物理的	5516	239516
たり	5517
明白	5518	264449
反動	5519	302362
やめておく	5520
温める	5521	29000
詰め寄る	5522	51878
院	5523	169720
平凡	5524	179810
平穏	5525	161722
中年	5526	102037
了承	5527	168379
四方	5528	185457
小さい頃	5529	100256
私自身	5530	219487
執着	5531	106020
出来上がる	5532	10396
装飾	5533	311659
踵を返す	5534	105592
道中	5535	148818
身動き	5536	205062
ぽん	5537
練る	5538	25588
のち	5539
通話	5540	189503
不穏	5541	128585
目を離す	5542
一流	5543	219246
拷問	5544	74085
歓喜	5545
聞き返す	5546	65081
パートナー	5547
古代	5548	244586
リスト	5549
青春	5550	141270
販売	5551	206896
さする	5552
前進	5553	95966
盛る	5554	6492
言語	5555	135757
羽織る	5556	31296
逆転	5557	180472
初めから	5558	14798
呼び方	5559	162436
どうしたら	5560
虎	5561	20988
切り捨てる	5562	179640
に当たって	5563	6195
厳重	5564	88551
幸せにする	5565	81934
埃	5566	16381
宿題	5567	149887
してみれば	5568
スーパー	5569
指名	5570	179665
縫う	5571	8596
属する	5572	63898
刃物	5573	244738
原	5574
寿命	5575	131253
まみれる	5576
これで	5577
にこやか	5578
どこにもない	5579
ささやく	5580
いっつも	5581
１時間	5582	212630
どうでもよい	5583
吠える	5584	12997
および	5585
フランス	5586
とめる	5587
にすぎない	5588
静かに	5589	46500
ビックリ	5590
引き続く	5591	72698
ざわめき	5592
つつく	5593
有様	5594	13600
折	5595	60885
とてつもない	5596
らも	5597
うらやましい	5598
投げかける	5599	89059
飛びつく	5600	39690
辛い	5601	14840
くう	5602
交代	5603	102295
予想通り	5604	306168
手助け	5605	188384
出	5606
辿る	5607	6896
構え	5608	48692
調べ	5609	50290
鞭	5610	29244
舞い上がる	5611	89787
空っぽ	5612	21088
十三	5613	125329
富	5614	54386
黄色	5615	82772
包丁	5616	82739
囚われる	5617	7992
甲高い	5618	66687
ねえねえ	5619
粉	5620	27780
どうかと思う	5621	162289
猛烈	5622	99162
設備	5623	256904
小刻み	5624	98457
だに	5625
感嘆	5626	150507
呑む	5627	7182
痺れる	5628	12195
強いる	5629	6600
物質	5630	180805
後頭部	5631
シャワー	5632
待ち合わせ	5633	186450
法律	5634	296966
重	5635	67890
吹き出す	5636	37587
提示	5637
社員	5638	175740
だらしない	5639
明後日	5640	12588
ぱっと	5641
送り出す	5642	130792
十六	5643	120136
曰く	5644	13285
前日	5645	259667
何日	5646	143672
宝物	5647	78334
救出	5648	207116
芸術	5649	159693
職場	5650
衣	5651	44491
住所	5652	238730
過剰	5653	116010
汚れ	5654	82463
日頃	5655	103951
すっ	5656
球	5657
手を打つ	5658	158583
本棚	5659	142830
現実的	5660	222061
形成	5661
自力	5662
側から	5663	13181
例え	5664	30501
ひっそり	5665
さえすれば	5666
倒れ込む	5667	90407
重力	5668	247797
空を飛ぶ	5669	169011
浴びせる	5670	48296
くらいなら	5671
軌道	5672
国境	5673	200732
ついさっき	5674
一直線	5675
権限	5676	110869
募る	5677	26895
くるくる	5678
言うまでもない	5679	19282
はやい	5680
真っ黒	5681	60387
いってくる	5682
ニコニコ	5683
ご一緒	5684	47196
このくらい	5685
ノリ	5686
賭け	5687
１週間	5688	164417
たいした	5689
はじめまして	5690
語りかける	5691	158536
ご両親	5692	233516
あらあら	5693
そらす	5694
ごらん	5695
おそらくは	5696
ける	5697
思い当たる	5698	186807
わが	5699
みっともない	5700
徹底	5701	163545
陰に	5702
宮	5703	24881
致命的	5704	187797
修復	5705
稽古	5706	41497
誤る	5707	104135
流れ込む	5708	115169
側面	5709	194917
寝かせる	5710	88765
一緒にする	5711	43975
ムカつく	5712
見極める	5713	119028
仰向け	5714	37294
不敵	5715	162671
修正	5716	290982
恋をする	5717	225597
棟	5718	256087
見物	5719	103565
紛れる	5720	15191
主義	5721	125302
ゴール	5722
よくよく	5723
日曜日	5724	170569
もどかしい	5725
食器	5726	141553
切	5727	20100
未熟	5728	159264
保管	5729	169721
大通り	5730	185999
手作り	5731	140263
恐縮	5732	121862
作用	5733	258218
と比べて	5734	57471
禁じる	5735
引退	5736	282928
知らせ	5737	51992
根性	5738	75588
枯れる	5739	7973
重たい	5740	103810
一向に	5741	21094
高価	5742	35081
付け加える	5743	48983
愚痴	5744	25694
ずらす	5745
遠ざける	5746	120993
切断	5747	200751
統一	5748	238266
標的	5749	226768
大切な人	5750	119153
この方	5751	31696
妊娠	5752	119496
流行	5753	101840
初めまして	5754	5690
傲慢	5755	59288
臨む	5756	29700
六十	5757	132270
成す	5758	1972
制止	5759
行	5760	177201
宿す	5761	86151
域	5762
にこにこ	5763
ならともかく	5764
言い分	5765	105245
ざっと	5766
家事	5767	63198
ミルク	5768
拗ねる	5769	7210
ぶつぶつ	5770
家具	5771	202344
降り立つ	5772	74097
冷静になる	5773
恩	5774	197578
視点	5775
鐘	5776
空ける	5777	4191
誰にでも	5778	51194
他人事	5779	45492
代償	5780
復帰	5781	137415
豊富	5782	132326
麻痺	5783	32786
に応じて	5784	127769
なおも	5785
組み合わせ	5786	149129
ありそう	5787
わりと	5788
おしゃべり	5789
うずくまる	5790
ご苦労	5791	51998
冷や汗	5792	128035
どうにもならない	5793
すぐにでも	5794
われわれ	5795
ところでは	5796
向かい	5797	60787
おかえりなさい	5798
控えめ	5799	51480
ぎりぎり	5800
教え	5801	82985
上機嫌	5802	122758
志	5803	65888
今月	5804	249733
ニヤリ	5805
可憐	5806	41683
逃走	5807
自分の力	5808	260558
そりゃそうだ	5809
老	5810
もとへ	5811
溜める	5812	8090
愕然	5813	55195
掻く	5814	2224
多	5815
密か	5816	6989
事業	5817	142712
惜しむ	5818	41592
果物	5819	64897
に備えて	5820	40686
申し出る	5821	162666
飲み干す	5822	86715
実戦	5823
偽	5824	36385
見下す	5825	131716
異性	5826
知らす	5827	90137
偽り	5828	50297
ぐるりと	5829
パニック	5830
とんだ	5831
ストレート	5832
音声	5833	210429
よく見ると	5834	64480
思い切り	5835	153086
振り切る	5836	61998
写る	5837	304911
反発	5838	110999
学	5839
学年	5840	238000
堪能	5841	88056
からすると	5842
生まれ変わる	5843	119269
堂	5844	32301
神妙	5845	121823
ドラマ	5846
所有	5847	218021
取り返す	5848	52886
紡ぐ	5849	43385
一冊	5850	117518
商店街	5851	247425
裏側	5852	125168
率	5853
書物	5854	139089
引き離す	5855	76787
詰め込む	5856	42689
ビビる	5857
怪しむ	5858	42482
形式	5859	230742
出向く	5860	116999
日記	5861	78492
狂気	5862	87989
往復	5863	209874
世紀	5864	228924
シーツ	5865
目の当たり	5866	70885
積み上げる	5867	72189
微笑ましい	5868	38899
兼	5869
従業員	5870
未練	5871	82152
計る	5872
正常	5873
真正面	5874	265980
陽気	5875	77098
栄養	5876	98509
意識を失う	5877	289423
予備	5878	277214
解き放つ	5879	102502
絞り出す	5880	58178
不意打ち	5881	91788
根本的	5882	237650
地区	5883	25965
はまる	5884
いまいち	5885
それはない	5886
手つき	5887	152967
ぴたり	5888
お見舞い	5889	73193
しみじみ	5890
腰かける	5891	68389
このあたり	5892
のぼる	5893
ともあれ	5894
いたる	5895
見つけ出す	5896	89650
それと	5897
笑いかける	5898	220277
じゃなきゃ	5899
始め	5900	2988
所	5901	251501
小	5902
館	5903	120001
説得力	5904	298201
境	5905	37100
保護者	5906	191589
杯	5907	91901
この野郎	5908	68581
犯行	5909	116937
不良	5910	143822
回数	5911	289288
足を運ぶ	5912
仲直り	5913	104839
通報	5914	166089
ややこしい	5915
拾い上げる	5916	65496
格	5917
工夫	5918	37192
驚かす	5919	48494
訂正	5920	194011
納める	5921	13191
生き返る	5922	115185
お楽しみ	5923	73986
屈辱	5924	141025
一筋	5925	37193
通り抜ける	5926	85542
後者	5927
映し出す	5928	93621
その気になる	5929	274051
大嫌い	5930	82432
触れ合う	5931	44286
担ぐ	5932	17185
順番に	5933	144090
適切	5934	186965
延々	5935	39497
軍隊	5936	165966
火事	5937	88010
追及	5938	140844
取り残す	5939	80887
却下	5940	285615
ふふん	5941
素	5942
立て直す	5943	77511
末に	5944	58490
解体	5945	115726
別々	5946	66199
断ち切る	5947	107719
実在	5948	242205
試しに	5949	32877
知	5950
批判	5951	119558
スプーン	5952
意を決する	5953
籠	5954	14987
最大限	5955	243712
張り付く	5956	28797
恥じる	5957	85181
三回	5958	306967
埋め尽くす	5959	91899
堅い	5960	12184
真意	5961
引っ込む	5962	33280
守り	5963	53991
愛おしい	5964	26285
強制的	5965	270258
古	5966	28284
ついつい	5967
内臓	5968	73685
今となっては	5969	38800
面会	5970	161829
極める	5971	33086
免れる	5972	32179
幻想	5973	150036
息苦しい	5974	226018
第四	5975	220094
時間が経つ	5976
アイデア	5977
冷やす	5978	71996
お家	5979	6691
お目にかかる	5980	81607
ってか	5981
２回	5982	166942
アリ	5983
あらためて	5984
パッと	5985
せえ	5986
おくる	5987
いいわけ	5988
それなのに	5989
わたる	5990
まもない	5991
都合のいい	5992	115507
ぶん	5993
やっていく	5994
気まぐれ	5995	61295
きっかけに	5996
お守り	5997	74670
出て来る	5998	35386
みえる	5999
ド	6000
二週間	6001	286854
青空	6002	80129
天然	6003	42279
飛び上がる	6004	42989
オッケー	6005
甘やかす	6006	88740
絡める	6007	26998
越す	6008	17785
後日	6009	128282
婦人	6010
吉	6011
当人	6012	261229
信念	6013
待ち構える	6014	101985
抱き寄せる	6015	131138
万全	6016	191225
境遇	6017	130335
業務	6018	215519
面倒を見る	6019	94215
ほっとく	6020
押し倒す	6021	124667
黙々	6022	77802
一目	6023	50799
改造	6024	191783
押さえつける	6025	40380
手遅れ	6026	224524
講義	6027
どうだい	6028
放り投げる	6029	109528
土下座	6030	137833
そら	6031
好きなだけ	6032	100603
牛乳	6033	134468
華奢	6034	38994
不吉	6035	136874
運転手	6036	260974
ラッキー	6037
真っ青	6038	47497
三百	6039	117726
そうですが	6040
風情	6041	39291
官	6042
詩	6043
振り絞る	6044	36678
背の高い	6045	251126
紫色	6046	143514
立ち直る	6047	130287
フォーク	6048
継続	6049	235503
沼	6050	49489
京都	6051
一分	6052
所へ	6053	2614
レストラン	6054
功績	6055
ざま	6056
会釈	6057	59389
するべき	6058
活用	6059
あったかい	6060
劇	6061	37085
一夜	6062	119317
目元	6063	161439
受験	6064	206654
足場	6065	166198
誠実	6066	197168
文明	6067
合間	6068	52690
根元	6069	93320
目前	6070
静まり返る	6071	54695
暴く	6072	37482
旗	6073
仲良し	6074	42289
滝	6075	20494
画像	6076
銀行	6077	160864
おす	6078
すがる	6079
２	6080
あいにく	6081
気にかける	6082	186205
か月	6083	205810
まだしも	6084
よくやった	6085
はじまる	6086
ごろ	6087
ふり	6088
イライラ	6089
何度も	6090	66995
しきりに	6091
いつのまにか	6092
こめかみ	6093
弾ける	6094	101468
りする	6095
行き先	6096	224921
金持ち	6097	140760
いまさら	6098
きょう	6099
並	6100	13990
へん	6101
干す	6102	38889
伝言	6103	201286
疑問に思う	6104	255955
縮める	6105	41585
帯	6106	29284
かの	6107
上目遣い	6108	168055
プログラム	6109
クール	6110
井	6111
公開	6112	296559
貧乏	6113	85299
要望	6114	74485
その際	6115	74275
苛立つ	6116	28600
制度	6117	281077
費用	6118	130515
滅多に	6119	7883
脅かす	6120	34689
トラック	6121
遂げる	6122	26192
相応	6123	115043
皆無	6124	152888
気取る	6125	65700
察し	6126
弁護士	6127	147994
足早	6128	187565
対照的	6129	302888
十七	6130	189879
価値観	6131
一秒	6132	241929
定期的	6133	259354
励む	6134	55683
歩き回る	6135	103708
半日	6136	236547
日差し	6137	131326
タクシー	6138
現地	6139	125497
集う	6140	67796
交える	6141	34489
尊重	6142	165927
一帯	6143
柵	6144	19734
ほんのり	6145
臆病	6146	62195
版	6147	200143
地震	6148
恐れ	6149	20191
悪戯	6150	6885
畳	6151	46798
お詫び	6152	17491
絶対的	6153	252544
どうと	6154
連	6155	147389
でもって	6156
戦略	6157	226262
のみならず	6158
見て取る	6159
加工	6160
ターゲット	6161
豆	6162	100701
疑惑	6163	149802
鼻先	6164	207733
リズム	6165
研究所	6166	231458
何があっても	6167	29989
小鳥	6168	34294
吹っ飛ぶ	6169	46987
くさい	6170
街中	6171	131956
質問をする	6172	283308
出世	6173	130433
十八	6174	128739
とぼける	6175
高鳴る	6176	131929
忍び込む	6177	48192
局	6178	87614
甲	6179	209401
汁	6180	37792
見	6181
冗談じゃない	6182	96918
追跡	6183	149417
最善	6184
よろめく	6185
贈り物	6186	73480
きらきら	6187
ポン	6188
ご挨拶	6189	28988
ひっくり返す	6190	41482
くっつける	6191
それこそ	6192
はく	6193
さながら	6194
にあたって	6195
ほんとうに	6196
無理もない	6197	66986
ねだる	6198
言うことを聞く	6199	44584
まわす	6200
車	6201	13694
器	6202
悪	6203	19647
軽蔑	6204	46892
だけあって	6205
大物	6206	131811
脇腹	6207	205799
今晩	6208	66098
雑談	6209	241001
言い残す	6210	90999
スケジュール	6211
共にする	6212	36097
当分	6213	66898
キャラクター	6214
庶民	6215	201445
コピー	6216
散らす	6217	31789
平静	6218	141014
威嚇	6219	59891
手早い	6220	130361
迎えに行く	6221	117705
明ける	6222	4191
すすめる	6223
気を抜く	6224
無能	6225	151826
チーズ	6226
吹き込む	6227
濁る	6228	49190
見透かす	6229	153714
走り去る	6230	197332
並み	6231	13990
乳	6232	43795
委員	6233	45900
建つ	6234
皺	6235	12586
委員長	6236	223256
仕入れる	6237	137382
都会	6238	297784
従える	6239	51980
食い込む	6240	58389
有無	6241	95535
何なのか	6242	10792
記者	6243
構築	6244	222661
宣伝	6245	158804
参加者	6246	293410
当の	6247	52888
仮	6248
生産	6249	146991
存在感	6250	246572
願望	6251
最	6252	29727
五百	6253	119029
と言うと	6254	2492
対決	6255	261767
お辞儀	6256	27386
関わり	6257	25388
快い	6258	42879
京	6259	114043
やっつける	6260
引き下がる	6261	65587
助言	6262	182552
気が済む	6263	253781
万人	6264
口々	6265	244987
食卓	6266
旅立つ	6267	131544
分だけ	6268	42477
貢献	6269	101492
とどまる	6270
天下	6271	154288
最新	6272
就職	6273	209660
大幅	6274	255699
寝顔	6275
ドン	6276
めんどくさい	6277
１枚	6278	115236
わりに	6279
見たところ	6280	12894
たいてい	6281
湧き上がる	6282	36986
おやすみなさい	6283
わけではありません	6284
及び	6285	5585
抱きかかえる	6286	99807
おもむろに	6287
ときどき	6288
ひと言	6289	15780
おろす	6290
もとより	6291
まかせる	6292
くせ	6293
タダ	6294
２日	6295	98426
しょう	6296
子どもたち	6297	70497
つくづく	6298
１本	6299	91311
つくす	6300
冊	6301	40591
取り乱す	6302	90934
今になって	6303	38992
塀	6304	8890
調達	6305
不便	6306	151675
無人	6307	141269
からして	6308
ってよ	6309
四年	6310
肺	6311	249201
病人	6312	148424
スポーツ	6313
究極	6314	158945
支持	6315
咎める	6316	22594
読書	6317	188603
手を上げる	6318	242796
口実	6319	295302
原稿	6320	89017
あしらう	6321
色気	6322	122450
髪型	6323
少なくなる	6324	85420
細工	6325	74743
留まる	6326	6996
のく	6327
体制	6328	82954
行き来	6329	66090
礼儀	6330	128207
粒	6331	19796
押し殺す	6332	101048
空腹	6333	140040
急ぎ	6334	83469
ピンチ	6335
有能	6336	169950
人口	6337	127576
だったろう	6338
平等	6339	112328
そっぽを向く	6340	58699
得	6341	71201
頭脳	6342	128326
走り回る	6343	141907
入れ替わる	6344	81667
不正	6345	163496
眠気	6346
ぞっと	6347
軽やか	6348	63500
どうせなら	6349
貧しい	6350	79448
に沿って	6351	125622
決する	6352	76865
何度でも	6353	103077
低下	6354	166817
身を隠す	6355	259120
手柄	6356	62891
言葉を交わす	6357	92070
幾	6358	32801
ほい	6359
取り組む	6360	87115
五日	6361
横切る	6362	75421
違反	6363	100718
調理	6364	211507
侮辱	6365	90936
経済	6366	209648
重視	6367	220044
直し	6368	52987
裁判	6369	114963
形相	6370	68598
代理	6371	86834
欲求	6372	289889
平	6373	18290
網	6374	27690
コツ	6375
牽制	6376	233861
建設	6377	224931
出血	6378	240292
大気	6379	259168
割って入る	6380	150594
役者	6381
死人	6382
睡眠	6383	135950
不	6384
拍子	6385
寺	6386
いってらっしゃい	6387
たてる	6388
まし	6389
とらえる	6390
おもちゃ	6391
ってな	6392
にらむ	6393
すり抜ける	6394	39798
できるようになる	6395
通りかかる	6396	80492
めでたい	6397
２時	6398
振る舞い	6399	26291
めがける	6400
どく	6401
放出	6402	277149
無理をする	6403	114264
気恥ずかしい	6404
一瞬にして	6405	240399
ストップ	6406
陸	6407	39099
とく	6408
奪い取る	6409	88230
突き飛ばす	6410	62791
向上	6411	257295
先月	6412
懐く	6413	18478
流行る	6414
個室	6415	120312
目を合わせる	6416
竹	6417
威厳	6418	96543
欠かす	6419	41990
にわかに	6420
お顔	6421	110997
抱き上げる	6422	82116
立ちはだかる	6423	84144
自動	6424	152092
共感	6425	216127
核	6426	194601
すんなり	6427
率直	6428	168150
仕切る	6429
心境	6430	190271
承諾	6431	137380
ちょい	6432
離脱	6433	213084
入	6434	71482
右側	6435
段々	6436	2383
報告書	6437	288446
自動車	6438	169123
人殺し	6439	75790
二重	6440	68294
植える	6441	224856
丈	6442	13976
逃亡	6443	197988
落胆	6444	143459
足跡	6445	95943
対等	6446	91068
学者	6447	185741
野球	6448	128484
メリット	6449
ベスト	6450
立ち寄る	6451	98344
取り付ける	6452	31389
抱き合う	6453	98990
数学	6454	243614
精	6455
毎朝	6456	205534
自業自得	6457	120029
切り離す	6458	119477
至るまで	6459	21783
無理はない	6460	74921
投入	6461	172667
漠然	6462	66190
心細い	6463	119429
代々	6464	286037
反する	6465	93263
突っ立つ	6466	34393
もう少しで	6467	68385
しっ	6468
罵る	6469	26098
取り繕う	6470	48781
侮る	6471	30488
巻	6472
利	6473
鹿	6474	105101
滑らか	6475	13289
わく	6476
日が暮れる	6477	220501
破裂	6478	113534
気を使う	6479	230754
活かす	6480	33397
幹	6481	27697
しばらくの間	6482	28598
出くわす	6483	70079
うける	6484
これこそ	6485
日付	6486	199157
なるだけ	6487
あのよう	6488
ろくな	6489
ことごとく	6490
決めつける	6491	60580
もる	6492
をもって	6493
釣り	6494	35992
なおす	6495
見せかける	6496	51290
山ほど	6497	152075
意味ない	6498	194993
すさまじい	6499
なんと	6500
げ	6501
イギリス	6502
手際	6503	84794
埋もれる	6504	79221
滑稽	6505	38294
引っ張り出す	6506	56283
１０分	6507	228074
同感	6508	208856
はにかむ	6509
ここら	6510
どうかしら	6511
行使	6512	300993
各々	6513	20689
動き回る	6514	126589
茶色	6515	152416
二枚	6516	136891
交互	6517	108371
本名	6518	226141
ペット	6519
業者	6520	311986
押し当てる	6521	77440
流し込む	6522	122735
専門家	6523
亡くす	6524
小走り	6525	259495
気を取り直す	6526	299370
逃げ込む	6527	102051
各国	6528	228181
べきではない	6529
同志	6530	59090
手の甲	6531
さらり	6532
忘れ物	6533	101383
しょっちゅう	6534
情報収集	6535	261962
説く	6536	307201
裏切り	6537	124506
頼りにする	6538	65594
少なからず	6539	76692
形状	6540
頼むから	6541	71495
プレッシャー	6542
ひらひら	6543
即	6544
押し出す	6545	91349
必ずしも	6546	51098
進展	6547
頑固	6548	56589
性別	6549	277539
責任者	6550	245476
自嘲	6551
割り切る	6552	82960
見計らう	6553	94228
比	6554
失格	6555	163623
と考えられる	6556	206824
態勢	6557
動じる	6558	71796
裂ける	6559
ライト	6560
パス	6561
ハート	6562
テーマ	6563
儚い	6564	20994
今こそ	6565	32796
真理	6566
手を回す	6567
鮮明	6568	99726
果てる	6569	25897
売り	6570	12591
毎晩	6571	150491
連想	6572
伝統	6573	119468
洋服	6574	132089
狼狽	6575	40596
最適	6576	266687
お約束	6577	127874
光を放つ	6578	298375
米	6579	53479
難い	6580	1267
科	6581
ぶちまける	6582
夜明け	6583	100579
さらなる	6584
たいへん	6585
うろつく	6586
紛れもない	6587	16387
にじむ	6588
あーあ	6589
なだめる	6590
ヨーロッパ	6591
につき	6592
なでる	6593
火をつける	6594	305229
とくに	6595
つかまる	6596
目をそらす	6597	253675
年寄り	6598	60898
さまよう	6599
しいる	6600
留まる	6601	6270
取り除く	6602	60999
使いこなす	6603	127435
先週	6604	128225
そうでなければ	6605
長男	6606
悲痛	6607	180179
由来	6608	59885
客観的	6609	262150
置き去り	6610	83054
弄ぶ	6611	14484
緩い	6612	10987
背中を押す	6613	268039
進歩	6614	315256
乏しい	6615	55196
許し	6616	41798
住まう	6617	16487
元に戻す	6618	75699
久しい	6619	54195
済ます	6620	35292
に加え	6621	143539
順に	6622	142012
敬語	6623
怠る	6624	57591
寒気	6625	83451
十一	6626	112553
お帰りなさい	6627	5798
誓い	6628	107064
感染	6629
不可解	6630	248087
輪郭	6631	77521
夕日	6632	52500
十日	6633	153467
欠点	6634	153798
ざわつく	6635
どうしたものか	6636
雑	6637	261136
公式	6638
口に運ぶ	6639
費やす	6640	67690
予言	6641	130399
覆す	6642	36499
表紙	6643	60585
開放	6644	69293
渋々	6645	12487
要する	6646	46516
気温	6647	205585
初め	6648	2988
透ける	6649	44200
設計	6650	163238
信号	6651	143103
また今度	6652	85355
度胸	6653	92788
打撃	6654	187196
専念	6655	196383
ぬるい	6656
数日後	6657
窮屈	6658	57988
時間帯	6659
お願いだから	6660	69991
正反対	6661	303704
嫌悪	6662
用心	6663	112579
河	6664	205301
個性	6665	117253
本題	6666	267950
面影	6667	41584
最優先	6668
待ち受ける	6669	137073
駆け込む	6670	45090
体質	6671	229167
申請	6672
よさそう	6673
痩せる	6674	17686
武	6675
お迎え	6676	76237
負傷	6677	217006
表向き	6678	76016
一変	6679	265167
長引く	6680	162221
医療	6681
摘む	6682	250202
替える	6683
あくび	6684
集まり	6685	80254
生まれて初めて	6686	134643
べし	6687
根本	6688	137015
くつろぐ	6689
すする	6690
おうち	6691
いっそう	6692
ある時	6693	14294
痛っ	6694	110985
ドイツ	6695
おろか	6696
あわ	6697
めぐる	6698
うろたえる	6699
しばしば	6700
角	6701
大金	6702	189734
わくわく	6703
直る	6704	16099
成る	6705	16
特性	6706	214326
火花	6707
考え事	6708	201979
実績	6709	269069
知性	6710	140452
早口	6711	217522
介入	6712	210292
人種	6713	213741
濃厚	6714	132662
推薦	6715	110767
必死になって	6716	169390
引き連れる	6717	42496
丈夫	6718	31791
飢える	6719	31184
名付ける	6720	302441
その気	6721
マイナス	6722
お時間	6723	218304
ピンク色	6724	301072
筆	6725	67738
追放	6726	206133
授ける	6727	44994
透き通る	6728	55791
プラス	6729
発達	6730	204145
話し始める	6731	219782
読者	6732	274196
びる	6733
コメント	6734
留守番	6735	87560
無縁	6736	184290
分野	6737	305606
本性	6738
そわそわ	6739
鈍る	6740	48000
感激	6741	229864
見比べる	6742	152260
徹夜	6743	120109
右足	6744	208826
権	6745
至極	6746	23284
最後の最後	6747	133411
苦戦	6748	119989
独占	6749	153662
繰り返し	6750	65978
成し遂げる	6751	47281
初期	6752
絶妙	6753	232535
一滴	6754	191325
突き止める	6755	27794
ちらちら	6756
左側	6757
一環	6758	112761
正す	6759
連絡を取る	6760	197887
とうに	6761
十四	6762
無責任	6763	222663
人員	6764	263805
手を組む	6765
三本	6766	149879
手順	6767	243675
意味不明	6768	279918
補う	6769	74079
遠目	6770	223108
養う	6771	70980
悪口	6772	312983
惨め	6773	13495
キレる	6774
見て回る	6775	131770
場合によって	6776	193320
二十歳	6777	43393
揺する	6778
迎え入れる	6779	148335
命を落とす	6780	145283
朝日	6781	52286
こうなると	6782
ちゃう	6783
源	6784	60718
ばい	6785
わり	6786
口ぶり	6787	67378
良くなる	6788	2979
ガス	6789
つぶす	6790
積もる	6791	32181
やかましい	6792
歯を食いしばる	6793
下に	6794	204623
引き出し	6795	48287
おかわり	6796
そんなわけで	6797
あきれる	6798
ほんとう	6799
よって	6800
前	6801	26898
空	6802	142901
平均	6803	214537
引き戻す	6804	74791
首都	6805	103254
揺れ	6806	61398
人手	6807
ばっちり	6808
工事	6809
どうしたって	6810
一月	6811	243704
早	6812	10164
五つ	6813	65689
アルバイト	6814
軽々	6815	76783
予想以上	6816
じわじわ	6817
期	6818
団体	6819	308516
上では	6820	58797
大臣	6821	191161
襟	6822	33995
永久	6823	185830
脅迫	6824	154070
何でもいい	6825	41682
仲が良い	6826	184968
出場	6827	265240
潮	6828	13974
連れ去る	6829	105643
造り	6830	23081
収入	6831	210959
退ける	6832	45590
音もなく	6833	295030
沢	6834	19777
途絶える	6835	56880
座席	6836	192964
憂鬱	6837	50895
呼び寄せる	6838	87863
行事	6839	108292
見習う	6840	132676
土曜日	6841	217177
限りない	6842	48397
嘲笑	6843	295500
果実	6844	306733
タイム	6845
持ち合わせる	6846	89646
余韻	6847	295998
務め	6848	34188
全体的	6849
快適	6850	197116
数多く	6851
緩やか	6852	12285
敗れる	6853
一心	6854	115659
成人	6855	220254
お付き合い	6856	21000
委員会	6857	152050
相違	6858	75964
一昨日	6859	16692
昭和	6860	151334
当事者	6861	264657
たか	6862
とことん	6863
楽器	6864
交際	6865	295463
勝	6866
尊い	6867	105828
身を守る	6868
変わりない	6869	84525
過酷	6870	260928
バタバタ	6871
絵画	6872	239889
引っ込める	6873	32794
正当	6874	125058
熱気	6875	196403
包み	6876	59480
確証	6877
経由	6878
一転	6879	35999
に加えて	6880	33197
全開	6881	162336
突き進む	6882	96353
嫌味	6883	50391
手出し	6884	222560
いたずら	6885
さぞ	6886
でっかい	6887
うなだれる	6888
まね	6889
いいかげん	6890
遅く	6891	52184
さらさら	6892
ワクワク	6893
一人一人	6894	22489
たりとも	6895
たどる	6896
かむ	6897
やしない	6898
おごる	6899
慌ただしい	6900	18799
開く	6901	3980
堪える	6902	43597
公	6903	57546
血管	6904	265536
追求	6905
賛同	6906	47094
秩序	6907	150208
要因	6908
自称	6909
大学生	6910	291787
償う	6911	53887
デザート	6912
聞き覚え	6913	298784
嫌になる	6914	26593
救急車	6915	195800
デビュー	6916
強気	6917	161412
悪人	6918	167288
通称	6919
拝む	6920	57292
屈する	6921	104951
各自	6922
夫妻	6923	55898
離れ	6924	114795
彩る	6925	68798
供給	6926	239728
増加	6927	220485
真摯	6928	46197
聞き流す	6929	161332
車内	6930
先祖	6931	29083
カバー	6932
必然	6933	202526
手を差し伸べる	6934
岡	6935	20093
投げ捨てる	6936	105150
ごっこ	6937
無念	6938	106716
男らしい	6939	193197
検索	6940	124298
妥当	6941	241115
据える	6942	18889
解析	6943	286559
失態	6944
制作	6945
覚める	6946
昼寝	6947	61386
強	6948
華麗	6949
無難	6950	99729
ふらつく	6951
書き込む	6952	41686
しゃがむ	6953
莫大	6954	77537
没頭	6955	198071
口走る	6956	215995
腹立たしい	6957	194839
彼自身	6958	173055
徒歩	6959	59093
仕上げる	6960	71791
政治家	6961
見過ごす	6962	161356
質問に答える	6963
実践	6964	131732
来月	6965	247246
悲惨	6966	108010
耳打ち	6967	242341
大阪	6968	86751
翻弄	6969	64096
通り越す	6970	107078
帰国	6971	134716
手応え	6972	314876
手招き	6973
深まる	6974	135308
海岸	6975
反抗	6976	248882
ホーム	6977
見込む	6978	28385
組み合わせる	6979	111662
素性	6980	72380
面する	6981	136409
業	6982	150201
かえる	6983
あり得る	6984	93453
まんま	6985
おつもり	6986
分かりやすい	6987	4583
できる限り	6988	79650
ひそか	6989
手当て	6990	99129
しでかす	6991
たまえ	6992
見込み	6993	316367
くわえる	6994
きたる	6995
とまる	6996
ところどころ	6997
方がよい	6998	10182
いいって言う	6999	17089
大きめ	7000	149869
たつ	7001
真に	7002	7389
まれ	7003
時間の問題	7004
この頃	7005	15385
一息	7006	70283
お世話	7007	112103
毎日のように	7008	206941
補充	7009	229914
嗚咽	7010	54400
来	7011	115092
諭す	7012	49598
甲斐	7013
敬意	7014	135668
津	7015
疑念	7016
七十	7017
善	7018	18793
沸く	7019	6476
階級	7020	201099
合計	7021
数少ない	7022	259115
問い詰める	7023	157958
同等	7024	136434
闘う	7025	30183
観光	7026	86416
世界一	7027	148339
奥深い	7028	149480
節	7029	26487
踊り	7030	50585
学問	7031	129749
生活を送る	7032
抜群	7033	75616
距離を置く	7034
下品	7035	185203
危険性	7036
細長い	7037	140438
定番	7038	228925
痕	7039	63301
演説	7040
指し示す	7041	88962
プラン	7042
四日	7043	66189
和	7044
退院	7045	142101
耳を澄ます	7046	204481
奉仕	7047	302350
明らかになる	7048	68278
出歩く	7049	65100
コーナー	7050
年後	7051
更新	7052
渋い	7053	44796
法則	7054	224114
サイト	7055
圧迫	7056	159380
足首	7057	252807
同い年	7058	185858
お風呂に入る	7059	151804
束ねる	7060	62287
先行	7061	237567
じりじり	7062
大層	7063	13986
見舞う	7064	64180
執拗	7065	59800
補助	7066	189843
後回し	7067	59889
警戒心	7068
近頃	7069	51787
息をする	7070	152315
匹敵	7071	167448
意図的	7072
現金	7073	127835
労働	7074	134029
浜	7075	46521
抱え込む	7076	56780
効果的	7077	206949
スムーズ	7078
驚くべき	7079	49494
持ち歩く	7080	185093
居心地	7081	103985
断じて	7082	242455
軒	7083	109652
稀	7084	7003
言葉をかける	7085	77499
押しかける	7086	55183
まぶしい	7087
はなれる	7088
なびく	7089
うまくやる	7090
大きすぎる	7091	128316
ひねる	7092
立ち上る	7093	45278
かすめる	7094
ざわめく	7095
どん	7096
悔やむ	7097	70786
正直なところ	7098
呼びかけ	7099	135038
踏みつける	7100	75511
表	7101
その度	7102	52285
形態	7103
カット	7104
名目	7105	81319
学習	7106	161939
競争	7107	98550
有力	7108	228161
口に入る	7109
頭に浮かぶ	7110	217852
速やか	7111	26994
視察	7112	304182
物語る	7113	88399
プライベート	7114
往来	7115	99567
隔てる	7116	31094
弱気	7117	96589
それ以来	7118	225244
巧み	7119	29496
観測	7120	196474
周	7121
こそこそ	7122
窓際	7123	115423
だけしか	7124
前半	7125	263143
報う	7126	67994
目で追う	7127	236436
拝見	7128	263620
応用	7129	136977
見当	7130	69789
現時点	7131
長時間	7132	247598
考え直す	7133	186555
借り	7134
関節	7135	143073
血を流す	7136	309653
死後	7137	211952
週末	7138	301258
言ったって	7139	16400
人前で	7140	183892
しばらくすると	7141
腕前	7142	107229
休息	7143
製造	7144
追いやる	7145	70183
乗り切る	7146	86793
それ自体	7147	303126
集中力	7148	288338
募集	7149	219881
リラックス	7150
絶好	7151	117760
勝る	7152	24078
論	7153	24193
不服	7154	168711
一日中	7155	230114
百年	7156	152902
何時	7157	33588
検証	7158
現役	7159	237945
警察官	7160	218047
心なしか	7161	56990
豪快	7162	128723
葛藤	7163	72097
因縁	7164	247320
苦悩	7165	102168
花が咲く	7166	196908
心情	7167
容疑者	7168	206797
身勝手	7169	209268
自在	7170	97756
見受ける	7171	117400
正気	7172
休暇	7173
必須	7174	203738
治安	7175	199496
祝い	7176	55489
失せる	7177	26198
寝床	7178	73490
好きなように	7179	109464
らな	7180
さんか	7181
のむ	7182
年月	7183	99154
寝ぼける	7184	71998
眠りにつく	7185	124861
ありとあらゆる	7186
のめる	7187
がん	7188
ご案内	7189	142405
気がつくと	7190	204106
ちっちゃい	7191
どういたしまして	7192
よみがえる	7193
成り行き	7194	27089
ずーっと	7195
おくれる	7196
食いつく	7197	77611
ほのか	7198
押しのける	7199	56988
電話をかける	7200	245024
うち	7201
反響	7202	159811
一台	7203	200842
に取って	7204	239
健全	7205	136610
お越し	7206
弱	7207	60397
詐欺	7208	52197
人通り	7209	195943
すねる	7210
好都合	7211
笑い出す	7212	116788
高貴	7213	67288
賞	7214
広める	7215	64892
見合う	7216	65098
権威	7217	139525
降参	7218	151584
知人	7219	170066
定義	7220	309181
お知らせ	7221	82442
早急	7222	289826
半端	7223	69590
高らか	7224	66800
遮断	7225	98315
おやおや	7226
報道	7227	230950
意向	7228
待ち	7229
召し上がる	7230	53198
揺る	7231	7495
思い描く	7232	221925
自信満々	7233	273356
群がる	7234	41988
革命	7235
生存	7236	291497
呼ばわり	7237	65582
あとから	7238
好ましい	7239	126740
拍子抜け	7240	166069
行列	7241	160379
無料	7242	220053
日曜	7243
に反して	7244	243411
支障	7245	267610
芽生える	7246	117621
犠牲者	7247	219355
大小	7248	121976
凝る	7249	10464
でよ	7250
自分勝手	7251	205542
動向	7252
明らかにする	7253	64282
週間	7254	208493
暁	7255	29692
片付く	7256	57890
気安い	7257	68098
害	7258	31028
孤立	7259	192470
探し出す	7260	67400
お連れ	7261	64399
公表	7262
逃げ場	7263
背伸び	7264	166151
本能的	7265	283599
万能	7266	192629
ゆらゆら	7267
犠牲になる	7268	162604
積み重ねる	7269	85654
品物	7270	110884
疑わしい	7271	84208
朝早く	7272	283256
くっきり	7273
いたって	7274
リード	7275
一人前	7276	122109
研究者	7277	294266
初耳	7278	168723
社会的	7279
涙が出る	7280	163836
蓄積	7281	200317
外国人	7282	173792
仕事中	7283	296772
直	7284	16463
いつにない	7285
つながり	7286
ちと	7287
荒らす	7288	35097
目をつける	7289	117813
ひっくり返る	7290	36194
良いこと	7291	18089
お供	7292	72900
すぐそば	7293
あっけない	7294
までも	7295
つかう	7296
引き込む	7297	55081
決着をつける	7298
長いこと	7299	85059
いやがる	7300
いやいや	7301
たる	7302
云々	7303	23689
作者	7304	149325
手を入れる	7305	270976
猶予	7306	142695
荒々しい	7307	68376
元通り	7308	44978
白状	7309	189366
生々しい	7310	52600
飛び交う	7311	84427
所持	7312	99773
援助	7313	170007
断定	7314	262907
差別	7315	150324
事項	7316	237981
第三者	7317
欠く	7318
選挙	7319	124921
沿い	7320	24991
律儀	7321	94963
計	7322	19105
危	7323
中心とする	7324
アウト	7325
成分	7326	264159
有名人	7327
極力	7328	163311
心理	7329
惑わす	7330	60284
囲う	7331	84503
人間関係	7332
採る	7333
慰め	7334	45096
すっぽり	7335
おさまる	7336
切り上げる	7337	99904
主な	7338	50292
恩人	7339	190023
思い知らす	7340
建築	7341	211986
隠し事	7342	113423
話題になる	7343
畳む	7344	14485
出張	7345	195225
ずる	7346
駆使	7347
連なる	7348	41899
読み	7349	32196
後ろめたい	7350	47485
独身	7351	161732
痛々しい	7352	74666
住居	7353	225768
うろうろ	7354
水分	7355	79595
短時間	7356
焦点	7357
原理	7358	203534
仮定	7359
放題	7360	63492
衰える	7361	62292
延長	7362	165628
切り取る	7363	142073
突き放す	7364	93754
せねば	7365
しなやか	7366
言い合う	7367	77198
身を引く	7368	260092
当	7369
割合	7370	53890
手を合わせる	7371	309191
破棄	7372	35889
来客	7373	200227
両側	7374	159010
記述	7375	228190
見解	7376	112657
合	7377
席に着く	7378	227692
初めは	7379	14784
罵倒	7380	199209
を回って	7381	15997
適する	7382	136709
仲がいい	7383	142663
持ちかける	7384	42890
ごちそうさま	7385
死ぬほど	7386
お出かけ	7387	36585
ためになる	7388
まことに	7389
いいかい	7390
第１	7391	25299
かじる	7392
のしかかる	7393
立ち入る	7394	112295
聞きつける	7395	67190
お使い	7396	30895
はる	7397
そうかい	7398
取り巻く	7399	32600
納得がいく	7400	188880
入る	7401
的	7402	27388
あたり	7403
笑	7404
しんどい	7405
関与	7406	99806
謙遜	7407	67093
当面	7408	210474
ぐっすり	7409
足す	7410	16384
交わる	7411	78669
案じる	7412	93138
寝不足	7413	239236
看病	7414	149883
自動的	7415	302145
危機感	7416	176834
間柄	7417	82479
偽る	7418	57473
すべ	7419
分類	7420	268186
特権	7421	201369
委ねる	7422	26386
規則	7423	92758
岸	7424	36299
定まる	7425	68497
推す	7426
連れ戻す	7427	89792
少数	7428	292654
生前	7429
寝起き	7430	149181
次から次へと	7431	90154
開き直る	7432	94738
恩恵	7433	241404
返し	7434	84079
焦げる	7435	39393
空になる	7436	36893
付き添う	7437	40400
支え	7438	89037
規定	7439	231000
競う	7440	56674
どっと	7441
過ち	7442	42392
引き換え	7443	232796
そそくさ	7444
格闘	7445	112195
つかまえる	7446
思いがけない	7447	113335
脅し	7448	56093
異論	7449
記載	7450	243542
清潔	7451	162810
占領	7452	117401
ポジション	7453
勤務	7454	160656
晴らす	7455	58482
大部分	7456	259177
損ねる	7457	24093
うんと	7458
徹する	7459	90539
就く	7460	18801
正真正銘	7461	164776
こだわり	7462
予告	7463	197391
重苦しい	7464	135279
鼻歌	7465	136515
がかる	7466
見入る	7467	30300
著しい	7468	44982
北海道	7469	164254
頂上	7470	79824
踏まえる	7471	50000
力を合わせる	7472	193373
入れ替える	7473	90032
臨時	7474	86871
直接的	7475	300785
見とれる	7476	64895
強がる	7477	121286
かりる	7478
たくましい	7479
よりによって	7480
とぶ	7481
どちらかというと	7482
ちょうどよい	7483
ロシア	7484
のんき	7485
しかける	7486
そのうちに	7487
はな	7488
あげく	7489
せいにする	7490
がかり	7491
ひく	7492
をおいて	7493
打ち消す	7494	137139
ゆる	7495
すくう	7496
仕方のない	7497	38284
申し込む	7498	166477
一息つく	7499	187223
汗をかく	7500	153644
家	7501
色	7502
あう	7503
葬る	7504	90145
物足りない	7505	135732
気を取られる	7506	287993
この通り	7507	13287
憂い	7508	68678
影響力	7509	265321
顔見知り	7510
強固	7511	69078
ついて来る	7512	2134
お伺い	7513	44597
背が高い	7514	262773
年代	7515	300375
参考	7516	109728
口を出す	7517	225066
閉鎖	7518	302806
認定	7519
公平	7520	101064
やり過ごす	7521	27591
政治的	7522	296074
アルコール	7523
明	7524
写真を撮る	7525	295219
項目	7526	143649
年生	7527	278486
図星	7528	91407
活気	7529	102309
辛抱	7530	46899
見破る	7531	139715
潔い	7532	36887
細か	7533	45981
今週	7534
事柄	7535	50494
迅速	7536	108446
代金	7537	222454
価格	7538
無性に	7539	68196
連れ込む	7540	70486
直ちに	7541	10978
言葉遣い	7542	89782
盛ん	7543	20398
単独	7544	137834
合理的	7545	225896
判定	7546	224318
人より	7547	77673
旨	7548	80623
詮索	7549
念を押す	7550	163195
片っ端から	7551	51891
妥協	7552	132238
溶け込む	7553	57489
所在	7554	162268
数年前	7555
安易	7556
遂行	7557	111213
汲む	7558	20607
電源	7559	301682
店舗	7560	112685
責任を取る	7561	267087
持て余す	7562	26888
かん	7563
安	7564
食い止める	7565	68690
生死	7566
恋しい	7567	127200
素質	7568	229586
育ち	7569	86532
市内	7570
延びる	7571	12780
甲斐がある	7572	23591
溝	7573	37995
誠意	7574	233912
言い張る	7575	83136
克服	7576	150453
つむ	7577
ある種	7578
休める	7579	63096
にわたって	7580
くら	7581
ほかにも	7582
あたかも	7583
近いうちに	7584	163198
ふさぐ	7585
かかわる	7586
またまた	7587
売り上げ	7588	242343
３時	7589	248578
させていただく	7590
しまい	7591
たやすい	7592
と言ってもいい	7593	23888
実際のところ	7594	97459
あいさつ	7595
色とりどり	7596	124412
つぶる	7597
わけにはいきません	7598
道のり	7599	83249
ねる	7600
そう	7601
移行	7602	41797
手先	7603	194663
大手	7604	195511
見送り	7605
それはそれは	7606
賢明	7607
健在	7608	181481
ことにより	7609
この目で	7610
面識	7611
乾燥	7612	94477
片足	7613	166621
冴える	7614	21499
適度	7615	252181
必然的	7616	292898
心の準備	7617	217661
承認	7618	73599
端から	7619	64494
古びる	7620	116671
気分が悪い	7621	316847
最小限	7622
まいか	7623
同席	7624
安らか	7625	59580
娯楽	7626	126229
大統領	7627	150903
読み上げる	7628	168856
まんまと	7629
何千	7630
談笑	7631	292479
仕返し	7632	74593
毎度	7633	31298
取り合う	7634	35599
子孫	7635	203592
弱まる	7636	164365
お見通し	7637	200400
旅に出る	7638	190737
盛り上げる	7639	97261
思い通り	7640	229675
腹を立てる	7641	162495
ごゆっくり	7642
運用	7643	215527
簡潔	7644	131280
満つ	7645	28101
もち	7646
絶つ	7647	7001
追い返す	7648	160290
一様	7649	78889
改良	7650	159855
ベース	7651
間際	7652	54484
限度	7653	281567
何か用	7654	151058
退散	7655	99580
多大	7656	65586
とどめる	7657
発覚	7658	193494
空想	7659	164453
泊める	7660
語り合う	7661	198647
手っ取り早い	7662	85615
ガタガタ	7663
懲りる	7664	34686
自負	7665	112236
どうやったら	7666
お世辞	7667	87515
形跡	7668	125218
依存	7669	141333
割く	7670	20002
確立	7671	206375
充満	7672	186736
言い過ぎる	7673	77427
接点	7674	309027
入れ	7675
この上	7676	41689
数千	7677	274235
業界	7678
素朴	7679	87525
絶大	7680
勇敢	7681	102280
その下に	7682
味がする	7683	170453
乗り気	7684	152495
さい	7685
おかげさまで	7686
自分のために	7687	191203
細かいこと	7688	83217
３	7689	85401
早く	7690	78082
話し声	7691
そうとも	7692
想像がつく	7693	257989
次に	7694	31049
まったい	7695
かす	7696
３回	7697	306967
かわる	7698
踏みにじる	7699	60887
思いつき	7700	237518
石	7701
対	7702	128601
悪気	7703	199290
同一	7704
反映	7705	195372
注意深い	7706
隅々	7707	35789
中間	7708	115415
解明	7709	255865
中学校	7710	231302
出産	7711	294993
サッカー	7712
押し上げる	7713	89368
郊外	7714
親族	7715	309269
弁解	7716	163875
不運	7717	20788
何時間	7718	245216
審査	7719
怖い顔	7720	213716
強まる	7721	147680
取り入れる	7722	77655
株	7723	24694
実質	7724
小石	7725	70285
誠に	7726	7389
臭	7727
無知	7728	29503
人柄	7729	115723
見苦しい	7730	113992
名称	7731	136917
漢字	7732	231572
次ぐ	7733	56501
印刷	7734	212203
活発	7735	89500
沿う	7736	7601
発明	7737	142955
苦	7738
参考になる	7739	198158
制	7740
過激	7741	274824
っぱ	7742
職務	7743
会合	7744	214268
暮れる	7745	66301
番目	7746	106743
表明	7747
無口	7748	160488
喜ばしい	7749	66397
センター	7750
数回	7751
念入り	7752	162460
だるい	7753
消化	7754	37389
間隔	7755
良好	7756	208948
押し切る	7757	113154
全面的	7758
蓄える	7759	31786
何物	7760	19092
強要	7761
コミュニケーション	7762
日中	7763	250090
かる	7764
愛想	7765	57194
視野	7766	67498
産	7767
辞退	7768	293184
愛す	7769	68097
意義	7770	46878
過ぎ去る	7771	97129
期限	7772
早まる	7773	67280
参考にする	7774	217777
注意を払う	7775	293453
範囲内	7776
ギャップ	7777
発行	7778
食後	7779	248943
依然として	7780	101145
その道	7781	199584
か否か	7782	163800
主要	7783	127286
し始める	7784	24390
アプローチ	7785
然	7786
どころではない	7787
目につく	7788	167161
閉じこもる	7789	56699
かわり	7790
くの	7791
際に	7792	49180
身なり	7793	50686
そろえる	7794
うつる	7795
ふるう	7796
たたえる	7797
ふだん	7798
年ぶり	7799	265463
そのくせ	7800
行	7801	33017
米	7802	73596
着用	7803
前者	7804	272268
待遇	7805	150139
乗客	7806	283527
要領	7807
復興	7808	202953
日課	7809	74689
ステップ	7810
色彩	7811	229830
需要	7812
打ち切る	7813	110980
元来	7814	110721
衝撃的	7815	292832
乗り出す	7816	40577
を巡って	7817	15997
写す	7818	51483
連日	7819	264010
一から	7820	68378
総合	7821	68495
出版	7822	130742
無関心	7823	284530
主催	7824	220100
一目見る	7825	244703
自分一人	7826	141569
打	7827
葬式	7828	120222
肉体的	7829	294807
につれ	7830
仕立てる	7831	61289
糧	7832	248597
乱れ	7833	284769
署名	7834	165995
就任	7835	258492
見通し	7836
縮まる	7837	75310
見通す	7838	119401
順	7839	31796
どうしてる	7840
夜が明ける	7841
呼び名	7842
一軒	7843
破綻	7844	73073
長生き	7845	187058
洗練	7846	167734
同居	7847	216402
終始	7848	120127
そうでない	7849
経歴	7850	215423
和らぐ	7851	34488
料金	7852	217282
減少	7853	121417
立ち上げる	7854	198000
対話	7855	81432
備わる	7856	53783
オープン	7857
路上	7858	221792
際立つ	7859	57286
分間	7860	312526
故障	7861	229499
投資	7862	105260
安心感	7863
感情的	7864	304439
共同	7865	128487
良心	7866	123384
組み立てる	7867	183351
日間	7868
古くから	7869	150165
関東	7870
発売	7871	282420
夜遅く	7872
悪者	7873	68188
金銭	7874	108369
災害	7875	131810
しく	7876
まく	7877
一端	7878
困ったこと	7879	90906
損なう	7880	25085
すます	7881
わきまえる	7882
めったに	7883
結びつく	7884	81924
うら	7885
結びつける	7886	73296
見当がつく	7887	127857
にあたり	7888
支払い	7889	275101
かぶせる	7890
ありのまま	7891
けが	7892
手をつける	7893
あおる	7894
早すぎる	7895	102394
ばかりか	7896
立ち会う	7897	112004
顧みる	7898	29582
このところ	7899
しかた	7900
次	7901
各	7902	20689
中にも	7903	35090
不都合	7904	162010
短期間	7905	275460
気がある	7906	84051
世話をする	7907	140467
撤回	7908	143512
半数	7909	105934
方向性	7910	249535
後押し	7911	126535
断固	7912	206397
収集	7913	50291
平日	7914	223007
軽快	7915	107214
実物	7916	237584
想像力	7917
理想的	7918	313340
思う存分	7919	185543
軸	7920	35088
痛感	7921	285919
沖	7922	24384
集	7923
改まる	7924	32984
注視	7925
災難	7926	121380
劇的	7927	228897
効率的	7928	265684
遅れ	7929	51082
印象的	7930	258824
身元	7931	86520
中心部	7932
負	7933
に当たり	7934	7888
政策	7935
直面	7936
初めに	7937	8197
料	7938
偏見	7939	151393
歴史的	7940
設立	7941	315467
転じる	7942
ならでは	7943
格段	7944	166807
繁栄	7945
人気がある	7946
事実上	7947	255686
インタビュー	7948
かかわらず	7949
責任を持つ	7950	287469
混雑	7951	152437
面積	7952	264622
代える	7953
調	7954
催す	7955	35394
導入	7956
メーカー	7957
学生時代	7958	251360
南部	7959	136566
不公平	7960	201913
に限らず	7961	295178
も一つ	7962	20190
生き生き	7963	32797
早める	7964	36578
存続	7965	298492
痛める	7966
このため	7967
と見られる	7968	19497
農家	7969	311854
情勢	7970
いと	7971
たびたび	7972
かれる	7973
ことし	7974
１万	7975	125334
ふた	7976
２週間	7977	286854
あさ	7978
インド	7979
みずから	7980
１０日	7981	153467
ありあり	7982
このように	7983
かけ離れる	7984	60079
さえない	7985
１０時	7986	119912
なれる	7987
みなす	7988
５日	7989
またがる	7990
４年	7991
とらわれる	7992
急に	7993	63088
心がける	7994	113764
はねる	7995
心身	7996	222355
５	7997
４つ	7998	56791
見なす	7999	7988
しのぐ	8000
末	8001
着	8002	48487
文書	8003	222338
尽力	8004	128005
診断	8005
交互に	8006	254102
日程	8007
請求	8008
毎日毎日	8009	214583
浸透	8010	292211
省く	8011	46797
悩ます	8012	66376
必要性	8013
その一方	8014	102730
妨げる	8015	45187
便	8016
費	8017
脱する	8018	97885
正午	8019	120911
典型的	8020	287159
親しみ	8021	258524
容疑	8022	175635
営む	8023	66393
日常生活	8024
実質的	8025
手法	8026
格別	8027	60085
適用	8028	268908
着実	8029
順序	8030	127888
実態	8031	200553
いたずら	8032
全体で	8033	117914
改革	8034	212488
無条件	8035	250428
受け付ける	8036	85544
付け	8037	97322
転落	8038	151084
措置	8039	207770
歴代	8040	308356
毎月	8041	244947
富む	8042	53494
極度	8043
戦後	8044	137689
言い渡す	8045	102139
従来	8046	232362
試み	8047	68297
日常的	8048
柔軟	8049	164703
掲載	8050	190345
担当者	8051
世界的	8052
防止	8053	108976
病気になる	8054	150242
経済的	8055	285538
横浜	8056	124036
自分なり	8057
発信	8058	245857
言及	8059	219114
県	8060
実施	8061	193106
近年	8062	301061
普及	8063	117673
原則	8064	130463
訴え	8065	127270
進出	8066	255964
住宅	8067	269454
携わる	8068	49282
インターネット	8069
転換	8070
ビジネス	8071
産業	8072	186150
第一歩	8073
自立	8074
民間	8075
定着	8076
望ましい	8077	127003
好	8078
長期	8079	210465
不当	8080	79278
影響を及ぼす	8081	297046
厳格	8082	142951
個別	8083	246539
協議	8084
メディア	8085
規制	8086
４時	8087	88603
５時	8088	65585
４月	8089	120354
ためる	8090
当てはまる	8091	37893
８時	8092	140907
思いやり	8093	167156
はじめとする	8094
４日	8095	66189
ならう	8096
９時	8097
６時	8098	185233
７時	8099	191597
つなげる	8100
合意	8101	134984
観点	8102	163342
全般	8103	286569
教訓	8104	202919
両国	8105	276539
景気	8106	115848
会見	8107	134569
輸入	8108
意欲	8109	105768
余儀なくされる	8110	132172
相次ぐ	8111	75683
役割を果たす	8112
国際	8113	214421
緩和	8114	104149
不可欠	8115
先立つ	8116	81424
東京都	8117
打ち出す	8118	108182
幅広い	8119	213190
冒頭	8120	150266
平成	8121
に基づいて	8122	49692
魔物	8123	164700
俺達	8124	74193
殿下	8125	134706
婚約者	8126	141913
令嬢	8127
勇者	8128	75167
魔王	8129
陛下	8130	152980
スキル	8131
隊長	8132	116901
魔術	8133	105715
魔女	8134	78452
国王	8135	250553
王都	8136	108646
お姉	8137	36085
結界	8138
帝国	8139	127038
頰	8140	8699
嬢	8141	19574
伯爵	8142	113396
姉さん	8143	29197
精霊	8144	91327
スマホ	8145
族	8146	31099
召喚	8147
王族	8148	253037
使用人	8149
おっぱい	8150
公爵	8151
王女	8152	228015
筈	8153	206
水着	8154	149225
ウチ	8155
父上	8156	161755
刑事	8157	167209
勿論	8158	266
魔法使い	8159	105532
声を掛ける	8160	158843
兵器	8161	238278
討伐	8162	168332
エッチ	8163
クラスメイト	8164
将軍	8165	102829
噓	8166	2769
妖精	8167	73894
ボス	8168
流石に	8169	693
騎士団	8170	180104
種族	8171	187538
領地	8172
属性	8173	153629
リビング	8174
寮	8175
兄様	8176	40791
侍女	8177
冒険者	8178	118749
貴女	8179	285511
王宮	8180
異世界	8181	193914
アイテム	8182
龍	8183	20799
洞窟	8184	71183
ランク	8185
変身	8186	94724
アンタ	8187
このうち	8188
身につく	8189	159247
じゃねー	8190
基づく	8191	49889
オレ	8192
アイツ	8193
ボク	8194
３月	8195	241131
キミ	8196
はじめに	8197
ハァ	8198
そなた	8199
きみ	8200
石	8201
モンスター	8202
近付く	8203	49797
領	8204
領主	8205
弾丸	8206	161513
街道	8207	68594
双子	8208	60091
嚙む	8209	6897
王様	8210	88681
ドラゴン	8211
転移	8212	254109
ギルド	8213
当主	8214
執事	8215	251385
魔術師	8216	240963
○	8217
里	8218	23747
兄ちゃん	8219	24389
喰らう	8220	8795
皇帝	8221
王家	8222
相棒	8223	209605
お前さん	8224	68695
旦那様	8225	45391
狩る	8226
漆黒	8227
前世	8228
摑む	8229	1798
ヒロイン	8230
暗殺	8231	207475
祭	8232	30884
エレベーター	8233
お嬢	8234	58089
団長	8235	143403
呻く	8236	10393
飛行	8237	82940
店長	8238	182615
王妃	8239	307808
生徒会	8240	279119
聖女	8241
神殿	8242
呟き	8243	12784
強張る	8244	9588
姉ちゃん	8245	17883
マント	8246
巨体	8247
プレイ	8248
声音	8249
股間	8250	182117
鞘	8251	28199
平民	8252	213668
クッキー	8253
何処	8254	148
エリア	8255
討つ	8256
厨房	8257	104904
叩き込む	8258	52490
村人	8259	151480
つーか	8260
云う	8261	86
弾く	8262	9397
足下	8263	70890
侯爵	8264
屋台	8265	253004
息を呑む	8266	182592
加護	8267
盗賊	8268	135150
クリスマス	8269
仕留める	8270	22686
ねん	8271
卿	8272
探偵	8273	94768
訊ねる	8274	8790
使者	8275	219254
激突	8276	186709
細める	8277	62884
方が良い	8278	1849
ぬいぐるみ	8279
事はない	8280	591
ねー	8281
コイツ	8282
首をかしげる	8283	140019
アタシ	8284
さー	8285
ご主人様	8286	54597
ハア	8287
パーティ	8288
うしろ	8289
ウサギ	8290
なにせ	8291
アハハ	8292
気持	8293	19095
分る	8294	455
コレ	8295
見やる	8296	65681
ううむ	8297
仰る	8298	2031
おじいちゃん	8299
ぜんぜん	8300
警官	8301
唾液	8302	115738
ワンピース	8303
薔薇	8304	16491
ロボット	8305
軍人	8306	162574
拳銃	8307	159009
ピアノ	8308
部員	8309	128244
握り締める	8310	36496
蹴り	8311	154234
病室	8312	175302
包帯	8313	62583
じゃろう	8314
従者	8315	152690
事にする	8316	395
見張り	8317	128567
乳首	8318	51500
むむ	8319
銃声	8320	242063
ちん	8321
躊躇う	8322	4986
坊	8323	289048
ロープ	8324
くすくす	8325
締め付ける	8326	28585
カフェ	8327
結晶	8328	137508
広間	8329	130707
ヶ	8330
砂漠	8331	64531
叔父	8332	10317
巫女	8333	33386
大将	8334
テント	8335
モニター	8336
絶頂	8337	169421
部室	8338	194622
潜入	8339	183716
感知	8340
邪悪	8341	151508
お陰で	8342	886
鋼	8343	59290
マイク	8344
気持ち良い	8345	18583
剣士	8346	101581
怯む	8347	11300
バイク	8348
治癒	8349	77918
ローブ	8350
蠢く	8351	13983
庭園	8352	256423
抱き締める	8353	47973
解る	8354	455
フロア	8355
檻	8356
包囲	8357	226601
咆哮	8358
乳房	8359	78399
ああん	8360
推理	8361	187648
軋む	8362	17096
雫	8363	19696
如き	8364	3691
胴体	8365	152986
戦術	8366	165432
閣下	8367	287601
男爵	8368	139737
煙草	8369	20386
無傷	8370
決闘	8371
轟音	8372
突き立てる	8373	64193
フード	8374
魔法陣	8375	190211
ぶっちゃける	8376
体育館	8377	239207
耐性	8378
長身	8379
向う	8380	10093
ソファー	8381
はー	8382
一ヶ月	8383	275724
凍りつく	8384	83382
灯り	8385	14099
あははは	8386
ネズミ	8387
悲鳴をあげる	8388	148758
ツッコミ	8389
クズ	8390
おっきい	8391
だいじょうぶ	8392
デカい	8393
なにしろ	8394
我らが	8395	124377
間合い	8396	150749
ふい	8397
ご主人	8398	77103
あのう	8399
あいだ	8400
炎	8401
真	8402
アイス	8403
丁度	8404	1006
淹れる	8405	251917
中々	8406	405
激痛	8407
崎	8408
同盟	8409
執務室	8410	283042
補給	8411	203193
チョコ	8412
折角	8413	746
容易い	8414	7592
先代	8415	108312
砦	8416	46291
子供達	8417	70497
薬草	8418	312227
護る	8419	18589
突き上げる	8420	48489
習得	8421	209748
援護	8422	109880
担任	8423	159283
追撃	8424	197233
視線を落とす	8425
お前達	8426	10481
跳躍	8427	169014
迷宮	8428	142105
触手	8429
温もり	8430	10694
エプロン	8431
上級	8432	187636
壁際	8433	112381
事が出来る	8434	319
祖母	8435	86003
課	8436
判る	8437	455
凛	8438
酒場	8439	194591
変装	8440
坊主	8441	57692
迂闊	8442	11098
草原	8443
壊滅	8444	104060
汝	8445
その辺り	8446	8696
有る	8447	14
気合	8448	199052
閃光	8449
筆頭	8450	184508
決戦	8451	196963
チケット	8452
精液	8453	141729
ステータス	8454
混じり	8455	13587
ひょっとしたら	8456
鑑定	8457	255695
辺境	8458
無し	8459	1108
足止め	8460	285356
繋がり	8461	7286
列車	8462	164023
斧	8463	27399
昨晩	8464	274570
次期	8465
無様	8466	29489
浄化	8467	241582
傭兵	8468	110345
凶悪	8469	288024
エロい	8470
兄上	8471	117200
短剣	8472
歩き始める	8473	211506
遺跡	8474
水晶	8475
っつー	8476
殲滅	8477	77170
邸	8478
あの娘	8479	163263
絡みつく	8480	24593
溜息	8481	42099
まー	8482
思いだす	8483	58599
クマ	8484
殆ど	8485	388
切り札	8486	307067
ゆう	8487
キレイ	8488
太もも	8489	27196
お主	8490	9585
あはははは	8491
つづく	8492
ン	8493
はっはっは	8494
ご存知	8495	44886
裏切り者	8496	102913
舞	8497	68601
飛びかかる	8498	38390
照れくさい	8499	58583
すてき	8500
絨毯	8501	32188
文化祭	8502	160959
ちょっぴり	8503
剣術	8504	216047
チョコレート	8505
消失	8506	199278
ぎょっと	8507
蝶	8508	105039
秘書	8509	149158
体育	8510	185214
特訓	8511
嫁ぐ	8512	87656
ランプ	8513
一年生	8514	190164
受け流す	8515	160274
なんざ	8516
江戸	8517	54489
瞬く間に	8518	43093
腹部	8519
配下	8520	196154
物資	8521	109345
宴	8522	61894
帝	8523	53984
妾	8524	50488
三階	8525
訳じゃない	8526	1351
嘆息	8527	301707
制圧	8528	234990
パーセント	8529
蜜	8530	20545
妖怪	8531
その事	8532	1093
ダンジョン	8533
命中	8534	202561
てめぇ	8535
称号	8536	196188
助手	8537	150902
侵入者	8538	213699
ベルト	8539
恐い	8540	4689
回り込む	8541	43497
シャッター	8542
校内	8543
エルフ	8544
狐	8545	34772
セックス	8546
看護師	8547	248729
きゅっと	8548
恰好	8549	18590
身に着ける	8550	168424
革	8551	42401
スルー	8552
詠唱	8553	151729
マスク	8554
至近距離	8555	283786
料理人	8556	257974
唖然	8557	51197
妃	8558
火傷	8559	8590
コンクリート	8560
絵を描く	8561	154198
虚空	8562	77861
無敵	8563	116947
図書室	8564	305347
流石	8565	900
処	8566	104
異国	8567	221562
必殺	8568	104729
之	8569	34
亀裂	8570
幻覚	8571
蹂躙	8572	55384
金貨	8573
役人	8574	258185
燃え上がる	8575	101875
為す	8576	1972
っしょ	8577
零れる	8578	3692
射精	8579	105558
もじもじ	8580
片付け	8581	65478
開閉	8582	300600
距離を詰める	8583
すげぇ	8584
ぜんぶ	8585
それより	8586
ワシ	8587
友だち	8588	25100
メガネ	8589
やけど	8590
幼なじみ	8591	76735
あした	8592
ちょいと	8593
暫く	8594	572
故に	8595	3633
ぬう	8596
幼馴染	8597	76735
忌々しい	8598	22497
カバン	8599
我が国	8600	108713
教	8601
浮遊	8602	117894
電波	8603	258361
渾身	8604
女房	8605	99565
装着	8606
守護	8607	64100
前線	8608
迎撃	8609	210534
俺様	8610	88255
訝しい	8611	30897
個体	8612	120100
研究室	8613	306283
郎	8614
紋章	8615	290409
初心者	8616	310870
奇襲	8617	108044
民衆	8618	237162
混沌	8619	69490
目を瞑る	8620	223743
残骸	8621	125685
顔を背ける	8622
羞恥	8623
鼻で笑う	8624
鍛錬	8625	200548
園	8626	210201
喘ぐ	8627	18091
学院	8628
呪	8629
逢う	8630	7503
跳ね上がる	8631	55993
接続	8632
戦慄	8633	58399
瞬く	8634	22599
玉座	8635	167417
恋人同士	8636	146691
基地	8637	26698
こくり	8638
ジャンプ	8639
指揮官	8640	228412
ブロック	8641
雑魚	8642	78744
男達	8643
またも	8644
致命傷	8645	214134
化ける	8646	55600
銃弾	8647
侍	8648	38500
髭	8649	13436
おめえ	8650
灯る	8651	21897
転生	8652
愛人	8653	130684
呑み込む	8654	22382
鱗	8655	33885
衆	8656	269307
手を繋ぐ	8657	165836
工房	8658	79281
壺	8659	18370
スパイ	8660
白髪	8661	54470
客人	8662	225400
妹さん	8663	192728
神話	8664
缶	8665	132102
乗っ取る	8666
偵察	8667	119639
ぼーっと	8668
突っ伏す	8669	45287
将	8670
新作	8671	194156
守	8672	24599
噴く	8673
ゾンビ	8674
跪く	8675	13590
解	8676
占い	8677	74866
寝台	8678
案件	8679	225024
反転	8680	300301
言葉に詰まる	8681	158944
いままで	8682
こみ上げる	8683	15900
見つめ合う	8684	102697
口をつぐむ	8685	231773
おぞましい	8686
けども	8687
メシ	8688
事ができる	8689	319
ちくしょう	8690
冷ややか	8691	65388
かれ	8692
やわらかい	8693
ワケ	8694
口ごもる	8695	123777
そのあたり	8696
ふたたび	8697
ため息を吐く	8698	68496
ほお	8699
死神	8700	204949
クッション	8701
暗黒	8702	232503
にも関わらず	8703	2742
虚ろ	8704	15791
笛	8705	14182
商会	8706
羽目になる	8707	16697
数名	8708	289020
羊	8709	45882
一万	8710	125334
凶器	8711
生徒会長	8712	295660
吸血鬼	8713	201724
神々	8714	157031
奏でる	8715	50600
銃口	8716
液	8717
理	8718
井戸	8719	41889
女子生徒	8720
何せ	8721	8291
絵本	8722	78883
一団	8723
城壁	8724	210193
どする	8725
顔を歪める	8726
ストーカー	8727
身体能力	8728
虚しい	8729	11100
サンドイッチ	8730
手を挙げる	8731	242796
武士	8732	33799
王城	8733
零す	8734	3694
に付いて	8735	233
駐車場	8736	227684
買い取る	8737
繫がる	8738	2354
幾つか	8739	1880
仕様	8740	194946
使い手	8741
暗がり	8742	86486
挿入	8743	149959
装甲	8744
尋問	8745	88434
尾行	8746	260291
女子高生	8747	219066
兎	8748	11891
君達	8749	19596
眉を寄せる	8750	158099
予定通り	8751	277272
彷徨う	8752	6599
浴衣	8753	49288
魅了	8754	218131
撃退	8755	203086
眼下	8756
正座	8757
炸裂	8758	103936
校門	8759	279795
茂み	8760	49879
苦々しい	8761	65392
ちゃう	8762
ソース	8763
浸かる	8764	14897
処女	8765	110898
純白	8766
彼女自身	8767	269826
脈	8768	80530
神官	8769
奥歯	8770	312464
転校	8771	131220
宿屋	8772
伊達	8773
魔獣	8774	161288
変換	8775	141686
駆け上がる	8776	56495
滅ぶ	8777	71282
押し黙る	8778	104769
射撃	8779
課長	8780	125397
家出	8781	86624
集落	8782	316760
声を張り上げる	8783	291883
リンゴ	8784
後ずさる	8785	35794
まぶた	8786
立ちあがる	8787	60894
クラブ	8788
さわる	8789
たずねる	8790
つう	8791
アハハハ	8792
出入り口	8793
じいさん	8794
くらう	8795
訳ではない	8796	986
寄りかかる	8797	38689
けん	8798
まとわりつく	8799
あいだに	8800
土	8801
ぶっ	8802
侵攻	8803
男子生徒	8804
物凄い	8805	2309
一手	8806	166199
無いと	8807	432
眼光	8808
宮殿	8809	209184
授業中	8810	234719
階段を上る	8811	293493
桃	8812	14096
玩具	8813	6391
瓦礫	8814	39399
目を凝らす	8815	265129
きょろきょろ	8816
先導	8817	71089
口の端	8818	248728
砲	8819
弄る	8820	4208
書斎	8821	129896
監禁	8822	105005
言葉通り	8823	107704
要塞	8824
全裸	8825
採取	8826	124644
階層	8827
僕達	8828	13281
紅い	8829	28071
木製	8830	275972
旅人	8831	130946
ラーメン	8832
八十	8833	115629
区画	8834	122572
レシピ	8835
射る	8836
重量	8837	224772
側近	8838	245808
背筋を伸ばす	8839
子爵	8840
難易度	8841
手を叩く	8842	296076
力を抜く	8843	246610
リアクション	8844
白衣	8845	91929
イエス	8846
げっ	8847
急かす	8848	28796
トンネル	8849
保健室	8850	186907
某	8851
バイバイ	8852
正論	8853	233506
トラウマ	8854
銀髪	8855	221597
又	8856	81
双	8857	255001
反則	8858	132146
同調	8859
ぶんぶん	8860
慈悲	8861	110846
彼等	8862	21285
爺	8863	31096
ごくり	8864
命を奪う	8865	218032
シート	8866
撒く	8867	7877
宰相	8868
大袈裟	8869	26793
鬱陶しい	8870	14091
胴	8871
イラスト	8872
殺し合う	8873	170032
お嫁さん	8874	62487
畜生	8875	8690
苦悶	8876	58296
屍	8877	49987
プロポーズ	8878
遊園地	8879	105974
車両	8880	208327
攻撃力	8881	227560
もどる	8882
すげー	8883
オチ	8884
現われる	8885	9094
なになに	8886
ゴメン	8887
うなる	8888
不意に	8889	14395
へい	8890
にやにや	8891
コラ	8892
ゆうべ	8893
どのみち	8894
おじいさん	8895
ぼろぼろ	8896
夕暮れ	8897	110374
変る	8898	7698
だれか	8899
とたん	8900
原	8901
花嫁	8902	161251
羽根	8903	211489
風呂場	8904	136002
捻る	8905	7092
物理	8906	51295
封	8907	46102
あんま	8908
真上	8909	151549
想定外	8910
ゲート	8911
本命	8912	143969
大男	8913	142312
斬撃	8914	272790
羽ばたく	8915	36979
問答無用	8916	211983
軍勢	8917	159105
言葉を紡ぐ	8918	210278
手帳	8919	152526
寝転がる	8920	127266
寄越す	8921	4497
四月	8922	120354
千年	8923	151897
仮説	8924
威圧感	8925
背中を向ける	8926	220068
たじろぐ	8927
歌声	8928	153552
言葉を切る	8929	101925
恐るべき	8930	41591
私服	8931
溢れ出す	8932	43494
ペニス	8933
会議室	8934	243229
失踪	8935	93229
裏口	8936	236555
水色	8937	141420
信者	8938
連行	8939	149896
シチュエーション	8940
ゲット	8941
膨れる	8942	19585
部外者	8943
水中	8944	203255
勧誘	8945	207828
王太子	8946
憶える	8947	10692
罪人	8948
脱がす	8949	83272
魔族	8950	306587
紙袋	8951	224484
しゃがみ込む	8952	11782
顔を覆う	8953	277324
ぼうっと	8954
鶏	8955	55882
異形	8956
囮	8957	18894
有	8958	8487
収納	8959
っつう	8960
体中	8961	56197
張り詰める	8962	53196
女優	8963	237933
獅子	8964	22593
ロビー	8965
尚	8966	1206
降伏	8967
見惚れる	8968	64895
水音	8969	192691
姫様	8970	65185
縋る	8971	6079
口に含む	8972
子犬	8973	112385
引き留める	8974	47200
回想	8975
襲い掛かる	8976	51087
たん	8977
大分	8978	2047
花びら	8979	76249
ぬぐう	8980
腕組み	8981	136823
まじ	8982
切っ先	8983	71685
なにも	8984
うわさ	8985
クソッ	8986
見習い	8987
はずす	8988
溜息をつく	8989	68496
おそるおそる	8990
頑な	8991	22899
かわいらしい	8992
ウフフ	8993
おにぎり	8994
わるい	8995
これぐらい	8996
色合い	8997	241360
おやつ	8998
月明かり	8999
バッチリ	9000
聖	9001	71806
羽	9002
ウチ	9003
系統	9004	135850
勝者	9005
四肢	9006
強敵	9007
脆い	9008	11797
謁見	9009
素手	9010	92371
お茶会	9011	182299
分解	9012	202589
レア	9013
はしたない	9014
そんで	9015
出力	9016	243911
プレイヤー	9017
初恋	9018	143781
程に	9019	1539
五月	9020	260743
咥える	9021	6994
殺到	9022	131824
滴る	9023	23395
孕む	9024	17489
細身	9025
冷気	9026	245512
凶暴	9027	281994
警護	9028	121560
声色	9029	85422
部品	9030	199319
肩を竦める	9031	238184
機体	9032
逡巡	9033	83397
着信音	9034
出来るだけ	9035	2722
サラダ	9036
賊	9037
突き	9038	189357
悪役	9039	225489
己が	9040	35484
傷を負う	9041	219601
噴水	9042	197756
小首を傾げる	9043	217032
ライブ	9044
ラジオ	9045
一際	9046	9294
オーケー	9047
星空	9048	227817
消し去る	9049	229785
特化	9050	79134
口説く	9051	70891
貫通	9052	218333
ぼやく	9053
膨れ上がる	9054	33299
お喋り	9055	5789
捕獲	9056	142504
愛撫	9057	89798
創造	9058	163702
と言うか	9059	1320
躱す	9060	4488
蜘蛛	9061	14991
エスコート	9062
敵に回す	9063
耐えきれる	9064	92624
ガード	9065
悶える	9066	31400
相対	9067
薪	9068	84484
粉砕	9069	281944
のう	9070
飛び立つ	9071	98113
お皿	9072	131378
そういうことなら	9073
ぐちゃぐちゃ	9074
生身	9075	271410
シルエット	9076
込み上げる	9077	15900
早足	9078	116453
目玉	9079	108261
身を起こす	9080
コスプレ	9081
引き締める	9082	44394
やない	9083
パンチ	9084
楽園	9085	130855
着信	9086
大人びる	9087	70782
おやじ	9088
くれてやる	9089
おばちゃん	9090
うめき声	9091	205781
口づけ	9092	44087
おおよそ	9093
あらわれる	9094
なんだっけ	9095
あてがう	9096
ギュッと	9097
さきほど	9098
ズル	9099
キャー	9100
がっくり	9101
悪党	9102	291707
旅館	9103	156378
偽装	9104	112641
遂に	9105	1087
得体の知れない	9106	91824
体型	9107	197569
パジャマ	9108
三月	9109	241131
ひんやり	9110
手綱	9111	63297
シリーズ	9112
皆殺し	9113	219917
香	9114
交差	9115	62489
梅	9116	25381
目をつぶる	9117	223743
閃く	9118	12579
変形	9119	296600
隊員	9120
幻影	9121	199604
給仕	9122	103772
無くす	9123	1294
治める	9124
ロック	9125
オリジナル	9126
近衛	9127
当然ながら	9128	160987
注ぎ込む	9129	79272
不能	9130	144180
酸素	9131	163043
破壊力	9132	271383
即死	9133
か細い	9134	40193
刺繍	9135	65892
プリント	9136
嫌悪感	9137	265719
サンキュー	9138
出掛ける	9139	22297
携える	9140	40082
融合	9141	167697
取得	9142
あご	9143
はて	9144
半身	9145
ぴくり	9146
ビクビク	9147
手の平	9148	21893
廃墟	9149	302805
祭壇	9150
片腕	9151	200623
数値	9152	154260
道場	9153
創る	9154	2146
時間を稼ぐ	9155	301575
死骸	9156
馬鹿げる	9157	28994
封鎖	9158	184658
健気	9159	25384
隣国	9160	280851
人体	9161
職員室	9162	211937
独り	9163	1846
押し潰す	9164	66699
爺さん	9165	8794
対戦	9166	132315
自我	9167	57195
興味津々	9168	194865
他ならない	9169	24483
揉める	9170	10893
パーツ	9171
眼球	9172	290354
喉を鳴らす	9173	121540
引き締まる	9174	50181
第五	9175
距離感	9176
返信	9177
するり	9178
脱力	9179
いじめ	9180
コ	9181
かけら	9182
ソレ	9183
ひとしきり	9184
よぎる	9185
マネ	9186
むろん	9187
かたち	9188
こんど	9189
どいつもこいつも	9190
おんなじ	9191
名残惜しい	9192	119522
噛みしめる	9193	19300
まみれ	9194
そういや	9195
落ちつく	9196	21586
かわりに	9197
よける	9198
グッと	9199
口をつける	9200	162924
水	9201
側	9202	1512
空く	9203	4177
素	9204	2802
宮廷	9205	244480
砂浜	9206
棘	9207	33699
細胞	9208	123602
攫う	9209	5494
死角	9210
手持ち	9211	237378
グラウンド	9212
勝敗	9213	118883
階下	9214
婚姻	9215	293891
十歳	9216	267038
亀	9217	33188
校長	9218
魔道	9219	260802
両肩	9220
思い至る	9221
運び込む	9222	106760
地形	9223	142630
勝ち目	9224	159968
香水	9225	286549
刀身	9226
近隣	9227	235697
体を起こす	9228	158653
一組	9229	151822
反	9230
不味い	9231	1479
懸ける	9232	202
敬礼	9233	151098
万一	9234	94292
鷹	9235
組み込む	9236	126978
実体	9237
優	9238	49091
鼻息	9239	237786
呆ける	9240	22699
怒声	9241
連絡先	9242	280290
編む	9243	9980
判別	9244	253877
思いきや	9245	122238
砕け散る	9246	167098
人混み	9247	109314
堪る	9248	1816
目配せ	9249	116038
微動	9250	165648
兵隊	9251	130635
波打つ	9252	232076
しょんぼり	9253
拡散	9254	309979
応答	9255	259929
微笑みかける	9256	56376
勝ち誇る	9257	198323
御用	9258	107787
損傷	9259	134030
殿	9260	128894
強度	9261	137165
ぼやける	9262
視覚	9263	82177
絹	9264	45293
強者	9265
吊り上げる	9266	39880
衛兵	9267	229873
毛皮	9268	137142
洗脳	9269	150747
無残	9270	48787
セクハラ	9271
鈍感	9272	187402
別荘	9273	140721
端末	9274	251977
たった一つ	9275	17291
両目	9276
喚く	9277	10797
路	9278
こぼれ落ちる	9279	54897
引きこもる	9280	44996
先ほどから	9281	33795
１番	9282	4199
ははあ	9283
なにもない	9284
これっぽっち	9285
チラリ	9286
あだ名	9287	44088
多め	9288
詫びる	9289	32798
ふつう	9290
ムダ	9291
アア	9292
ひらく	9293
ひときわ	9294
まじめ	9295
浮き上がる	9296	86446
足手まとい	9297	251763
サラ	9298
かき消す	9299	84773
この度	9300	61987
里	9301
塾	9302	36891
軍団	9303	164954
障壁	9304
門番	9305
では無い	9306	100
Ｔシャツ	9307	113175
ジャケット	9308
火照る	9309	28388
打ち付ける	9310	61885
即ち	9311	3393
山道	9312	121934
恍惚	9313
小指	9314	186743
極まりない	9315	30490
滑り込む	9316	39993
領土	9317	244963
ジ	9318
轟く	9319	25693
付与	9320	24289
あっと	9321
世間話	9322	262190
重々しい	9323	96982
時間稼ぎ	9324
前置き	9325	152241
愚か者	9326	121649
宙に浮く	9327	278233
逝く	9328	65
たま	9329
場違い	9330	244641
重傷	9331
首輪	9332	117015
赤面	9333	204420
ゴム	9334
村長	9335
異質	9336	198842
蒼い	9337	35282
伸びをする	9338	55392
辛うじて	9339	5390
脱ぎ捨てる	9340	65784
高位	9341	128419
アクセサリー	9342
補佐	9343	105844
面接	9344	215815
吐き気	9345	136966
剣を抜く	9346
の様に	9347	165
留学	9348	287534
何処か	9349	286
伝承	9350	236750
母ちゃん	9351	36383
隔離	9352	58594
お仕置き	9353	26588
石畳	9354	149934
飛び回る	9355	78172
咳	9356	14367
授かる	9357	82370
ファイル	9358
援軍	9359	213323
儀	9360
子猫	9361	69782
飛び越える	9362	77640
目を見張る	9363	292965
赤子	9364	67177
真下	9365	104220
編集	9366	100705
切り替わる	9367	201988
血が流れる	9368
迷子	9369	76065
撃破	9370
躍る	9371	74854
継承	9372	108460
だからと言って	9373	3996
舌を出す	9374	266287
至急	9375	92088
同胞	9376	203462
合宿	9377	162468
仇	9378	22481
騎	9379
言葉を返す	9380	174646
目尻	9381	108598
腕力	9382	208903
後継者	9383
ハ	9384
ちっぽけ	9385
ほー	9386
結局のところ	9387	86120
２階	9388	120329
引き渡す	9389	89690
引き止める	9390	47200
しかしながら	9391
たどりつく	9392
おまえら	9393
呼び出し	9394	292592
ぎゃあ	9395
振りかぶる	9396	53087
はじく	9397
モン	9398
えっち	9399
音をたてる	9400	250193
裏手	9401	249593
ずるずる	9402
丸ごと	9403	18500
軽	9404
立ち位置	9405	283087
二年生	9406	303271
各種	9407
貪る	9408	18493
心の声	9409
突き抜ける	9410	66384
開け放つ	9411	83868
逃げ切る	9412	156949
警備員	9413
態度を取る	9414	271941
まじまじ	9415
地下室	9416	191858
老婆	9417	237880
心当たりがある	9418	163570
進学	9419
論理	9420	180508
赤らめる	9421	63883
防具	9422	224760
四角い	9423	192979
特徴的	9424
感慨	9425
幾つも	9426	2467
もぐもぐ	9427
名刺	9428	122492
月光	9429	77303
トマト	9430
ゴブリン	9431
諦め	9432	27893
様になる	9433	330
特製	9434
体当たり	9435	186461
遺産	9436	45688
むっと	9437
駆け巡る	9438	51293
芸	9439	119795
お宅	9440	17500
暗殺者	9441
冷酷	9442	214961
ぐいぐい	9443
子息	9444	130879
殻	9445	128801
遠巻き	9446
コンビ	9447
儂	9448	3093
哲学	9449	133744
遠距離	9450	253287
恨めしい	9451	36084
心外	9452	251255
協力者	9453
花束	9454	210341
危惧	9455	58785
空白	9456	208005
背丈	9457	103318
燃料	9458	266317
静けさ	9459	73588
雑草	9460	152932
ごろごろ	9461
狂	9462
牢	9463
生気	9464
真夜中	9465	96539
野生	9466
可	9467
帝都	9468	249433
スピーカー	9469
数歩	9470	231102
診察	9471	218881
正門	9472
遡る	9473	15590
堕ちる	9474	11495
長ける	9475	26597
受話器	9476	206844
陰謀	9477	190514
ままならない	9478
敢えて	9479	2208
しょせん	9480
いっしょ	9481
ゴロゴロ	9482
以て	9483	5492
フリをする	9484
びくびく	9485
マンガ	9486
ピッタリ	9487
持ち物	9488	109515
ばらばら	9489
手をつく	9490
じい	9491
なぜだか	9492
おもう	9493
と言って	9494	18598
わき	9495
死にかける	9496	152053
こたえる	9497
頃合い	9498	59286
いいとこ	9499
だれも	9500
値	9501
頬を染める	9502	186003
窮地	9503	155060
城内	9504	161049
亡霊	9505
恐らくは	9506	5696
生命力	9507	187136
香りがする	9508	102319
マスコミ	9509
蹴散らす	9510	82472
ストーリー	9511
行き交う	9512	96885
コード	9513
気圧される	9514	119455
部署	9515	117572
派閥	9516
ガンガン	9517
反乱	9518
変貌	9519	119658
マナー	9520
実のところ	9521	55998
大剣	9522
オレンジ	9523
手下	9524	170552
大概	9525	19774
小動物	9526
血筋	9527	105615
文学	9528	246145
大歓迎	9529	162875
切り抜ける	9530	101388
生成	9531
不本意	9532	242457
立て続け	9533	58088
キモイ	9534
経験値	9535	282339
宿命	9536	229653
ぽんぽん	9537
要	9538	27401
家臣	9539
シナリオ	9540
御者	9541	93205
九時	9542
役員	9543
劇場	9544	163312
極限	9545	303407
恐れ入る	9546	53900
家柄	9547
上層部	9548
カラオケ	9549
無駄にする	9550	72393
九十	9551	124276
保険	9552
しっとり	9553
眩い	9554	12891
スライム	9555
わっと	9556
初代	9557	284678
舟	9558	44599
視力	9559	167626
常人	9560
一人暮らし	9561	148625
デスク	9562
締まる	9563	34483
粒子	9564	142473
三時	9565	248578
悠然	9566
消え失せる	9567	225249
沸騰	9568	97361
膣	9569	61680
ずらり	9570
陣取る	9571	197770
若き	9572	224320
握り返す	9573	119462
獣人	9574	148743
陽光	9575	126519
急所	9576	238370
桃色	9577	90817
部位	9578	39286
びくりと	9579
ちゅう	9580
見舞い	9581	94296
スッキリ	9582
てっぺん	9583
終る	9584	16189
おぬし	9585
いい男	9586	143276
あーん	9587
こわばる	9588
われ	9589
今日のところは	9590	117515
ステキ	9591
ぬく	9592
思いきり	9593	153086
手すり	9594	58591
さよう	9595
言える	9596	20688
あれっ	9597
キョロキョロ	9598
フラフラ	9599
じゃあね	9600
じゃん	9601
行く手	9602	72094
悠長	9603	83610
飛び跳ねる	9604	75105
ちょこん	9605
才	9606	22971
先方	9607	75486
話は別	9608	257764
相談に乗る	9609	219788
定か	9610	51689
ぞろぞろ	9611
競技	9612	151476
養子	9613
製作	9614
ぶつかり合う	9615	26587
大いなる	9616	72498
縮む	9617	62500
淑女	9618	256142
ちらっと	9619
筒	9620	51801
頭が痛い	9621	197470
分身	9622	150287
生き残り	9623
朦朧	9624	30299
威圧	9625	143638
許	9626	2363
掲示板	9627	283668
垣間見る	9628	88520
エロ	9629
直視	9630	209096
洗濯物	9631	127660
食糧	9632
子供っぽい	9633	163088
様な	9634	70
校庭	9635
打ち砕く	9636	113259
迷子になる	9637	128033
外套	9638
朗らか	9639	33090
寄り道	9640	250241
静止	9641	300650
入力	9642	271128
無茶苦茶	9643	14200
枕元	9644	57687
口出し	9645	284272
エース	9646
オーナー	9647
球体	9648
クリーム	9649
巡回	9650	212655
美術	9651	214372
転送	9652	140067
眉根を寄せる	9653
ダッシュ	9654
大喜び	9655	131040
今宵	9656	32684
タコ	9657
同期	9658	308497
裁く	9659
賞賛	9660	105071
吹っ飛ばす	9661	56695
緊急事態	9662	224775
小物	9663	278902
害する	9664	270375
輸送	9665	152788
湯船	9666	95387
支配者	9667
彫刻	9668	151769
飛び乗る	9669	71899
がっちり	9670
心中	9671	151697
ハマる	9672
ごきげんよう	9673
もたれかかる	9674
奇怪	9675	73078
引っ越し	9676	131161
おそろしい	9677
ことば	9678
ネコ	9679
とろける	9680
ほぐす	9681
かすれる	9682
あん	9683
くだす	9684
あとにする	9685
窓ガラス	9686	121767
とたんに	9687
降りかかる	9688	39394
口をきく	9689	255002
ヘン	9690
にこり	9691
言いだす	9692	39385
ちがいない	9693
チラチラ	9694
声かけ	9695	275762
ズレる	9696
アッ	9697
おまけ	9698
じゃろ	9699
席につく	9700	227692
ひょいと	9701
物陰	9702	83975
泣き叫ぶ	9703	215444
結合	9704	256335
白銀	9705	249121
走り抜ける	9706	165135
善意	9707
もやもや	9708
三年生	9709
火力	9710
点数	9711	215799
幾度も	9712	120262
ネクタイ	9713
余程	9714	2331
手近	9715	162714
苛む	9716	27991
仕組む	9717	68492
送信	9718
地帯	9719	221738
専属	9720	140854
ネックレス	9721
腑に落ちる	9722	117670
あんな風に	9723	10592
縮こまる	9724	67773
模する	9725	16983
機構	9726
呼応	9727	212671
柳	9728	54492
バター	9729
返り討ち	9730	189326
脈打つ	9731	218298
靴下	9732	71391
かわす	9733
送り届ける	9734	148564
リング	9735
危害を加える	9736	295637
迎え撃つ	9737	99466
差し入れ	9738	204674
口内	9739
死刑	9740
荷	9741
片目	9742
大柄	9743	169104
楽勝	9744	203355
ぶら下がる	9745	25174
怒号	9746	93826
そうみたい	9747
操縦	9748	168728
爆発音	9749
士気	9750
直々	9751	26789
商業	9752	193278
補足	9753	131874
怪我人	9754	124539
弾き飛ばす	9755	88248
赤黒い	9756	143123
一段落	9757	184161
陽	9758
漁る	9759	19085
侵す	9760	64699
連合	9761	197586
廻る	9762	4589
思い直す	9763
資質	9764	166373
昼飯	9765	83946
音色	9766	253376
家畜	9767	225430
八時	9768	140907
顧問	9769
ぶるぶる	9770
ほほう	9771
お金持ち	9772	166611
軽口	9773
不審者	9774	243634
ぽっかり	9775
途方に暮れる	9776	90533
十九	9777	197869
チビ	9778
馬鹿馬鹿しい	9779	18477
二人して	9780	32788
元凶	9781	191861
喪失	9782
ハンバーグ	9783
胸中	9784	197232
ほどく	9785
虹	9786	29598
精いっぱい	9787	33385
ヒト	9788
なぞ	9789
背もたれ	9790	244249
なにもかも	9791
カエル	9792
気がない	9793	140655
気がかり	9794	251469
ちい	9795
とかなんとか	9796
ワタシ	9797
むき出し	9798	128574
ほどほど	9799
もらす	9800
芝生	9801	90912
常連	9802	132616
疲弊	9803	150414
十時	9804	119912
お祈り	9805	90535
水滴	9806
ふむふむ	9807
戦況	9808
オレンジ色	9809	210735
全い	9810	7695
埋め込む	9811	121637
容器	9812	237211
張	9813
いやでも	9814
大国	9815	267815
禍々しい	9816	42880
簡素	9817	150019
腕時計	9818	198819
義母	9819	84106
侵略	9820	166360
だけでいい	9821
一理	9822	209328
踏ん張る	9823	34284
突き破る	9824	101436
真横	9825	258194
さあて	9826
無線	9827
矢先	9828	72088
言葉を選ぶ	9829	199787
目を奪う	9830
爆破	9831	142124
行き着く	9832	52596
黄	9833
狙撃	9834	104632
たん	9835
身を寄せる	9836
温か	9837	23698
西洋	9838	123935
情け	9839	53790
賢者	9840	143556
マッサージ	9841
先刻	9842
助け出す	9843	119232
数多	9844	23399
昨年	9845	250971
見返り	9846	220244
逸れる	9847	14994
幼女	9848	123575
露わ	9849	13388
気が引ける	9850
黒幕	9851	246612
慣れ	9852	25192
真逆	9853	212041
可能な限り	9854	304651
混む	9855	4273
上達	9856	244459
婿	9857	37287
更なる	9858	6584
六時	9859	185233
奇遇	9860	279562
身柄	9861	189041
釘	9862	35896
二十五	9863	215879
山々	9864	27788
プリン	9865
無垢	9866	36402
撒き散らす	9867	54898
やり遂げる	9868	35098
目に映る	9869
押し返す	9870	117391
艦	9871
歪	9872	18191
胸の内	9873
奥底	9874
乗っかる	9875	37089
鮮血	9876
大差	9877	223734
長居	9878	249764
せめてもの	9879
札	9880	51313
ナンパ	9881
フリ	9882
もたれる	9883
こった	9884
ひとつひとつ	9885
よぶ	9886
なんとしても	9887
建前	9888	85941
かなえる	9889
どきどき	9890
やっかい	9891
噛みつく	9892	28390
スッと	9893
馴染み	9894	18293
ご用	9895	107787
よけい	9896
コト	9897
ふたりとも	9898
数ヶ月	9899
さみしい	9900
たって	9901
その為	9902	951
編成	9903	224548
絡まる	9904	31300
八月	9905	215741
染み	9906	24197
張本人	9907	282702
奢る	9908	6899
仕込み	9909
圧	9910
休み時間	9911	231026
目を背ける	9912
雄叫び	9913	89395
思い込み	9914
息子さん	9915	139772
救い出す	9916	109385
作動	9917	99164
号令	9918	166184
因果	9919	239964
飛	9920
射程	9921	137837
精鋭	9922	184624
陥れる	9923	55786
滅亡	9924	163467
雄	9925	47601
愛液	9926	164571
気分転換	9927	248060
諸	9928
手が届く	9929	270301
満喫	9930	168877
びっしり	9931
酷	9932	122601
高み	9933	108961
鋼鉄	9934
達人	9935	152625
ふれる	9936
引っ掛かる	9937	10998
蒼白	9938	91425
画	9939
うねる	9940
中枢	9941	154360
尚更	9942	4893
賑わう	9943	23695
あたたかい	9944
飼い主	9945
二分	9946	221279
被せる	9947	7890
心苦しい	9948	267128
ポスター	9949
はぐれる	9950
トーン	9951
議員	9952
走り続ける	9953	304590
互角	9954	162932
従順	9955	181472
１個	9956	77760
煮る	9957
ジャージ	9958
押しつぶす	9959	66699
非常識	9960	215069
膣内	9961	297245
強盗	9962	110836
霞む	9963	16683
ハードル	9964
斜面	9965	117417
ウッ	9966
今日中に	9967	130410
邪	9968	35183
外壁	9969	240161
抑え込む	9970
茶化す	9971	46900
股	9972	81901
寝そべる	9973	78277
飛び出る	9974	109569
小川	9975	114058
二月	9976	274839
身を任せる	9977	274987
ぽつん	9978
望むところ	9979	72382
あむ	9980
途方もない	9981	57181
ぶっきらぼう	9982
殴りつける	9983	57788
のばす	9984
荒野	9985
イタズラ	9986
ではなさそう	9987
弱み	9988
ほん	9989
首をひねる	9990	160121
気をつけ	9991	110875
引きつける	9992	24290
くち	9993
だまる	9994
ブツブツ	9995
またもや	9996
ごちそう	9997
まなざし	9998
はぐらかす	9999
かます	10000
畳	10001
文面	10002
報いる	10003	66884
切り落とす	10004	151147
主婦	10005	161307
憤怒	10006	78361
ぶっ殺す	10007	87939
次いで	10008
腹が減る	10009	164750
砲撃	10010	184852
悪寒	10011
釘付け	10012	62391
我が子	10013
作法	10014	148600
話を振る	10015
鎮める	10016	110911
血の気	10017	195078
遺伝子	10018	208162
何倍も	10019	216614
修羅場	10020	122577
静まる	10021	34879
艶やか	10022	38087
光線	10023
戦闘力	10024
揺らめく	10025	24088
不用意	10026	298529
芽	10027
ファンタジー	10028
鎌	10029	43701
生やす	10030	38783
ムード	10031
面食らう	10032	61399
迷い込む	10033	109427
義父	10034	86084
大粒	10035	183010
立ち並ぶ	10036	105523
朱	10037
後々	10038	39593
裕福	10039	169185
生憎	10040	6081
性欲	10041	237435
藤	10042	44887
兜	10043	35178
渇く	10044	11597
貯める	10045
院長	10046	133319
自重	10047
使い道	10048	191444
半月	10049	198473
台無し	10050	74198
大方	10051	15199
人気者	10052	205122
躊躇い	10053	10089
仕上げ	10054	98539
同年代	10055
淵	10056
坊や	10057	53397
顔を赤らめる	10058
ぶらぶら	10059
暗示	10060	263914
と言うより	10061	1195
孤児院	10062	146507
必ずや	10063	69696
本屋	10064	316056
増幅	10065	229850
抜き取る	10066	69585
両脇	10067	143755
車輪	10068	98854
条	10069	165802
口角	10070
激怒	10071
昔話	10072	132327
麗しい	10073	40287
灯	10074	14099
紅潮	10075
ぶら下げる	10076	27885
中へ入る	10077	84496
悪く言う	10078	136023
逃げ回る	10079	132356
嬢ちゃん	10080	126556
峰	10081	40384
嵌める	10082	5287
紛れ込む	10083	41688
待ち伏せ	10084	122097
倉	10085	7581
ど真ん中	10086	82190
私ども	10087	31495
さげる	10088
ためらい	10089
カッコイイ	10090
居合わせる	10091	69280
フン	10092
むかう	10093
まばら	10094
バラ	10095
いち	10096
おねえちゃん	10097
目にあう	10098	62691
ぐずぐず	10099
ピタリ	10100
どの	10101
理	10102	39023
未	10103
犯	10104
トランプ	10105
続行	10106	306595
釘を刺す	10107	191029
指令	10108
誰一人	10109	65489
ぺこり	10110
迷路	10111	136988
発音	10112	260529
具合が悪い	10113	117842
だらだら	10114
協会	10115	214232
学期	10116	82149
プロジェクト	10117
演劇	10118	191426
バトル	10119
味見	10120	167810
甘く見る	10121	152233
聡明	10122	74579
経路	10123	119881
一閃	10124
速	10125
範疇	10126	101187
浮上	10127	186908
海賊	10128	147631
手を抜く	10129
か弱い	10130	38684
高揚	10131
停まる	10132	6996
収束	10133
房	10134	24789
青色	10135	200429
すべく	10136
強い力	10137	307587
正月	10138	160048
最上階	10139
神秘	10140	110471
主任	10141	214670
隠蔽	10142	96670
程がある	10143	10582
この上ない	10144	52984
託す	10145	49994
喉元	10146	67391
翻訳	10147	92690
工作	10148	101524
戦車	10149	124449
ランチ	10150
睨み付ける	10151	11990
バック	10152
まじまじと見る	10153	136677
寝坊	10154	92794
人工	10155
アナウンス	10156
満月	10157	188923
付	10158	5079
持ち上がる	10159	60175
ターン	10160
溢れ出る	10161	67381
お化け	10162	83196
上気	10163
はや	10164
入浴	10165	238701
証人	10166
七時	10167	191597
や否や	10168	16599
寝込む	10169	101325
八つ当たり	10170	74474
宴会	10171	105123
噂話	10172	128798
体を動かす	10173	163167
谷間	10174	119231
樹木	10175	147761
超越	10176	163503
家庭教師	10177	195551
滅茶苦茶	10178	3398
行ってらっしゃい	10179	6387
編	10180	186901
甲板	10181	90810
ほうがよい	10182
踏みしめる	10183	79031
どこからともなく	10184
おしゃれ	10185
ことこそ	10186
勿体ない	10187	2645
ありふれる	10188
あっという間	10189	75693
おびえる	10190
どれどれ	10191
ご覧になる	10192	35082
ありったけ	10193
さておく	10194
咳き込む	10195	23994
あて	10196
買い出し	10197
しっかし	10198
ぶん殴る	10199	65578
ボケ	10200
民	10201	295242
ごちゃごちゃ	10202
出撃	10203	212805
捕縛	10204	115697
下級	10205	250345
樽	10206	40501
この期に及んで	10207	257326
疎い	10208	37697
武力	10209	282486
バンド	10210
薄々	10211	22796
報復	10212	227038
飴	10213	152077
気質	10214
杉	10215	48501
遠慮がち	10216	140853
治まる	10217
内面	10218
真似る	10219	30697
褒美	10220	61479
土産	10221	36600
鼠	10222	24786
外れ	10223	15500
キャンプ	10224
救助	10225	162597
教官	10226
歪み	10227	38483
好意的	10228
蹴り飛ばす	10229	140316
カラス	10230
善良	10231	169111
七月	10232	252793
禁忌	10233
宣告	10234	113791
優等生	10235
酔い	10236
つまらん	10237
シフト	10238
葉っぱ	10239	166377
部類	10240
動	10241
稼ぎ	10242	148871
徒	10243
颯爽	10244	39392
貝	10245
見分ける	10246	108256
忍者	10247
蒼	10248	21592
キャッチ	10249
ミリ	10250
街並み	10251	201379
荒げる	10252	90118
挙句	10253	7489
質量	10254	238894
穴が開く	10255	130554
鼓膜	10256
味付け	10257	254301
くねる	10258
ざわざわ	10259
いい加減にする	10260	17484
爆	10261
見ての通り	10262	183027
丁重	10263	67192
貼り付ける	10264	47683
ついて行く	10265	4894
対価	10266
清々しい	10267	20791
ぐりぐり	10268
先走る	10269	149376
勉強になる	10270	211573
痛めつける	10271	74291
ペア	10272
夕焼け	10273	168908
欄	10274
寝息	10275
刺客	10276	198763
兵力	10277
面と向かう	10278
恩返し	10279	160823
いやはや	10280
手間取る	10281	100782
サークル	10282
かえす	10283
パリ	10284
ス	10285
むずかしい	10286
拙	10287
出ていく	10288	58899
おばあさん	10289
くだ	10290
カワイイ	10291
バカみたい	10292
落す	10293	17084
ちっと	10294
手をつなぐ	10295	165836
突き落とす	10296	106731
ヘヘ	10297
おさえる	10298
めずらしい	10299
にぎやか	10300
形	10301
愛し合う	10302	141837
血走る	10303	209378
エリート	10304
雑用	10305	225450
捕虜	10306
見間違う	10307	253808
空港	10308	211751
惨状	10309	117677
夜会	10310
肝	10311	19687
申し訳	10312	69299
特技	10313	294842
逞しい	10314	7479
野望	10315	192367
量産	10316	158135
おじ	10317
形容	10318
ぼそり	10319
務まる	10320	42292
居座る	10321	105769
占拠	10322
若い頃	10323	143939
旋回	10324	53595
嬉々	10325
登場人物	10326
簡易	10327	104046
コール	10328
不快感	10329	275976
論文	10330	296015
大声を出す	10331
憤慨	10332	85887
いつまで経っても	10333	11195
邪魔者	10334	125264
出勤	10335	211216
花弁	10336	76249
瀬	10337
感性	10338
絡み合う	10339	52499
切れ	10340	33382
と言うのは	10341	620
牢獄	10342	101377
雷鳴	10343
退学	10344	196817
大人っぽい	10345	95802
鉛筆	10346	58199
散乱	10347
バケツ	10348
マリア	10349
幼稚園	10350	137083
伯	10351	64799
不完全	10352	255191
入室	10353
味噌汁	10354	92627
街灯	10355
打ち上げる	10356	85373
陰で	10357	51900
拡張	10358	216206
殺る	10359
応接室	10360	275736
早起き	10361	153958
伝達	10362
流れ落ちる	10363	160505
天地	10364	137516
常識的	10365
中継	10366	151926
仕打ち	10367	82896
お水	10368	74662
会談	10369	234477
行き届く	10370	124376
軍事	10371	232470
最早	10372	1463
貴殿	10373	314084
和らげる	10374	30990
仲良い	10375	94349
すき	10376
身震い	10377	149804
攻防	10378
栄光	10379	164946
損害	10380	195137
脱走	10381	201353
一対一	10382	273876
素っ気ない	10383	11794
なんせ	10384
オヤジ	10385
引きずり出す	10386	84146
よりにもよって	10387
いっそのこと	10388
キノコ	10389
やま	10390
血まみれ	10391	159297
くちる	10392
うめく	10393
大したことない	10394	25699
ときたら	10395
できあがる	10396
光り輝く	10397	211738
ご馳走	10398	9997
ただ今	10399	1826
さぞかし	10400
星	10401
都	10402	46951
宮	10403
香	10404
激昂	10405	309604
入場	10406	221832
関	10407
坂道	10408	169253
史	10409
役職	10410	242948
停める	10411	5587
蔑む	10412	33994
家系	10413
くすりと	10414
山脈	10415	149931
レンズ	10416
好機	10417
相	10418
ノイズ	10419
喧騒	10420	71892
殺戮	10421	74488
首を縦に振る	10422	301777
審判	10423	150703
由	10424	63602
真っ二つに	10425	250676
民族	10426	240156
五時	10427	65585
木箱	10428
寝かす	10429	90690
名物	10430	140217
激情	10431
長々	10432	73798
欺く	10433	37887
一国	10434
昼過ぎ	10435	93692
童貞	10436
おかず	10437
ペットボトル	10438
構図	10439
装	10440
持参	10441	205916
稲妻	10442	68096
幸	10443	49094
噴出	10444	239685
ナイス	10445
べったり	10446
最奥	10447	153728
適性	10448
呑気	10449	7485
壇上	10450	135536
好物	10451	169481
一周	10452	117702
処罰	10453	199567
精度	10454
首元	10455
墜落	10456	128112
独り占め	10457	59997
秒で	10458	308928
大成功	10459	152192
散らかる	10460	64995
厳密	10461	193210
悪事	10462	188540
凌ぐ	10463	8000
こる	10464
締め上げる	10465	69586
殺人事件	10466	205186
ブーツ	10467
密室	10468	242927
九月	10469	199588
六月	10470	224850
ボート	10471
蓋を開ける	10472	74590
誰しも	10473	66398
視る	10474	110
転倒	10475	304687
かも知れません	10476	1049
録音	10477	187891
抜け落ちる	10478	139594
メス	10479
なりかける	10480
おまえたち	10481
追いつめる	10482	93256
引き金	10483	276093
身じろぎ	10484	97877
じゃなさそう	10485
ずうっと	10486
すがりつく	10487
おかあさん	10488
どころじゃない	10489
オッサン	10490
のど	10491
ご自身	10492	264857
恥をかく	10493	154349
えぐる	10494
たしなめる	10495
もってくる	10496
それどころ	10497
ほめる	10498
ご無沙汰	10499	42489
相まって	10500	30287
火	10501
主	10502
意味合い	10503	314716
ロッカー	10504
鉱山	10505	277943
地道	10506	132050
頬張る	10507	29696
事象	10508	104049
技能	10509	292461
外観	10510	290233
もとい	10511
宥める	10512	6590
茶色い	10513	268719
じわり	10514
教養	10515
相場	10516
穿く	10517	6193
横たえる	10518	88586
迂回	10519	240001
首を捻る	10520	160121
噛み締める	10521	19300
かくして	10522
吸い取る	10523	84298
連れ	10524	116079
育成	10525	128805
おでこ	10526
葬儀	10527
宿泊	10528
ハンドル	10529
舞踏会	10530	315911
交じり	10531	13587
涙を浮かべる	10532	183231
陣営	10533	118339
舌先	10534	259726
左足	10535
インパクト	10536
甲冑	10537	48185
義	10538
近々	10539	87815
別れを告げる	10540	141204
黒板	10541	241851
助力	10542	306183
よもや	10543
あどけない	10544
此処	10545	56
招待状	10546	181918
皺を寄せる	10547	63994
暴露	10548	79661
じきに	10549
浴室	10550
台風	10551	112370
攻め	10552	61779
発進	10553
三千	10554	192619
電話を切る	10555
手分け	10556	53482
霞	10557	33099
汗ばむ	10558	164612
アスファルト	10559
段取り	10560	99483
一人にする	10561	27981
肩越し	10562	187544
災厄	10563	127580
遠回り	10564
歯車	10565
人間らしい	10566	247407
暗号	10567	248907
ハイ	10568
率先	10569	167873
講師	10570
狭間	10571	38388
啜る	10572	6690
ブルー	10573
境界	10574
評する	10575
目撃者	10576	203236
サイレン	10577
惑星	10578	126883
潜伏	10579	141303
聞き入れる	10580	117539
逃げ	10581	190706
ほどがある	10582
たのむ	10583
きらめく	10584
どういうわけか	10585
さがす	10586
ご苦労さま	10587	45281
仲よく	10588	43782
心配をかける	10589
つうか	10590
行なう	10591	11993
あんなふうに	10592
お守り	10593	201119
おどける	10594
ゆるす	10595
むかつく	10596
こびりつく	10597
タバコ	10598
しょうがねえ	10599
そういうもん	10600
だい	10601
擦る	10602	4559
瞬く	10603	23375
導き出す	10604	149597
獰猛	10605	41996
癒える	10606
見つめ返す	10607	145815
恋心	10608	224253
単刀直入	10609	260571
熟練	10610	194485
嘲笑う	10611	68394
内装	10612	153671
失敬	10613	110616
咀嚼	10614	77006
打ち解ける	10615	58291
余計なお世話	10616	239080
二人分	10617	85838
真紅	10618
保留	10619	137066
電子	10620	263465
籠もる	10621	2740
ちらつく	10622
正規	10623
にっこり笑う	10624	128150
丸出し	10625	61284
長女	10626	235013
亀頭	10627
涙ぐむ	10628	195623
杭	10629	72981
意気	10630
画家	10631	84095
台本	10632	277740
運び	10633	80469
火薬	10634
双眸	10635
二番目	10636
血の気が引く	10637
粘る	10638	44396
着込む	10639	49996
清水	10640	315520
サラリーマン	10641
膜	10642
間を置く	10643	161987
連鎖	10644
用途	10645	39999
ブラック	10646
招き入れる	10647	184038
難儀	10648	104804
目を落とす	10649
罪を犯す	10650	295559
客間	10651	181928
慈愛	10652
寝息を立てる	10653
聞き慣れる	10654	130203
勝ち取る	10655	123756
搔く	10656	2224
爪先	10657	53290
ケツ	10658
前々から	10659	131970
技量	10660	100692
前触れ	10661	103706
取り巻き	10662	81269
わた	10663
照れ隠し	10664	105207
時分	10665	102931
関係性	10666
大広間	10667	248053
パイプ	10668
何としても	10669	9887
灯す	10670	13284
突如として	10671	138803
気を引き締める	10672
司る	10673	35387
広告	10674
上陸	10675	194086
呻き声	10676	205781
続々	10677	186601
素顔	10678	164062
三番	10679	134139
鉛	10680
仕舞う	10681	52
異議	10682
信じがたい	10683	267031
引っかける	10684	17176
はたして	10685
見いだす	10686	97514
しようがない	10687
名残	10688	45386
ごちそうさまでした	10689
じゃあるまいし	10690
どうしますか	10691
おぼえる	10692
ゆき	10693
ぬくもり	10694
溜息を吐く	10695	68496
身をよじる	10696	252414
となり	10697
とっておき	10698
しかたがない	10699
君ら	10700	56599
トレーニング	10701
卑劣	10702	109207
塞がる	10703	12191
息を飲む	10704	182592
逃げ道	10705	293739
哀しい	10706	26097
催促	10707	74599
円形	10708	202698
救済	10709	214044
着飾る	10710	185169
万歳	10711	27186
さらっと	10712
殿方	10713	289828
矛先	10714	84294
歩き続ける	10715	202938
そうしないと	10716
やんわり	10717
警報	10718	227471
区切る	10719	86973
神父	10720
中指	10721	243939
礼儀正しい	10722
疾走	10723
無効化	10724	286872
商店	10725	107120
フィールド	10726
灼熱	10727	137070
踵	10728	20396
日光	10729	132014
お勧め	10730	22398
老いる	10731	39195
筋合い	10732	121589
そうかもしれません	10733
スクリーン	10734
愛用	10735	45979
体液	10736
生る	10737	18401
怪	10738
左様	10739	9595
足を引っ張る	10740
ドロドロ	10741
花壇	10742	272394
七つ	10743	68696
分散	10744	242513
切実	10745	270177
任命	10746
紋	10747	68701
語尾	10748	124558
ライオン	10749
鶴	10750	122701
芋	10751	21782
飛来	10752	113899
口を閉ざす	10753
ナンバー	10754
っ子	10755
人前	10756	190760
念じる	10757	251536
もう一方	10758	90030
機材	10759
じんわり	10760
刑	10761
部門	10762	175433
合体	10763	142960
亡き	10764
発作	10765	111116
身の上	10766	161187
ただの人	10767	81580
呼び戻す	10768	124604
清楚	10769	105960
蕩ける	10770	9680
筋力	10771	275592
目印	10772	94384
打ち破る	10773	94688
束の間	10774	47486
相槌を打つ	10775	90970
違法	10776	93913
熱意	10777	135060
我が身	10778
二の腕	10779
剥がす	10780	18792
翻す	10781	17592
予期	10782	141458
くたばる	10783
迸る	10784	14377
区域	10785	203148
サングラス	10786
当番	10787	162269
お宝	10788	129568
君臨	10789	206435
しごく	10790
はさむ	10791
なんなのか	10792
都合がいい	10793	117805
いい話	10794	233711
へし折る	10795	136232
ほころぶ	10796
わめく	10797
むこう	10798
ダメダメ	10799
露わにする	10800	16490
とう	10801
階	10802	74637
言い難い	10803	58784
二十代	10804
降下	10805
診る	10806
別物	10807	168167
弾力	10808	226839
勇気を出す	10809	265787
差し入れる	10810	83434
冠	10811	63235
満々	10812	32682
分裂	10813	188121
明治	10814
身軽	10815	154099
ブラ	10816
一年前	10817	234542
労力	10818
出回る	10819	95540
征服	10820	131870
斬	10821
どうこう	10822
幼児	10823	121653
農業	10824
流通	10825	251689
癒やす	10826	26790
路地裏	10827	281271
孤児	10828	260782
レジ	10829
がてら	10830
署	10831	60002
遠方	10832	166718
二時	10833
外交	10834
各所	10835
噂を聞く	10836	106488
揚げる	10837	191
悠々	10838	39491
遠い目	10839
拉致	10840	207852
屈強	10841	82736
天候	10842	256507
参戦	10843	284995
胡散臭い	10844	20089
彫る	10845	38603
該当	10846
是非とも	10847	12584
良	10848
身支度	10849	164864
抱擁	10850	261427
穏便	10851	132164
展示	10852	94977
知能	10853	102048
役所	10854	147562
拙い	10855	32992
遙か	10856	2781
取り返しのつかない	10857	77584
一色	10858
襖	10859
付着	10860
修学旅行	10861	262580
胸を撫で下ろす	10862	248746
片	10863	154250
心得	10864	98214
ふんわり	10865
指導者	10866	241849
眉を顰める	10867	93088
空洞	10868	153767
親密	10869	192200
信	10870
自爆	10871	191100
一大事	10872	188602
霧散	10873
棺	10874
修業	10875
擦れる	10876	20087
ドアノブ	10877
上部	10878	113021
布地	10879
そそる	10880
うちら	10881
聞える	10882	14981
まう	10883
お願いいたします	10884	92264
てか	10885
起る	10886	11385
きわめて	10887
お父	10888	47992
オタク	10889
たが	10890
様だ	10891	488
ことは無い	10892	591
もめる	10893
おにいちゃん	10894
ばらまく	10895
これはこれは	10896
ごくごく	10897
あなた様	10898	33290
かき集める	10899	67089
ほんのわずか	10900
ふむ	10901
病	10902
ロック	10903
進言	10904
所有者	10905
パンパン	10906
退場	10907	189062
百合	10908	27398
キャンセル	10909
エピソード	10910
神経質	10911	230625
瀕死	10912	217923
すらり	10913
家賃	10914	218492
小突く	10915	43096
全速力	10916	232857
泣きじゃくる	10917	204841
成就	10918	74095
穿つ	10919	38698
幾度となく	10920	107197
いそいそ	10921
交戦	10922	268742
振りかざす	10923	46600
合同	10924	275952
無実	10925	116831
国王陛下	10926	285898
爵位	10927	151356
快活	10928	119799
実る	10929	55787
マフラー	10930
無効	10931	100693
開拓	10932	194285
武術	10933	212591
ミサイル	10934
生真面目	10935	56386
もうすっかり	10936
泣き	10937	152501
保持	10938	52993
頭を垂れる	10939	133925
幾度	10940	103931
直径	10941
性的	10942
何とも言えない	10943	22600
よろよろ	10944
金庫	10945	101385
推察	10946	167882
乗り	10947	51196
船長	10948	166539
蝕む	10949	40286
山中	10950	287828
お互い様	10951	78053
住宅街	10952
疼く	10953	19684
掟	10954	50184
電撃	10955	202000
統治	10956	108511
感傷	10957
失恋	10958	216013
意味深	10959
死因	10960	43502
執念	10961	115940
行動を取る	10962	314562
身に纏う	10963	255782
マネージャー	10964
出動	10965
退避	10966
女中	10967	141133
浸す	10968	36595
万事	10969
ジャンル	10970
野心	10971	303025
桶	10972	39207
間に入る	10973	131320
固有	10974	162353
立候補	10975	241305
ムリ	10976
さらば	10977
ただちに	10978
でたらめ	10979
宛	10980	10196
手にとる	10981	236202
わん	10982
打ちつける	10983	61885
おけばいい	10984
ゴミ箱	10985
にあう	10986
ゆるい	10987
やらす	10988
うすい	10989
のけぞる	10990
眼鏡をかける	10991	86805
よろしくお願いいたします	10992	102910
そうはいかない	10993
もうひとり	10994
まる	10995
おねだり	10996
手をやる	10997	236137
ひっかかる	10998
遠	10999
引きずり込む	11000	59900
話	11001
世	11002
杯	11003	47387
言っとくけど	11004	75956
面子	11005	13889
姫君	11006	138973
騒々しい	11007	79657
風船	11008	91137
ソフト	11009
同性	11010
せっせと	11011
くんない	11012
言い回し	11013	124536
山のよう	11014
ご協力	11015
お気に召す	11016	251521
掌握	11017	193779
偉い人	11018	96489
削ぐ	11019	16695
力任せ	11020	214483
期待に応える	11021	255356
天空	11022	100183
刻	11023	13663
乾かす	11024	72791
本題に入る	11025	298767
子宮	11026
同類	11027	269002
通行人	11028	289537
戦線	11029
ファッション	11030
無駄になる	11031	74752
張り巡らす	11032	65981
酔っ払う	11033	70597
あやす	11034
能	11035	9070
達者	11036	66880
どうあれ	11037
アリス	11038
あの世	11039
挙動	11040	147995
決行	11041
ハンマー	11042
蘇生	11043	96065
荷台	11044	197077
話し方	11045	256797
鑑賞	11046	84755
十代	11047	143364
攻め込む	11048	126399
没収	11049	167845
出演	11050	296019
観光客	11051	233435
心のどこかで	11052	204050
宣戦布告	11053	223940
ベテラン	11054
無断で	11055	190578
奇跡的	11056	214203
来訪	11057	292575
逆に言えば	11058	264028
爆音	11059	208600
気が合う	11060
下校	11061	115602
空気を読む	11062	277371
手当	11063	99129
憤り	11064	93789
やり直し	11065	54797
お揃い	11066	17495
不死	11067	207970
集結	11068
執行	11069	169881
考察	11070	228640
戦法	11071
竿	11072	35988
醸し出す	11073	64580
レポート	11074
破く	11075	62191
力量	11076	238330
骨折	11077	263287
研ぎ澄ます	11078	81999
形作る	11079	76640
アクセス	11080
ひそひそ	11081
最前線	11082	290350
江	11083
ゆう	11084
取りかかる	11085	19789
ながめる	11086
こねる	11087
ふうむ	11088
あし	11089
なきゃ	11090
あながち	11091
脳みそ	11092	166816
わたす	11093
のぞき込む	11094	13489
締めつける	11095	28585
ご丁寧	11096	71387
朝ご飯	11097	114077
うかつ	11098
事がない	11099	1084
むなしい	11100
扇	11101	73794
電話番号	11102
次男	11103	135869
思春期	11104	238223
創作	11105	103815
嗅覚	11106	108557
仲の良い	11107	200994
イチャイチャ	11108
石造り	11109	264979
変人	11110
大急ぎ	11111	107716
麓	11112	18997
搭載	11113	184385
好い	11114	139
ヒール	11115
戸口	11116	105873
畏怖	11117	26485
退出	11118	281669
宇宙人	11119	258366
一振り	11120	67884
妖しい	11121
めんどい	11122
倣う	11123	8096
切り刻む	11124	198764
三分	11125	289230
籠る	11126	2740
スカウト	11127
三倍	11128	150000
衝撃波	11129
線路	11130	154354
支部	11131
下心	11132
表面上	11133
ピンと	11134
大昔	11135	136740
気を配る	11136
正々堂々	11137	292778
無慈悲	11138	168841
可笑しい	11139	534
壮大	11140	91281
救世主	11141	157668
器具	11142
若手	11143
節約	11144	195184
馬に乗る	11145	194114
もぞもぞ	11146
反芻	11147
水泳	11148	310630
通達	11149
当て	11150	10196
吟味	11151	194861
やり合う	11152	16993
宅	11153	14040
ビデオ	11154
息遣い	11155	197072
だけれども	11156
捕える	11157	6390
貯金	11158	112049
一つずつ	11159	19879
校	11160
ＣＤ	11161	302063
束縛	11162	286392
堅苦しい	11163	100382
馬鹿みたい	11164	41590
見越す	11165	97047
全世界	11166
焦燥	11167	72186
どちらにせよ	11168
広範囲	11169
心地良い	11170	58395
分際	11171	79260
こっから	11172
プレート	11173
遠征	11174	105547
ブランド	11175
多々	11176
ゴーレム	11177
失くす	11178	1294
純	11179
ご令嬢	11180	229561
肩書き	11181	251347
エサ	11182
表れる	11183	9094
ささ	11184
こける	11185
当る	11186	2707
曇り	11187	56795
丁度いい	11188	3688
ヒマ	11189
もろとも	11190
膨らみ	11191	19870
２本	11192
ト	11193
ピンとくる	11194
いつまでたっても	11195
普通に	11196	89132
見落とす	11197	151311
しっくりくる	11198
キリ	11199
ヤダ	11200
よう	11201
長	11202
所作	11203	149673
散策	11204
偏る	11205	70983
唯	11206	128
茶碗	11207	74867
選び	11208
ちらほら	11209
脳裏に浮かぶ	11210
他ならぬ	11211	25799
気合いを入れる	11212
腐敗	11213	117708
奪還	11214	193203
とどめ	11215
気高い	11216	74286
投げ込む	11217	104047
気さく	11218	81569
容貌	11219
凍える	11220	57482
駆け引き	11221	61889
赤色	11222	193749
許容	11223	239410
戦意	11224
加勢	11225
墨	11226
座敷	11227	103806
あらら	11228
いい加減にしろ	11229	17793
坐る	11230	11496
お医者さん	11231	131073
発つ	11232	14801
発砲	11233
身体中	11234
叩き潰す	11235	44186
リクエスト	11236
言い換える	11237	64786
追っ手	11238
けたたましい	11239
感慨深い	11240
勃起	11241	73792
杞憂	11242	59391
っちゅう	11243
質素	11244	194129
党	11245	10801
気に食わない	11246	194259
接客	11247	188046
食い物	11248	93756
艦隊	11249
呼び捨て	11250	150206
そんな馬鹿な	11251	42195
パック	11252
警視庁	11253	277077
大仰	11254	86387
隠居	11255	281186
大分	11256	153449
染み込む	11257	30000
風貌	11258	89833
つめる	11259
見殺し	11260	302641
言葉を吐く	11261	203730
憑く	11262
蒸発	11263	198267
バリバリ	11264
フラれる	11265
映える	11266
御免	11267	513
無機質	11268	290713
がっしり	11269
名高い	11270
目覚め	11271
前衛	11272	245320
縁談	11273
赤毛	11274	249278
後始末	11275	136328
ぐいっと	11276
調味料	11277	290188
寝言	11278	97115
悔いる	11279	26785
隻	11280	73201
一八	11281	258760
粘膜	11282	314365
児	11283
かけがえのない	11284
言いようがない	11285	46294
いい天気	11286	206499
思ってもみない	11287	240088
おとうさん	11288
今ごろ	11289	24192
身代わり	11290	147025
ロンドン	11291
１度	11292	22499
訳にはいかない	11293	1715
やりすぎる	11294
ボロ	11295
モヤモヤ	11296
しだい	11297
もつれる	11298
取りだす	11299	21693
ひるむ	11300
欠席	11301	311417
ヘルメット	11302
探しに	11303	63497
先に立つ	11304	94687
断罪	11305
ギター	11306
抱っこ	11307	25785
くしゃみ	11308
二人組	11309
歩道	11310	160502
横暴	11311	151848
気丈	11312	106903
力尽きる	11313	252200
靄	11314	15100
精神力	11315
眷属	11316	64991
寛大	11317	105268
負荷	11318
商	11319
姿勢を正す	11320
堀	11321	42400
風味	11322	164110
運搬	11323	149971
弱者	11324	225224
ギリギリまで	11325
人見知り	11326	158801
クローゼット	11327
繋げる	11328	8100
洗面所	11329	264029
茶番	11330	240338
情景	11331	180700
飛翔	11332
半信半疑	11333	191543
付け根	11334	74481
進み出る	11335	118844
近しい	11336	123747
掠れる	11337	9682
不毛	11338	135488
落書き	11339	67200
指紋	11340	152532
おろおろ	11341
糾弾	11342	220522
所長	11343	147028
甘んじる	11344	103363
弁	11345	27381
仰せ	11346	188274
怯え	11347	45098
順位	11348	224201
そんなこんな	11349
先回り	11350	130844
項垂れる	11351	6888
火炎	11352
六つ	11353	99242
暖炉	11354
直	11355	42386
司祭	11356
断末魔	11357	153564
撃ち抜く	11358
調和	11359	250287
連発	11360	301268
名字	11361	71888
剣幕	11362	60699
照らし出す	11363	127899
レディ	11364
主君	11365
多忙	11366	216910
合成	11367
うるせぇ	11368
裏庭	11369	201420
運転席	11370
高熱	11371
巧妙	11372	245197
伝令	11373	271919
悪趣味	11374
摂取	11375
苦情	11376	108240
魔導	11377	260802
軽々しい	11378	107899
二つ目	11379	45996
社会人	11380
描写	11381	240877
冷徹	11382	233548
物心	11383	97779
巻き上げる	11384	67292
おこる	11385
追っかける	11386	55188
ぜったい	11387
生贄	11388	34087
はずのない	11389
ッス	11390
やましい	11391
しかるべき	11392
としたことが	11393
言いつける	11394	32277
よくあること	11395
いち早く	11396	55589
ポカン	11397
見かねる	11398	90604
まえに	11399
ひざ	11400
山	11401
ハイ	11402
唸り声	11403	140707
無愛想	11404	114027
夜風	11405
ひらり	11406
シャワーを浴びる	11407	102837
幻想的	11408	259737
流れ出す	11409	136472
お邪魔します	11410	33985
無心	11411	119767
不甲斐ない	11412	25988
長老	11413	68199
速攻	11414	82528
強いて	11415	30589
指図	11416	42684
竜巻	11417	113145
答えを出す	11418	238713
真っ向から	11419	71093
鷲	11420
二倍	11421
ティッシュ	11422
のろのろ	11423
ブラウス	11424
花瓶	11425	316590
お先に	11426	93261
四時	11427	88603
腰を浮かす	11428
鈍い音	11429
粗末	11430	75071
武具	11431	64784
請け負う	11432	101433
声にならない	11433
一大	11434
神秘的	11435
美形	11436
昆虫	11437	131403
障子	11438	48079
三枚	11439
嗤う	11440	23383
覆い隠す	11441	95794
共通点	11442
思い起こす	11443
有意義	11444
壮絶	11445	195260
ぱたぱた	11446
温まる	11447	46498
隠し持つ	11448	162902
民家	11449
木陰	11450	72896
海上	11451
ベランダ	11452
子達	11453	99897
延ばす	11454	9984
くしゃくしゃ	11455
虜	11456	30090
欠伸	11457	6684
支給	11458	309036
叔母	11459	14385
意味ありげ	11460	214428
大違い	11461	143510
居眠り	11462	84881
恭しい	11463	21892
応対	11464	152964
最愛	11465	229214
愛でる	11466	21581
生まれ育つ	11467	181665
その実	11468	294960
釈然とする	11469	235689
買い	11470
分離	11471	218885
幾ら	11472	711
めり込む	11473	28595
程遠い	11474	126440
栄える	11475	101498
何分	11476	21390
無事か	11477	167474
手短	11478	142910
テラス	11479
吹き荒れる	11480	165894
臣下	11481
艶	11482	35984
まつわる	11483
なんら	11484
そのはず	11485
はな	11486
１分	11487
滅多にない	11488	19792
鍵をかける	11489	80273
ついていける	11490
気にかかる	11491	153984
考えこむ	11492	189210
訳ない	11493	1584
まこと	11494
おちる	11495
すわる	11496
あがく	11497
へこむ	11498
らだ	11499
いいとして	11500
来る	11501	6995
湖	11502
球	11503	15204
傑作	11504	136600
朽ちる	11505	10392
前面	11506	222669
釣り合う	11507	63479
今まで通り	11508	77089
吹雪	11509	74573
焼き尽くす	11510	148090
インク	11511
群衆	11512	129428
勇ましい	11513	76994
お人好し	11514	99625
清掃	11515	69392
なする	11516
しんと	11517
うどん	11518
約束を守る	11519	235681
上出来	11520	190876
からしたら	11521
鋭利	11522
いい顔	11523	128758
揺るぐ	11524	53692
収容	11525	202772
気迫	11526
それが何か	11527	46991
被	11528
急遽	11529	89462
こう言う	11530	336
様子見	11531	254071
教え子	11532
救援	11533	194013
寄り	11534
鉄板	11535	169585
後ろ手	11536
手腕	11537	147970
ウザイ	11538
眠りに落ちる	11539	202425
サイド	11540
一線	11541
弧を描く	11542
局面	11543
凍り付く	11544	83382
ぷるぷる	11545
効力	11546
びくっと	11547
木材	11548
本気を出す	11549
眺め	11550	53579
気が利く	11551	299827
風紀	11552
掛け声	11553	132109
新入生	11554	243888
居心地が悪い	11555	247363
悪びれる	11556	106046
血を引く	11557	285508
野蛮	11558	119817
こっちゃ	11559
大木	11560	149709
百万	11561	110995
金属音	11562	232420
間違っても	11563	76283
提げる	11564
いまや	11565
って言うか	11566	1547
まさぐる	11567
大樹	11568
海水	11569	217577
おきなさい	11570
打ちのめす	11571	67688
からと言って	11572	5091
器官	11573
ネットワーク	11574
妖艶	11575	112499
腫れる	11576	52098
ピリピリ	11577
剥き出し	11578	128574
三角	11579	91778
北部	11580	215787
ガチガチ	11581
舞い降りる	11582	130547
鉄道	11583	162034
つっこむ	11584
もれる	11585
取り引き	11586	117173
きのう	11587
人だかり	11588	124806
うたう	11589
逃げだす	11590	68300
さしあげる	11591
怒鳴りつける	11592	43098
つま先	11593	53290
１００万	11594	110995
いずれにしても	11595
よろこぶ	11596
かわく	11597
あたりまえ	11598
ムキになる	11599
思いのほか	11600	142076
ちゃん	11601
つれる	11602
トラップ	11603
知的	11604	135762
銀貨	11605	141774
言葉を濁す	11606	166703
眠たい	11607	75572
資産	11608
発散	11609	198168
凌駕	11610	136549
理事長	11611	301861
儲ける	11612	22084
ぶっ飛ばす	11613	36679
塵	11614	17884
乱入	11615	196377
豪奢	11616	234333
客室	11617	178139
息を整える	11618
無粋	11619	125663
鼻血	11620	140469
探知	11621
シャンプー	11622
問い返す	11623	217051
河原	11624	47283
良い子	11625	46287
所々	11626	6997
クスクス	11627
どこの誰	11628	283500
極	11629	308459
管理人	11630	237428
未成年	11631
還る	11632
称賛	11633	105071
堕落	11634	110409
前もって	11635	96547
掠める	11636	7094
巨乳	11637	245376
骨が折れる	11638	209967
嘲る	11639	34787
興じる	11640
解答	11641	192937
さあさあ	11642
鉄砲	11643	71691
飛び起きる	11644	94133
投票	11645
真夏	11646	112790
姉弟	11647
夜間	11648	142175
ボリューム	11649
極秘	11650
頭を悩ます	11651
ショー	11652
不可思議	11653	141708
実力者	11654
性癖	11655
ラスト	11656
必殺技	11657	190080
覇気	11658
団子	11659	26791
和やか	11660	37185
楽にする	11661	124885
社交界	11662	272533
承る	11663	45290
ダイエット	11664
転校生	11665	183799
密度	11666
脂	11667	34769
訴えかける	11668	131939
大砲	11669	105744
反面	11670
ねっとり	11671
逆効果	11672	272023
助手席	11673	265353
知る限り	11674	272695
憶測	11675	106260
直属	11676	206147
神々しい	11677	161656
息抜き	11678	211290
揶揄	11679	52995
に越したことはない	11680	37990
約束通り	11681	161399
回路	11682	125103
満点	11683	193769
重々	11684
生息	11685	270042
ポンポン	11686
替わる	11687
こだま	11688
イタリア	11689
トカゲ	11690
問いただす	11691	159900
それでこそ	11692
すばやい	11693
ばたばた	11694
隠しきれる	11695	105825
まったくもって	11696
ねじ込む	11697	34093
嘘つき	11698	24882
ということはない	11699
もう１つ	11700	5397
独断	11701	201929
四本	11702	255037
月曜日	11703	244089
大笑い	11704	239622
へたり込む	11705	23095
化身	11706	279698
毅然	11707	71494
機械的	11708	211387
吹きかける	11709	75323
十月	11710	220178
名簿	11711	215242
運び出す	11712	124128
別段	11713	44493
蛙	11714	44562
俳優	11715
取	11716	124247
軍服	11717	191119
気候	11718
聴覚	11719	199363
太刀	11720
育む	11721	50788
優しい声	11722	260357
一二	11723	165520
胃袋	11724	164301
沙汰	11725	55298
事務	11726	136494
切り開く	11727	124439
草木	11728
足を踏み出す	11729
司令官	11730
算段	11731	304567
ナメる	11732
テープ	11733
大股	11734	265345
車体	11735
従	11736
ほっといて	11737
卒業式	11738
境内	11739	77657
花を咲かせる	11740	300104
損失	11741	306117
課す	11742
しぶとい	11743
駆け回る	11744	60286
会計	11745	134709
あのー	11746
怒気	11747
名門	11748	298274
買収	11749	207933
一時期	11750	261632
回廊	11751	135602
出所	11752	203430
二三	11753	119111
船に乗る	11754	213203
つと	11755
尻餅をつく	11756	47684
囚人	11757	135919
用紙	11758	144105
鍛冶	11759
現す	11760	16183
策略	11761	190887
正体不明	11762	268433
下腹部	11763
ひと月	11764	45182
野暮	11765	49798
現世	11766
浦	11767	107275
取り憑く	11768	106875
一位	11769	88008
開店	11770	191939
染みる	11771	14580
大人気	11772	262415
湛える	11773	7797
食い下がる	11774	109360
見定める	11775	161266
貴	11776
ぱちぱち	11777
所業	11778	170022
ミッション	11779
魔剣	11780
アジト	11781
しゃがみこむ	11782
癒し	11783	54184
よき	11784
振りまく	11785	40398
とりわけ	11786
はたまた	11787
なんとも言えない	11788	22600
どよめき	11789
そぶり	11790
体つき	11791	74274
ここのところ	11792
パタパタ	11793
そっけない	11794
こみ	11795
いつもいつも	11796
もろい	11797
アン	11798
まるっきり	11799
ピクリ	11800
貴女	11801	121
水路	11802	259016
知らしめる	11803	122631
サプライズ	11804
ときめく	11805
合わさる	11806	58995
知れ渡る	11807	315379
うなじ	11808
丸見え	11809	185814
押さえ込む	11810	75019
吸い上げる	11811	143042
たろう	11812
一片	11813
乗じる	11814	184172
資源	11815	148837
突っ走る	11816	122535
的中	11817	263295
直ぐに	11818	214
発光	11819	96193
麦	11820
替え	11821	23287
直線	11822	166344
煌めく	11823	10584
ハード	11824
しどろもどろ	11825
敬う	11826	84813
芸術家	11827	269825
渋谷	11828	99228
換える	11829
点検	11830	110620
厭う	11831	21886
遊戯	11832	68899
先頭に立つ	11833	250426
稼働	11834	36178
土台	11835	39996
空虚	11836	153222
抹殺	11837	103037
呪詛	11838	73394
名前だけ	11839	252269
のちに	11840
割れ目	11841
三日間	11842
粘液	11843
オーク	11844
体調を崩す	11845
比例	11846
こじ開ける	11847	39388
近辺	11848	226041
果てしない	11849	56300
嘆き	11850	83958
纏める	11851	1225
崇める	11852	33789
入学式	11853
一番上	11854	187070
墓地	11855	72697
渋る	11856	55695
美味	11857	109135
科学者	11858
収縮	11859
知覚	11860
泊る	11861	104169
熱中	11862	193588
時空	11863
新規	11864	220276
髪飾り	11865	197721
重荷	11866
忌まわしい	11867	48594
電流	11868	306305
責務	11869	310391
合戦	11870	113159
作物	11871	200935
射抜く	11872	130632
手料理	11873	230273
取り押さえる	11874	94299
焦がす	11875	62597
背にする	11876	101271
露店	11877	232288
ひょっとすると	11878
叱責	11879	99872
難なく	11880	36382
絶賛	11881
しかる	11882
抑えきれない	11883	87571
アナタ	11884
きまる	11885
くるまる	11886
じいちゃん	11887
からにする	11888
イカ	11889
ばあちゃん	11890
うさぎ	11891
それだけ	11892
つきまとう	11893
力ずくで	11894	267639
チラシ	11895
見かけ	11896	80226
ふくらむ	11897
心持ち	11898	43887
ぐれる	11899
わけがわからない	11900
波	11901
気が変わる	11902
ブレーキ	11903
立ち話	11904
し続ける	11905	51699
全うする	11906	29183
一介	11907	72794
適任	11908	277845
遺言	11909	121661
得策	11910
体感	11911	120065
配属	11912
失神	11913	226092
しくじる	11914
顔色が悪い	11915
耳障り	11916
ないない	11917
麻	11918
本家	11919	316589
悪戯っぽい	11920	15591
自国	11921
軽減	11922	261489
海面	11923	163292
せーの	11924
歩を進める	11925
隠れ家	11926	279650
お代わり	11927	6796
悔い	11928	13183
尻目	11929	92823
税金	11930
和解	11931	275344
光沢	11932
せんと	11933
はためく	11934
防壁	11935
異物	11936	131861
優位	11937	117248
身に付ける	11938	168424
お盆	11939	71287
平坦	11940	86686
製品	11941	205152
散らかす	11942	70093
人それぞれ	11943	97785
より一層	11944	24189
炉	11945
事情を話す	11946
数日間	11947
端的	11948	142781
初老	11949	227769
良き	11950	11784
結成	11951
謳う	11952	75336
思しき	11953	128456
忠誠	11954
鐘の音	11955
集め	11956	119110
最上	11957	282216
身を翻す	11958
盆	11959	21697
思い立つ	11960	223028
リュック	11961
口論	11962	231417
流れ出る	11963	213719
とも言う	11964	99266
一目瞭然	11965	187228
薬品	11966
動悸	11967	61297
肢体	11968
森林	11969	310185
滑り落ちる	11970	81057
縁側	11971	72788
悩ましい	11972	83726
卓	11973
半透明	11974	227876
蟻	11975	122401
極上	11976
難	11977
十字架	11978	213210
口を利く	11979	255002
仰け反る	11980	10990
結う	11981	80475
大怪我	11982	308214
ビクッと	11983
しれっと	11984
度々	11985	7972
装い	11986
ろくでもない	11987
むやみ	11988
乗り物	11989	112021
にらみつける	11990
いざという時	11991	15983
サ	11992
おこなう	11993
ふるえる	11994
バカ野郎	11995	82027
回り	11996	66499
くたびれる	11997
いくら何でも	11998	4981
わける	11999
ようし	12000
小学	12001	142049
札	12002	49085
ドル	12003
奮い立つ	12004	97662
パスタ	12005
バット	12006
香ばしい	12007	90919
足を向ける	12008
抜かす	12009	16890
手品	12010	169873
上体	12011
吹き抜ける	12012	124228
出立	12013	101957
秘	12014
ダウン	12015
式典	12016	271375
辛辣	12017	67583
いざとなったら	12018
阿呆	12019	21784
一回り	12020	38099
親愛	12021	183634
観戦	12022
切羽詰まる	12023	64192
ぎゅう	12024
易い	12025	438
虐待	12026	111104
消去	12027	239806
刻印	12028	227949
道端	12029	78867
余分	12030	99812
ニュアンス	12031
よか	12032
はたく	12033
文献	12034
圧縮	12035	315483
統合	12036	110128
保障	12037
女装	12038
一声	12039
煮込む	12040	91028
貶める	12041	38984
褐色	12042	105761
心中	12043
気が楽	12044	274433
新型	12045	252001
肌寒い	12046	166289
絶え間ない	12047	68983
故	12048
和む	12049	37289
一通	12050	91506
マジック	12051
隣接	12052	308406
受かる	12053	72897
道に迷う	12054
に就いて	12055	233
明瞭	12056	66990
チンピラ	12057
配達	12058	208803
抑制	12059
高額	12060	153505
長椅子	12061
問答	12062	70000
更衣室	12063	282246
座り直す	12064	81977
亭	12065	198077
戯れる	12066	50481
安静	12067	141657
不倫	12068	114789
新品	12069
横を向く	12070	220218
心の奥底	12071
どうだっていい	12072
ケチ	12073
平原	12074	163448
真っ当	12075	12508
親方	12076	79971
勝算	12077
全力を尽くす	12078	293327
フリー	12079
気味悪い	12080	151887
古来	12081	161900
西側	12082
その様	12083	1578
風習	12084	216538
鉱石	12085
賜る	12086	44390
ゆるゆる	12087
クビ	12088
思いやる	12089	131562
動きだす	12090	94222
心地いい	12091	130451
まき散らす	12092	54898
お手	12093	89391
太	12094
命がけ	12095	97600
すべる	12096
私ら	12097	40492
ウケる	12098
すうっと	12099
さらけ出す	12100	43383
ども	12101
バン	12102
書き換える	12103	170024
弦	12104	24892
解読	12105	210086
褒め言葉	12106	141720
常時	12107	81678
好き嫌い	12108	144044
時間的	12109
金曜日	12110	287177
危なっかしい	12111	61078
議会	12112	243930
首を突っ込む	12113	246991
詩人	12114	229123
甘ったるい	12115	112384
嘘のよう	12116	66685
目に浮かぶ	12117
上級生	12118	309553
ぶち込む	12119	27600
管	12120
祈りを捧げる	12121	227971
夢にも思う	12122	265101
ふらり	12123
消え入る	12124
縄張り	12125	76204
お披露目	12126	135813
サンプル	12127
しも	12128
山奥	12129	222394
芝	12130	43500
お陰	12131	2094
垂直	12132	203463
苛烈	12133	108324
極み	12134	63696
いき	12135
有益	12136	236845
半径	12137	224173
柔和	12138	124086
責任感	12139
阻害	12140	74278
正義感	12141
険悪	12142	153190
参謀	12143	146878
少	12144
ゆらり	12145
丸くなる	12146	74392
隅っこ	12147	43786
茫然	12148	33395
魔神	12149
亭主	12150	94189
弁明	12151	182639
息が詰まる	12152	228120
聖剣	12153
大問題	12154	244141
醤油	12155	27889
推定	12156	125316
右肩	12157	313963
外道	12158	88382
徳	12159
撃ち込む	12160
幾分	12161	22293
意気込む	12162	124737
深淵	12163
客席	12164	315021
奔流	12165
消息	12166	147764
味わい	12167	304866
流し	12168	69482
面倒臭い	12169	55697
行き場	12170
数倍	12171
背く	12172	33886
手強い	12173	73095
卑屈	12174	140580
元より	12175	6291
後ろ盾	12176	80912
曲線	12177
本社	12178	175244
醒める	12179
付け足す	12180	65188
領民	12181
軌跡	12182
ほっぺ	12183
かたい	12184
そんじゃ	12185
くっそ	12186
気合を入れる	12187
ワガママ	12188
オススメ	12189
つとめる	12190
ふさがる	12191
合わす	12192	31394
ご苦労様	12193	45281
呆気にとられる	12194	18696
しびれる	12195
わたくしたち	12196
見回り	12197	312509
投げやり	12198	59493
なおかつ	12199
どろどろ	12200
真に受ける	12201	195779
均衡	12202	124922
清らか	12203	96345
汚染	12204	65885
露	12205
真珠	12206	106959
精密	12207	288842
候	12208
例によって	12209	182411
それはそれとして	12210
行って来る	12211	5682
晴れやか	12212	127903
沖縄	12213	123119
抉る	12214	81769
模索	12215	301080
一戦	12216	95405
行儀	12217	91023
揺るがす	12218	49696
罵声	12219	127962
キーボード	12220
今現在	12221	196794
移住	12222	188095
中世	12223	309069
濃密	12224
塚	12225	256878
都内	12226	131974
気が抜ける	12227
牢屋	12228
振舞う	12229	17193
テロ	12230
聖域	12231
肩で息をする	12232
狙いを定める	12233	97677
夕	12234	185139
結論を出す	12235
闘争	12236	169471
入り混じる	12237	74282
伝	12238	216697
何だかんだ	12239	5480
入れ替わり	12240
顕現	12241	264646
取り消す	12242	124896
怪人	12243	82613
お小遣い	12244	47381
試し	12245	29085
名声	12246	185915
波動	12247	220168
ロマンチック	12248
息を切らす	12249	314563
砲弾	12250	219311
腹立つ	12251	244892
山積み	12252
侮蔑	12253	79409
寝転ぶ	12254	86191
肩を並べる	12255	306804
九州	12256
ペンダント	12257
蚊	12258
辞書	12259	199222
丸太	12260	208793
絶命	12261
報い	12262	68580
介抱	12263
テクニック	12264
諸々	12265	19494
保有	12266	243254
らしからぬ	12267
ヘリ	12268
猛獣	12269	127377
医学	12270	148235
断然	12271	79791
スイーツ	12272
化物	12273	51185
真新しい	12274	160832
ばん	12275
今すぐにでも	12276	56095
根こそぎ	12277
頻度	12278
誇張	12279	91500
炭	12280
ジョーク	12281
ほんま	12282
志望	12283
捌く	12284	15581
ゆるやか	12285
おこす	12286
ご覧	12287	5695
あぶない	12288
１００％	12289	302559
かき分ける	12290	22098
ムッと	12291
かき回す	12292	33185
見まわす	12293	71390
もうじき	12294
もっぱら	12295
すっげえ	12296
たいして	12297
倒れこむ	12298	90407
巻きつける	12299	53084
物置	12300	140656
脚	12301	200343
好感度	12302
一年間	12303
ちょくちょく	12304
重厚	12305	153268
思い詰める	12306	189432
綻ぶ	12307	10796
進軍	12308
主力	12309
諸国	12310	162605
適応	12311	244443
体裁	12312	84710
意気揚々	12313
利害	12314	144073
刑務所	12315	139150
端っこ	12316	61292
行く末	12317	79867
調合	12318	217080
日に日に	12319	241165
組合	12320	114230
個々	12321	201401
お見合い	12322	265175
一式	12323
前足	12324	167320
融通	12325	108452
祖国	12326	199303
攻勢	12327
王位	12328	50698
ぐる	12329
再婚	12330	154380
食べ始める	12331	148724
集会	12332
目隠し	12333	263468
矜持	12334
災い	12335	50597
パイ	12336
現実逃避	12337
道筋	12338	137641
夕陽	12339	52500
洗い流す	12340	215862
あつい	12341
見立て	12342
に付き	12343	6592
騎馬	12344	202310
突っ込み	12345	37396
健康的	12346	248861
遠回し	12347
愛嬌	12348	58084
恒例	12349	302959
目を引く	12350	308782
繁華街	12351	308611
裁き	12352
注目を集める	12353
一粒	12354	71897
こほん	12355
ディスプレイ	12356
北方	12357	302300
一名	12358
御前	12359	142672
使	12360
明け方	12361	77835
温い	12362	6656
屋内	12363	207013
ピース	12364
水道	12365	98734
蒸気	12366
カッと	12367
病む	12368	22597
姓	12369
爆発的	12370
他でもない	12371	32486
淋しい	12372	12387
ダサい	12373
分別	12374	301432
右目	12375	214616
ちょいちょい	12376
機嫌が悪い	12377	141654
物好き	12378	74483
おは	12379
小細工	12380	208079
はだける	12381
こやつ	12382
まばたき	12383
なじむ	12384
ちる	12385
１位	12386	88008
さびしい	12387
それはそうと	12388
ばかりでなく	12389
ほっぺた	12390
身にまとう	12391	255782
様子をうかがう	12392	65787
みなぎる	12393
お構いなし	12394	28094
なんともない	12395
取り調べ	12396	243874
取り扱う	12397	122419
きめる	12398
わけのわからない	12399
つば	12400
訳	12401	84801
どうこう	12402
抉る	12403	10494
本拠地	12404
義兄	12405	225151
月日	12406
悪霊	12407	168162
ポスト	12408
睫毛	12409	18890
風の音	12410
自	12411
脳天	12412
ある限り	12413	42487
低	12414
伴侶	12415
発端	12416	278515
バレバレ	12417
手口	12418	210550
遺す	12419
キング	12420
日焼け	12421	225006
任	12422	120497
猪	12423	74482
破損	12424	150532
代行	12425	194490
使役	12426
ほほ	12427
寄付	12428	74477
出直す	12429	163764
鎮座	12430
照準	12431	190763
怪我をした	12432	44090
傷跡	12433	93322
感極まる	12434
涼しい顔	12435
主体	12436
その内	12437	1278
一掃	12438	266422
市長	12439
歴	12440
太鼓	12441	62392
黄昏	12442	36096
混ざり合う	12443	86235
慌てふためく	12444	36589
蜂	12445	51088
一文字	12446	275680
同化	12447	4701
巻き起こる	12448	89952
羞恥心	12449
分割	12450	291063
一人ずつ	12451	34299
農民	12452
際限	12453	140225
心遣い	12454	165989
機密	12455	304568
図々しい	12456	24591
整然	12457
今時	12458	28299
饒舌	12459	190119
上げ	12460	188966
行き止まり	12461	110747
記	12462
書庫	12463	70678
十二月	12464	302588
術者	12465	312056
それどころじゃない	12466
お子様	12467	162540
交易	12468
幾重にも	12469	98822
陥落	12470	131450
リンク	12471
見切る	12472	67385
性分	12473	115756
使い切る	12474	169362
ぱちくり	12475
別行動	12476	295407
一文	12477	115767
千切れる	12478	14374
洩れる	12479	11585
物腰	12480	75449
わる	12481
足もと	12482	70890
斬りかかる	12483	253540
話し相手	12484	312142
ニューヨーク	12485
ゾッと	12486
しぶしぶ	12487
引きちぎる	12488	61478
おけばよかった	12489
カニ	12490
もう１人	12491	10994
不安げ	12492
くま	12493
こくこく	12494
ではなかろうか	12495
もてなす	12496
住まい	12497	55498
そこかしこ	12498
おち	12499
焼き	12500	37198
なか	12501
すき	12502
不謹慎	12503	216403
四百	12504	170198
英国	12505	211521
頭がおかしい	12506	139612
睨み合う	12507	55293
まっとう	12508
餅	12509	7646
家屋	12510
口止め	12511	166965
恐れがある	12512	21590
差出人	12513	239805
夜道	12514
在	12515
テロリスト	12516
タッチ	12517
三分の一	12518
フラグ	12519
近接	12520	307168
時間の無駄	12521	273877
待ち合わせ場所	12522	196599
忍ぶ	12523	164206
選定	12524
密	12525
希少	12526
白紙	12527	93552
野次馬	12528	90159
執務	12529	229415
切れ味	12530	226652
近道	12531	153976
誤り	12532	109816
葵	12533	45787
誰一人として	12534	95369
どす黒い	12535	130533
紅葉	12536	261343
話し込む	12537	193465
不規則	12538	301689
非情	12539
おどおど	12540
沸かす	12541	48183
停滞	12542	152748
陣地	12543	131880
無情	12544	131602
ホームルーム	12545
狡猾	12546	241399
突き動かす	12547	161685
城門	12548
腰を上げる	12549
制約	12550
要員	12551	224420
白濁	12552
腕輪	12553	124254
席を外す	12554	279604
吸い寄せる	12555	124124
囁き	12556	21391
立ち回る	12557	127328
細心	12558	100297
七日	12559	204711
叩き落とす	12560	117281
憚る	12561	14995
森の奥	12562
デパート	12563
一拍	12564	217568
盤	12565	87502
あたふた	12566
奮闘	12567	142840
電話に出る	12568
増大	12569	313049
ガチャ	12570
侵食	12571
お腹が空く	12572	32176
心臓の鼓動	12573
喉が渇く	12574	74186
ピン	12575
運動神経	12576
清	12577
すこぶる	12578
ひらめく	12579
きらい	12580
ひも	12581
ポツリ	12582
あきらか	12583
ぜひとも	12584
キミ	12585
しわ	12586
踏みとどまる	12587	79846
あさって	12588
かつてない	12589
ニッコリ	12590
うり	12591
よろける	12592
立ち入り禁止	12593	304181
つねる	12594
取り柄	12595	45088
びくん	12596
やつれる	12597
ンン	12598
トコ	12599
ごらんなさい	12600
空	12601	19601
町中	12602	131956
密集	12603
墓場	12604
オーバー	12605
肩口	12606	302932
泣かす	12607	83741
コツコツ	12608
燃え尽きる	12609	150144
衰弱	12610	153472
１匹	12611	80900
心構え	12612	197965
バルコニー	12613
突	12614
予選	12615
耳を貸す	12616
追い抜く	12617	201518
物件	12618	178978
チャレンジ	12619
装飾品	12620
核心	12621	170483
投擲	12622	151583
極まる	12623	33080
何事もなかったかのように	12624	65398
アタック	12625
高々	12626	12683
良し	12627	904
着弾	12628
紛らわす	12629	46884
どうりで	12630
話にならない	12631
貧弱	12632	183081
食物	12633
撤収	12634	141717
鳩	12635	34774
無遠慮	12636	112374
飄々	12637	43995
発掘	12638	256131
複製	12639	247464
大佐	12640
アルバム	12641
思い思い	12642	122680
有り得ない	12643	3690
ふんふん	12644
意地悪い	12645	91422
お節介	12646	17696
在庫	12647	221962
愚痴る	12648	108181
緊迫	12649	97770
暴力的	12650	304112
狩猟	12651	151267
栽培	12652	170312
零れ落ちる	12653	54897
凄惨	12654
軽率	12655	169699
胸が痛む	12656
兆候	12657
と書いてある	12658	121899
との事	12659	2322
大衆	12660	141339
作戦会議	12661	203977
票	12662	282401
アクション	12663
壁面	12664
企てる	12665	69181
コネ	12666
匂う	12667	25287
給う	12668	82173
陶器	12669
耳を塞ぐ	12670	278469
地中	12671	306779
カウント	12672
幸いにも	12673	102962
摂る	12674	2001
介す	12675	115809
文庫	12676	101545
応募	12677	216317
なんも	12678
イチゴ	12679
オマエ	12680
あとを追う	12681	134685
片づけ	12682	65478
たかだか	12683
しきる	12684
いたたまれない	12685
こん	12686
手掛かり	12687	128782
払いのける	12688	65596
擦りつける	12689	19029
こころ	12690
おどろく	12691
どれぐらい	12692
迎え	12693	124832
力いっぱい	12694	196877
あろうことか	12695
遅すぎる	12696	85697
そんなバカな	12697
とびきり	12698
クスリ	12699
ナニ	12700
出し抜く	12701	91869
引き金を引く	12702	225816
かなにか	12703
ふわっと	12704
ファミレス	12705
漁師	12706	65677
見続ける	12707	124446
波紋	12708
コンコン	12709
身の回り	12710	252997
丹念	12711	69498
目眩	12712	13692
厭	12713	1602
小規模	12714
発現	12715
絶	12716	244427
媚びる	12717	44292
珠	12718	15204
暗	12719
零	12720	22689
荒	12721	55101
チャンネル	12722
大戦	12723	237010
フライパン	12724
仏頂面	12725	117980
首を絞める	12726	216089
末路	12727
萎える	12728	65894
吸い付く	12729	110966
優美	12730	192631
私物	12731
趣	12732	44785
下っ端	12733	135686
告発	12734	267501
私的	12735	244520
飲食店	12736
羅	12737	82914
転げ落ちる	12738	96825
追い越す	12739	196160
硝子	12740	3495
メイク	12741
流出	12742
殊勝	12743	100827
取り寄せる	12744	78606
綴る	12745	32879
一歩を踏み出す	12746
マニュアル	12747
ジャック	12748
醜悪	12749	280762
一心不乱	12750	188403
供	12751	5201
不憫	12752
映画館	12753	253850
暴風	12754
ひょっこり	12755
ほざく	12756
長距離	12757	259117
狩人	12758	98354
熱烈	12759	219652
涎	12760	14095
腹の中	12761	193037
炎上	12762	134597
衣類	12763
待たす	12764	120033
転	12765
徘徊	12766	59984
シーズン	12767
連れ帰る	12768	139602
削除	12769	287020
深み	12770	116991
呆気に取られる	12771	18696
おしっこ	12772
金属製	12773
刻み込む	12774	105608
直結	12775	245257
突風	12776	151283
気に病む	12777	248440
圧迫感	12778
ロケット	12779
のびる	12780
さえぎる	12781
どちらかといえば	12782
コソコソ	12783
つぶやき	12784
なにか	12785
かき混ぜる	12786	42592
イジメ	12787
キッと	12788
飛びこむ	12789	28583
あやつ	12790
ちぇ	12791
ゆがむ	12792
しっぽ	12793
距離をとる	12794
こき使う	12795	75404
イス	12796
なかったことにする	12797
むす	12798
昼ご飯	12799	186671
カ月	12800	205810
節	12801	74480
色濃い	12802
見本	12803	185591
無神経	12804	301826
地響き	12805	210426
覆い被さる	12806	51981
どうでも良い	12807	1609
味噌	12808	24896
大根	12809	79955
凡人	12810	272117
動物園	12811	123930
見回る	12812	119784
高笑い	12813	168848
善人	12814
強情	12815	94838
乞う	12816	70201
居酒屋	12817
安っぽい	12818	309989
ドキッと	12819
イケる	12820
本国	12821	195839
運が良い	12822	271107
倒れ伏す	12823	175970
安物	12824	150668
攻撃的	12825
気弱	12826	179842
お子さん	12827
這い上がる	12828	66591
不調	12829	106161
走り	12830	87981
丸まる	12831	62094
瘴気	12832
馴れ馴れしい	12833	25197
手錠	12834	153584
雑巾	12835	46485
授業を受ける	12836	178000
餌食	12837	63688
お見事	12838	69284
刺激的	12839	226399
武人	12840
よく考えたら	12841	274115
再確認	12842
恐怖心	12843
待ち望む	12844	215333
応戦	12845
貪欲	12846	78240
どんより	12847
或いは	12848	1492
終焉	12849	93935
論理的	12850	282443
飛躍	12851	127444
根源	12852	190347
叱咤	12853	132371
存外	12854	119843
根っこ	12855	82454
甘い声	12856	274517
目障り	12857	109790
綱	12858	24592
指を鳴らす	12859
思い付く	12860	88367
虐殺	12861	195391
活性化	12862
軽薄	12863	152521
飛び退く	12864	69290
台無しにする	12865	81983
暑苦しい	12866	169614
生活費	12867
大好物	12868	235346
長らく	12869	86247
名案	12870
大軍	12871
数枚	12872	262183
受け答え	12873	127095
蔵	12874
間一髪	12875	199361
通学	12876	304943
不可	12877	25674
にゃん	12878
格子	12879
勢	12880
絡み	12881	15076
けた	12882
とどめを刺す	12883	41085
あらかた	12884
昂ぶる	12885	49597
起す	12886	12286
貸し	12887
１０万	12888	137486
やってのける	12889
呼びつける	12890	110953
まばゆい	12891
おなじ	12892
さがる	12893
みたところ	12894
クロ	12895
うなされる	12896
思いこむ	12897	153443
メチャクチャ	12898
じつは	12899
おねえさん	12900
かる	12901
ポーション	12902
臆する	12903	141011
オン	12904
命の恩人	12905
五感	12906
リセット	12907
くらくら	12908
蓮	12909	36784
せがむ	12910
耳を疑う	12911
終	12912	39801
笑い飛ばす	12913	245711
業	12914
ロマン	12915
忠誠を誓う	12916	234715
ハァハァ	12917
横取り	12918	143900
膨張	12919
駆け下りる	12920	63982
突起	12921	163938
気味が悪い	12922	112016
出陣	12923	254217
記憶力	12924	274544
平らげる	12925	35878
自白	12926	235982
枷	12927
セーフ	12928
化す	12929
うく	12930
シチュー	12931
口癖	12932	191555
毎週	12933	268647
基調	12934
企み	12935	30392
通知	12936	165162
気が向く	12937
思ってもいない	12938	302361
目を白黒させる	12939
命運	12940	267441
戯言	12941	37491
記号	12942	137230
薄汚れる	12943	97011
参上	12944
突き付ける	12945	19000
女将	12946	32488
謙虚	12947	162389
射出	12948
若造	12949	165222
過保護	12950
羨望	12951	80914
機器	12952
受信	12953	194810
両方とも	12954
後世	12955	193577
大まか	12956	31588
視認	12957	241412
執筆	12958	206750
新入り	12959
高め	12960
採れる	12961
円を描く	12962
到来	12963	214036
黄金色	12964	122318
間の抜けた	12965	131445
学食	12966
刈る	12967	12901
家々	12968	310701
似つかわしい	12969	187346
癪	12970	143201
ＡＩ	12971	134058
卑猥	12972	91891
性器	12973
じっとり	12974
ばったり	12975
心配性	12976	236819
幼少	12977	136885
大声で叫ぶ	12978
奥義	12979
デス	12980
オシャレ	12981
おふくろ	12982
思うところがある	12983	317183
いっさい	12984
どうとでも	12985
っつーか	12986
しげしげ	12987
言いたす	12988	74816
パチパチ	12989
ヲ	12990
感づく	12991	128231
あいかわらず	12992
かかえる	12993
カン	12994
朝ごはん	12995	114077
ぶち壊す	12996	41481
ほえる	12997
ひま	12998
ニ	12999
どれもこれも	13000
条	13001	23989
返却	13002	227571
療養	13003	185017
屋外	13004	231076
カラカラ	13005
仕向ける	13006	44791
歌詞	13007	18570
勝機	13008
生い茂る	13009	103694
恋愛感情	13010
上官	13011
培う	13012	88684
邸宅	13013
汗を流す	13014	280670
染め上げる	13015	157920
御意	13016	61990
グッズ	13017
後部座席	13018
好き放題	13019	231509
報	13020	276001
失言	13021
朝っぱらから	13022	233307
木の葉	13023
好感	13024
配信	13025
着席	13026	219004
一頭	13027	195369
歩兵	13028	273487
庇護	13029	273601
溜め込む	13030	53499
切り分ける	13031	225499
半開き	13032	215495
にしろ	13033
女生徒	13034
火種	13035	232223
アイディア	13036
転がり落ちる	13037	126149
シスター	13038
分断	13039
憤る	13040	106676
調節	13041	224616
素通り	13042	163625
有用	13043	142470
機嫌を損ねる	13044	186471
脂肪	13045	106739
出来る限り	13046	79650
優勢	13047	154272
友好的	13048	292509
ボコボコ	13049
沈み込む	13050	134619
そぐう	13051
発注	13052	273275
剣技	13053
道徳	13054	149489
破	13055
口を尖らせる	13056	302092
ピザ	13057
よじ登る	13058	35496
生まれてから	13059	214836
自己嫌悪	13060
最後尾	13061
単調	13062	161024
福	13063
ラブラブ	13064
ものですか	13065
マイペース	13066
数週間	13067
茂る	13068	45700
号室	13069	263017
ぼそぼそ	13070
労働者	13071	223368
豆腐	13072	74083
ライフル	13073
交差点	13074	151497
一つ目	13075	49685
口を噤む	13076	231773
封じ込める	13077	167222
眩暈	13078	13692
剥く	13079	5213
重んじる	13080	134672
恋に落ちる	13081
ほる	13082
ハッハッハ	13083
つよい	13084
よしとする	13085
ヒビ	13086
１階	13087
ちぎる	13088
ドン引き	13089	201851
けっして	13090
損する	13091	204563
佐々木	13092
今どき	13093	28299
やりきる	13094
カギ	13095
もどき	13096
坊ちゃん	13097	295711
度合い	13098	196364
ボーッと	13099
ぼう	13100
事例	13101
完治	13102
寝間着	13103	56883
言い直す	13104	109540
挟まる	13105	40693
雑音	13106	192472
択	13107
爆風	13108	218249
怠惰	13109	81870
死に方	13110	196278
居候	13111	78574
正義の味方	13112	164906
本質的	13113
生き抜く	13114	309172
大雑把	13115	41195
かと言って	13116	4898
形見	13117
脱げる	13118	88341
概ね	13119	13681
ぽつぽつ	13120
得物	13121
錆びる	13122	40496
長髪	13123
路線	13124	260669
回りくどい	13125	46391
奥方	13126	91664
箒	13127	22494
言わす	13128	45791
一目散に	13129	82965
閉店	13130	238283
訝しむ	13131	31100
運が悪い	13132
脚本	13133	304437
荒らげる	13134	115124
ノリノリ	13135
今の今まで	13136	63892
滲み出る	13137	68182
世間知らず	13138
バナナ	13139
味覚	13140	212680
十一時	13141
志願	13142
休憩時間	13143
最良	13144	130956
コイン	13145
淫ら	13146	41998
海底	13147	123765
使い魔	13148
投じる	13149	90200
人事	13150	127411
肉親	13151
海軍	13152
長官	13153
蔦	13154	30076
人違い	13155	165028
悪態をつく	13156	194130
お預け	13157	31392
小隊	13158
ボディ	13159
一刻	13160	84726
候補者	13161
レベルアップ	13162
前例	13163	312642
今一度	13164	92557
難しい顔をする	13165	293524
交代で	13166	170149
薄情	13167	115693
煩わしい	13168	34699
ドジ	13169
解剖	13170	128629
産物	13171
あやふや	13172
後ろ向き	13173	105970
オーダー	13174
騒音	13175	310823
投稿	13176
火の粉	13177	246957
張り合う	13178	88312
お電話	13179	223284
キョトン	13180
そばから	13181
つぎ	13182
くい	13183
立ちすくむ	13184	113670
ジジイ	13185
何よりも	13186	50099
かならず	13187
婆	13188
タマ	13189
仲のいい	13190	162152
おさめる	13191
やわらか	13192
われら	13193
あちらこちら	13194
いなす	13195
ぬける	13196
レイ	13197
立てかける	13198	74842
後ほど	13199	34079
おきる	13200
荒れ狂う	13201	141735
外界	13202
探検	13203	98254
ビリビリ	13204
変色	13205
装束	13206	92736
時間を潰す	13207
東方	13208	143802
憮然	13209	62786
輝かしい	13210	81945
焚く	13211	17701
トリック	13212
隠密	13213	87179
どちらにしても	13214
駆けだす	13215	42988
胸板	13216	148621
架空	13217
目を光らせる	13218
ハーレム	13219
権力者	13220	290129
天敵	13221
他所	13222	2924
年配	13223
夕刻	13224	154210
求婚	13225
目をつむる	13226	226022
南方	13227
打倒	13228	72174
温存	13229	233648
暖か	13230	23698
ご心配なく	13231	236354
敷き詰める	13232	62987
火災	13233	97017
儲かる	13234	36298
伏す	13235	62395
ＤＶＤ	13236	314572
無我夢中	13237	115320
誠	13238	11494
あっけらかん	13239
何日か	13240
最終日	13241
独りで	13242	3787
つぐ	13243
急用	13244
手探り	13245	264274
パラパラ	13246
一品	13247	137532
泣き顔	13248
ライター	13249
記入	13250	248966
会員	13251	253406
芸当	13252	135918
ラブ	13253
パフォーマンス	13254
センサー	13255
確固	13256
ＰＣ	13257	226534
制裁	13258
暴行	13259	254930
しゃぶる	13260
二番	13261	235621
蹴飛ばす	13262	67883
安らぐ	13263	75162
研修	13264	141673
浪費	13265	125017
紙切れ	13266	97053
トランク	13267
十万	13268	137486
ドワーフ	13269
短縮	13270	305595
積み重なる	13271	151319
婆さん	13272	15792
聖人	13273
行動力	13274
もごもご	13275
改変	13276
立ち塞がる	13277	143747
闘い	13278	45689
目下	13279	87529
シロ	13280
ぼくたち	13281
ふく	13282
頭をよぎる	13283	311526
ともす	13284
いわく	13285
もったいぶる	13286
このとおり	13287
ローマ	13288
なめらか	13289
こしらえる	13290
おとぎ話	13291	84300
しすぎる	13292
ことさら	13293
あずかる	13294
ちょうど良い	13295	3688
ふしぎ	13296
えむ	13297
なな	13298
ほど遠い	13299	126440
ほぐれる	13300
蔵	13301	7581
薙ぎ払う	13302	90001
一列	13303	208440
生き続ける	13304	279221
宝箱	13305	266034
呪縛	13306	124328
斬りつける	13307	207322
焦らす	13308	28579
陰気	13309	79432
寝	13310
幼馴染み	13311	76735
トントン	13312
宿舎	13313	237209
決勝	13314
松明	13315	30083
拝借	13316	306549
当惑	13317	113415
退室	13318	251035
真っ最中	13319	131557
やべえ	13320
品質	13321	192354
大活躍	13322	253252
窓辺	13323	213181
本意	13324
目の色	13325	302976
親分	13326	153904
盗み聞き	13327	176034
命を懸ける	13328	111436
小銭	13329	169668
脂汗	13330	92339
タンク	13331
麻薬	13332	162531
にやける	13333
停車	13334	136295
持ち直す	13335	127291
聞き込み	13336
石像	13337	222861
司会	13338
懐中電灯	13339	162083
愚	13340
恐	13341	26395
ほくそ笑む	13342	62795
食品	13343
全土	13344	291182
永い	13345	14193
政権	13346	300888
建造物	13347
思い悩む	13348	255545
ウイルス	13349
水平	13350	163949
北側	13351	140699
盗る	13352
現実味	13353
使徒	13354
特異	13355
不死身	13356	108432
聞き逃す	13357	147837
白々しい	13358	48898
スタジオ	13359
称える	13360
萌える	13361	137196
黒々	13362	75178
今までにない	13363	64090
比べ物にならない	13364	74781
窓口	13365	313611
契約書	13366	223382
達成感	13367
言ってのける	13368	78129
ぞくぞく	13369
つまるところ	13370
見間違える	13371	198288
苦難	13372	39371
日向	13373	33176
科学的	13374
鼻水	13375	143100
数十年	13376
心残り	13377	268032
崇拝	13378	162973
掴まる	13379	6596
猛然	13380	121527
格好良い	13381	35596
億劫	13382	41295
何それ	13383	150966
オモチャ	13384
アハハハハ	13385
バ	13386
振りほどく	13387	37596
あらわ	13388
いちおう	13389
たべる	13390
交じる	13391	16498
風邪ひく	13392	92812
クセ	13393
いいながら	13394
引き立てる	13395	74693
そびえる	13396
ひきつる	13397
つまずく	13398
わけもなく	13399
クラスメート	13400
オフ	13401
凍結	13402	267196
払拭	13403	100639
無骨	13404	111600
ティーカップ	13405
中立	13406	259931
げんなり	13407
終わりを告げる	13408	195698
売買	13409	18499
人一倍	13410	220496
白黒	13411	202591
助けになる	13412	224912
財宝	13413	206325
萎縮	13414	97155
マップ	13415
落とし穴	13416	103084
仕上がる	13417	100703
ぐんぐん	13418
盗み見る	13419	143096
一部始終	13420	90617
願	13421
幼子	13422	91371
家中	13423	276325
梯子	13424	19290
お米	13425	132428
手を取り合う	13426	227902
慈しむ	13427	64598
循環	13428	189599
反逆	13429	121808
林檎	13430	16980
仕事場	13431	189967
コレクション	13432
整列	13433	192474
概要	13434	249996
はみ出す	13435	48086
ひげ	13436
ＣＭ	13437	206616
フルーツ	13438
陣形	13439
裸足	13440	29089
経験を積む	13441
連絡が取れる	13442	295342
タイヤ	13443
長所	13444
付き従う	13445	78459
ちゅー	13446
パート	13447
経営者	13448
コーラ	13449
認知	13450
国外	13451	235362
今更ながら	13452	41680
断じる	13453
大穴	13454	200618
重圧	13455	278328
お届け	13456	75422
身を委ねる	13457	296189
目論見	13458	34885
厚意	13459
規格外	13460
僧	13461	71601
精神状態	13462
キャプテン	13463
下僕	13464	213590
醜態	13465	128013
自作	13466	232463
暗に	13467
より上	13468	223490
コスト	13469
体躯	13470	89871
なるべく早く	13471	125026
アプリ	13472
隊列	13473
負傷者	13474
手を借りる	13475
ほかない	13476
怪獣	13477	138641
甘み	13478	87134
修練	13479
美術館	13480	244634
補正	13481	216645
仏	13482	63526
うっさい	13483
仕切り	13484	230101
めちゃめちゃ	13485
ごもっとも	13486
覗きこむ	13487	13489
考えつく	13488	266014
のぞきこむ	13489
赤み	13490	125424
息をのむ	13491	182592
トドメ	13492
生まれながら	13493	163129
静まりかえる	13494	54695
みじめ	13495
リス	13496
暇つぶし	13497	79219
泣きつく	13498	210190
かぶりつく	13499
うざい	13500
術	13501	7419
被る	13502	28989
傷む	13503	14190
男同士	13504	265046
見ず知らず	13505	256824
無償	13506	84596
合コン	13507
司	13508	36992
交錯	13509
疲れ切る	13510	88913
毛頭	13511	52385
獲る	13512
副作用	13513	256354
満	13514	29999
ころころ	13515
洪水	13516	103225
様相	13517	122465
紺色	13518
嬌声	13519
蝋燭	13520	19984
聖堂	13521	258121
副会長	13522
我を忘れる	13523	119131
厳か	13524	37099
試行錯誤	13525	233905
用心深い	13526	287283
一泊	13527	257173
平常	13528	196294
口に合う	13529	305814
統制	13530	152424
懺悔	13531	266320
炊く	13532
下手をすれば	13533	84154
調子が悪い	13534	261875
呆れ顔	13535
ボトル	13536
別にいいけど	13537	61798
心を開く	13538
警部	13539
ふかふか	13540
容態	13541	214824
暦	13542	63690
ああやって	13543
朝飯	13544	109107
郡	13545
判決	13546	221344
怒鳴り声	13547	308714
笠	13548
ごし	13549
安らぎ	13550	70492
父ちゃん	13551	51580
頭蓋骨	13552	110907
回線	13553
気性	13554	62787
地雷	13555
手触り	13556	208361
出店	13557
数分後	13558
譲歩	13559	203119
異界	13560
それもこれも	13561
見立てる	13562	90597
数え切れない	13563	110986
残業	13564	284078
入念	13565	222391
機動	13566
ガッツポーズ	13567
著者	13568	230262
皇	13569
ビシッと	13570
小瓶	13571
身も心も	13572	301030
臆病者	13573	112209
欠陥	13574
張り	13575
自販機	13576	210916
て言うか	13577	3179
８月	13578	215741
なあんだ	13579
まり	13580
はなす	13581
のどか	13582
今しがた	13583	43192
ひいては	13584
ヤ	13585
有難い	13586	1753
まじり	13587
たたずむ	13588
つきあい	13589
ひざまずく	13590
受け身	13591
みつける	13592
たどたどしい	13593
手をあげる	13594	242796
からというもの	13595
説明がつく	13596
いっぺんに	13597
ようす	13598
仲いい	13599	168869
ありさま	13600
目掛ける	13601	6400
痣	13602	15796
献上	13603
冷淡	13604	141209
牧場	13605
卑しい	13606	40685
送り	13607	312593
東側	13608
お腹いっぱい	13609	28389
スマート	13610
公演	13611
比喩	13612	74588
目の下	13613	263533
主導	13614	134784
話し出す	13615	199536
引き剥がす	13616	71192
爆ぜる	13617	41685
サラサラ	13618
動力	13619	158876
なりと	13620
超絶	13621	238466
はいよ	13622
規則正しい	13623
心を読む	13624	228554
ごそごそ	13625
頼み込む	13626	102282
共鳴	13627	233550
腰を抜かす	13628	202149
罰ゲーム	13629	264815
洩らす	13630	9800
一条	13631	98420
垂れ流す	13632	169188
勘定	13633	64794
同一人物	13634
目を疑う	13635
寿司	13636	27587
一喝	13637
上流	13638
一安心	13639	207767
面目	13640	85981
ランキング	13641
測定	13642	209363
上を向く	13643	197353
ファイト	13644
残滓	13645
着陸	13646
スライド	13647
差し掛かる	13648	14587
冷	13649	86347
敬愛	13650	287244
ポニーテール	13651
乃	13652
ウフッ	13653
キャベツ	13654
愛想笑い	13655
思い入れ	13656	240213
別室	13657	175813
鼓舞	13658	135900
姉上	13659	183972
安泰	13660	137393
屈む	13661	21099
小説家	13662
こく	13663
及ぼす	13664	51800
即刻	13665	162546
過度	13666	249857
吹っ切れる	13667	58592
いつになったら	13668
習性	13669	149416
偽者	13670
細部	13671
豊	13672	32291
奇声	13673
障害物	13674	170303
吊る	13675	4784
居なくなる	13676	1116
パイロット	13677
手札	13678	229311
を介して	13679
馬鹿野郎	13680	53586
おおむね	13681
草むら	13682	58189
閉じこめる	13683	38581
にし	13684
ハル	13685
おまじない	13686
すぐれる	13687
いまに	13688
かぶりを振る	13689	57381
悲しげ	13690	112095
取っておく	13691	20690
めまい	13692
それっ	13693
しゃ	13694
なつかしい	13695
こすりつける	13696
何ひとつ	13697	103346
合い	13698	31488
察するに	13699	204634
つめ	13700
仲が悪い	13701	238352
木の実	13702	120709
好評	13703
点滅	13704
社交	13705
入部	13706	241012
話が早い	13707
弛緩	13708	65577
山本	13709	105875
暴動	13710	276201
一足先	13711	185910
凝縮	13712	282410
フェンス	13713
浜辺	13714	187907
私室	13715
ぽろぽろ	13716
変動	13717	152099
瞬間的	13718
十字	13719	262914
見え隠れ	13720	220407
バックアップ	13721
何も無い	13722	9284
高台	13723	244155
窓枠	13724	150742
緩慢	13725	164957
全身全霊	13726	275127
凛々しい	13727	48586
正直言って	13728	192078
念願	13729
士官	13730
自分の分	13731	233403
駆逐	13732	68578
抽出	13733	253000
ポット	13734
境地	13735	188901
亜	13736
償い	13737	68397
人間性	13738
待ち合わせる	13739	218173
盛り上がり	13740	245187
うずめる	13741
不慣れ	13742	167791
貿易	13743	183344
手軽	13744	202529
レッスン	13745
書店	13746	220486
秘匿	13747	137416
首謀者	13748	232127
水槽	13749	304216
ドーム	13750
痺れ	13751	33281
カーブ	13752
否む	13753	46691
コンタクト	13754
乗り換える	13755	95950
形だけ	13756	80452
百姓	13757	86771
支配下	13758
足の裏	13759	143041
若々しい	13760	130791
づく	13761
至高	13762
突っ切る	13763	65283
騒然	13764
食感	13765
大和	13766	91745
精進	13767	77881
ボランティア	13768
利点	13769	158581
お気になさらず	13770	153910
明滅	13771	167354
動員	13772	315249
信憑性	13773	248692
出来るようになる	13774	6395
省略	13775	242413
依然	13776	55685
部活動	13777	252833
大群	13778	208686
闘志	13779
領内	13780	236029
つもりである	13781
ガラガラ	13782
どくん	13783
銭	13784
てん	13785
おぼろげ	13786
思いきる	13787	57389
みたいな	13788
差し支える	13789	39287
神さま	13790	43085
跡形もなく	13791	54092
クン	13792
ハサミ	13793
腰をおろす	13794	132229
受けとる	13795	33288
目があう	13796	206092
ひっきりなし	13797
とかす	13798
ひと目	13799	50799
子供のころ	13800	112281
学園祭	13801
盗み	13802	88590
十一月	13803
免許	13804	212659
文官	13805
一部分	13806	253786
汽車	13807	71683
棲む	13808
飲ます	13809	82497
名探偵	13810	189000
幻聴	13811	186860
廃棄	13812	75109
銃撃	13813	273777
台座	13814	209178
史上	13815
千円	13816	128796
寛容	13817	90647
世界観	13818
幕府	13819	107792
ジャム	13820
甘美	13821	163721
肉棒	13822	175506
夢想	13823	127543
より大きい	13824	152110
まあいいか	13825
卒業生	13826
恵	13827
胸部	13828	233041
生命体	13829
風邪を引く	13830	91386
とんでも	13831
水筒	13832	128865
結婚相手	13833
痛ましい	13834	47800
酔っ払い	13835
例える	13836	17991
解決策	13837
隣人	13838	192203
あれ以来	13839	257512
降臨	13840
ツンデレ	13841
ジト目	13842
アイスクリーム	13843
自尊心	13844	310160
一蹴	13845
豊満	13846	241409
税	13847
水を差す	13848	285937
出版社	13849	221350
捕捉	13850
管理者	13851	281530
襟元	13852	78417
栗	13853
目を付ける	13854	117813
延期	13855	148457
ギャグ	13856
どちらかと言えば	13857	12782
鳥肌が立つ	13858
ざっくり	13859
論外	13860
殺人鬼	13861	255853
膝枕	13862	69484
ボーナス	13863
根気	13864
芸人	13865	176366
ウインク	13866
打って変わる	13867	46995
事務的	13868
内密	13869	239114
シミュレーション	13870
でなければならない	13871
日数	13872
藁	13873
仲間達	13874	109589
判断力	13875
自己満足	13876	247539
小言	13877	58877
袴	13878	38200
偽名	13879
忠誠心	13880	270165
この上なく	13881	53590
あす	13882
レモン	13883
なげ	13884
おぼつかない	13885
持ち場	13886	221106
もったい	13887
ゆるめる	13888
メンツ	13889
者ども	13890	116707
いっせいに	13891
むかし	13892
つまみ	13893
センパイ	13894
イマイチ	13895
取りつく	13896	19678
はずれる	13897
した方がいい	13898	19294
火がつく	13899
訳がない	13900	1971
野宿	13901
巻き添え	13902	100356
辟易	13903	61694
てよ	13904
異能	13905
錠	13906	251401
一歩一歩	13907	270906
亡骸	13908	48899
燃え盛る	13909	134565
僧侶	13910	89328
隠し	13911	38988
木造	13912	198107
心の内	13913	131225
招集	13914
怒り狂う	13915	212426
執り行う	13916	87893
ずんずん	13917
剣道	13918	225956
若	13919	193420
糸を引く	13920
取り返し	13921
命懸け	13922	97600
色々あって	13923	14187
不動	13924	117377
導き	13925	308211
根底	13926
じろり	13927
禁	13928
蜂蜜	13929	36794
手を掛ける	13930
選抜	13931	252797
惨劇	13932
増援	13933	249513
マニア	13934
クエスト	13935
トレイ	13936
芸能人	13937
尊厳	13938	204916
象	13939	32281
丁目	13940	243321
交通事故	13941	312385
資材	13942
依頼人	13943
乱雑	13944	304998
紙一重	13945	245615
物色	13946	166719
先生方	13947
放心	13948
東洋	13949	137668
リモコン	13950
補強	13951	250648
ぬるぬる	13952
畏まる	13953	3892
議題	13954	229410
気の利いた	13955	307352
取り掛かる	13956	19789
魂胆	13957	90094
全軍	13958	253585
相殺	13959	132083
穂	13960
良しとする	13961	13085
重なり合う	13962	77248
ダイヤ	13963
焼き払う	13964	210785
監視カメラ	13965
劣化	13966	204662
上の空	13967	97860
子供扱い	13968	168244
いっち	13969
控え室	13970
２枚	13971	136891
吊るす	13972	28083
ツッコむ	13973
しお	13974
揃い	13975	52809
たけ	13976
いかがわしい	13977
５つ	13978	65689
したたか	13979
毛並み	13980	201428
お客さま	13981	127901
ツボ	13982
うごめく	13983
そのまんま	13984
すごす	13985
たいそう	13986
４	13987	181453
７月	13988	252793
こぶし	13989
なみ	13990
ただならぬ	13991
あらず	13992
そうねえ	13993
９月	13994	199588
ぬる	13995
あやしい	13996
ネジ	13997
危ねえ	13998	32586
ぼくら	13999
うってつけ	14000
ずる	14001
天上	14002
濃度	14003	315408
声援	14004
人望	14005	162166
所望	14006	111214
注射	14007
方式	14008
血相を変える	14009
就寝	14010
櫛	14011	16833
着々	14012	95505
地理	14013	28575
新米	14014	119862
虹色	14015	161864
呼び捨てにする	14016	167852
二手	14017	123292
手の内	14018
全域	14019
かわ	14020
管轄	14021
やねん	14022
正装	14023
感ずる	14024	107228
ぴょん	14025
危険を冒す	14026
一晩中	14027	253180
ジャガイモ	14028
ヤクザ	14029
何にせよ	14030	16678
別として	14031	83633
駆け足	14032	142417
助っ人	14033	135345
くすむ	14034
左肩	14035	276477
厚み	14036	97491
鉄格子	14037	116676
浅はか	14038	55287
調教	14039	187022
たく	14040
悶絶	14041	112265
一身	14042
パンフレット	14043
残党	14044	156840
ドクター	14045
甘酸っぱい	14046	96617
新手	14047	173993
胸騒ぎ	14048	206177
新婚	14049	153249
教団	14050	211971
子育て	14051
裁縫	14052	113837
ロリコン	14053
添う	14054
チップ	14055
ネガティブ	14056
大理石	14057	237154
狼狽える	14058	6699
聖地	14059	300729
義姉	14060
弱める	14061	139216
上から目線	14062
使い果たす	14063	134491
突き入れる	14064	178896
串	14065
既存	14066
鷹揚	14067	55689
全面	14068
おっとり	14069
同棲	14070
蹴り上げる	14071	135973
推奨	14072	132440
アレンジ	14073
千葉	14074	69888
観客席	14075
満載	14076	197127
余波	14077	190639
挟み込む	14078	68197
暗記	14079	303962
チート	14080
忽然	14081	56796
殺し屋	14082	254960
こうすれば	14083
多額	14084	279750
身を潜める	14085	316053
してみると	14086
ぬぐ	14087
おねがい	14088
ケータイ	14089
いわ	14090
うっとうしい	14091
ならぶ	14092
殴りかかる	14093	127838
呼び起こす	14094	98846
よだれ	14095
もも	14096
それゆえに	14097
ハアッ	14098
あかり	14099
ゆるむ	14100
縁	14101	15962
張り	14102	14615
石段	14103
返済	14104	283984
姿を隠す	14105	121443
喧嘩を売る	14106	287064
ＳＮＳ	14107
空しい	14108	11100
骸	14109	53793
近代	14110
赤の他人	14111	291836
書籍	14112	279969
ふっくら	14113
闘技場	14114	219107
苗字	14115	71888
肋骨	14116	137909
その晩	14117	164288
ベタベタ	14118
天幕	14119
疲れ果てる	14120	110845
戦死	14121	69895
全力疾走	14122
戦果	14123
上書き	14124	151261
将棋	14125	45089
パチン	14126
首肯	14127
興	14128
ぎっしり	14129
エアコン	14130
冷ます	14131
行き過ぎる	14132	48197
昇格	14133	139492
略奪	14134	95998
退却	14135	204877
年に一度	14136
最速	14137
単身	14138	132430
生還	14139
重心	14140	242397
加担	14141	195401
小部屋	14142	197493
欲情	14143
ほっそり	14144
示唆	14145	168038
茎	14146	29591
戯れ	14147	58099
三日月	14148	112215
真偽	14149
連動	14150
手慣れる	14151	114271
気兼ね	14152	124136
受け持つ	14153	116909
気品	14154
ぱくぱく	14155
言い争う	14156	153326
不敬	14157	202100
ツラ	14158
画策	14159	122588
流石は	14160	3998
気が遠くなる	14161
絶滅	14162	158758
に渡って	14163	7580
その他に	14164	25097
捕る	14165
いやに	14166
フリル	14167
馬鹿らしい	14168	54079
顕著	14169	153557
後戻り	14170	85530
変質	14171
垂れ下がる	14172	80656
顧客	14173	302497
ピンと来る	14174	11194
仰天	14175	87864
覚	14176
差し伸べる	14177	28599
大事件	14178	221315
秘密裏	14179
一途	14180	43524
残念なことに	14181	201048
ふえ	14182
れっきとした	14183
目がける	14184	6400
くくる	14185
ぎり	14186
いろいろあって	14187
ドヤ顔	14188
にじみ出る	14189	68182
いたむ	14190
グルグル	14191
エビ	14192
ながい	14193
取りあえず	14194	707
気取り	14195
答	14196	48794
ときの	14197
曲がり角	14198	122015
態度をとる	14199	271941
むちゃくちゃ	14200
主	14201	16736
ハッピーエンド	14202
虐げる	14203	99921
身を置く	14204
六本	14205	168394
跳ね返す	14206	70988
ダイブ	14207
不平	14208	150225
共存	14209	239379
研	14210
はかる	14211
引き攣る	14212	13397
結束	14213	249192
他に何か	14214	78287
休まる	14215	102778
絶やす	14216	50299
岬	14217	44393
奔走	14218	127879
通訳	14219	192972
大々的	14220
無理強い	14221	163812
師団	14222
責め	14223
最悪の事態	14224
固執	14225	295187
コンプレックス	14226
挑発的	14227
幽閉	14228	143834
よろ	14229
端正	14230
佇まい	14231	27594
突き出る	14232	82478
立て	14233	18680
甘え	14234	153687
引き入れる	14235	92521
詐欺師	14236	153248
信頼関係	14237
踏み潰す	14238	82809
忘れ去る	14239	174921
接待	14240	206294
少量	14241	104960
覆面	14242	95139
威張る	14243	36390
同じ年	14244	229934
しく	14245
銀座	14246	142761
雇い主	14247
野獣	14248	203604
意識が戻る	14249
浴槽	14250	69384
ＨＰ	14251	179404
エントランス	14252
手製	14253	270119
駈ける	14254
単体	14255
人間的	14256	271991
呼称	14257
凜	14258
政	14259	64098
群れる	14260	58391
流星	14261
省	14262
ばらす	14263
賞金	14264	135415
罰する	14265	68185
新幹線	14266	203101
申し分ない	14267	180695
統率	14268	214915
本隊	14269
雌	14270
全長	14271	186114
反感	14272	143476
弓矢	14273
狸	14274	36591
含み	14275	92443
初夏	14276	131313
鳥居	14277	262470
勤め	14278	34188
如何	14279	2068
ぶれる	14280
１１時	14281
だん	14282
かげ	14283
名づける	14284	302441
くー	14285
ブンブン	14286
また明日	14287	105062
気づき	14288	254922
むせる	14289
とうてい	14290
なぞ	14291
さわやか	14292
しょっぱい	14293
あるとき	14294
ひび割れる	14295	81071
さくら	14296
変わり者	14297	153219
言いにくい	14298	78314
さぐる	14299
塗りつぶす	14300	90092
でる	14301
上々	14302
備え	14303	286768
挨拶を交わす	14304	103921
相互	14305	185645
服従	14306	159703
長剣	14307
消毒	14308	168714
合唱	14309	115754
録画	14310	244361
空振り	14311	151391
遅らせる	14312	152182
消し飛ぶ	14313	148911
体現	14314	142046
大人数	14315	265766
傍目	14316	97870
活力	14317	249097
穴を開ける	14318	174516
殺風景	14319	206865
出し物	14320	130769
満ち溢れる	14321	80382
パネル	14322
行き渡る	14323	65487
誌	14324
ラフ	14325
パン屋	14326	198041
が早いか	14327	103825
言い草	14328	85090
一回転	14329
着ぐるみ	14330	129625
邸	14331	32089
足掻く	14332	11497
世話を焼く	14333	227648
陸上	14334	235865
通りすがり	14335
定期	14336	137568
人魚	14337
区切り	14338	107196
自滅	14339	103097
心の奥	14340	238765
根回し	14341	306001
愛着	14342	205684
統括	14343
斜め上	14344	238061
忍	14345	41090
呆気ない	14346	7294
人知れず	14347	227956
教員	14348	216275
城下	14349
卑怯者	14350	104196
上段	14351
首尾	14352
自制	14353	137180
演習	14354	104780
唸り	14355	26779
追い求める	14356
くらいのもの	14357
傀儡	14358	88430
即席	14359	136541
土曜	14360	73488
誤算	14361	83107
倫理	14362
迫り来る	14363	119085
伊	14364
身を投げる	14365
団員	14366
せき	14367
意地を張る	14368
助	14369
木立	14370	221934
あやまる	14371
がむしゃら	14372
言いつけ	14373	44592
ちぎれる	14374
１２月	14375	302588
ふく	14376
ほとばしる	14377
身をもって	14378	143888
持ちこたえる	14379	60888
暇もなく	14380	72686
跨る	14381	7990
になう	14382
ひとりぼっち	14383
けしかける	14384
おば	14385
クビになる	14386
じゅう	14387
わけがある	14388
くに	14389
打ち上げ	14390
お父さま	14391	45793
ヘタ	14392
生まれつき	14393	109161
とお	14394
ふいに	14395
お母さま	14396	40893
うまく行く	14397	2258
ゴクリ	14398
たこ焼き	14399	71388
ダラダラ	14400
それに加えて	14401	103177
府	14402
操	14403	64300
遠い昔	14404	180355
詰問	14405
連射	14406
一人きり	14407	26995
断念	14408	160367
境界線	14409	286568
忍ばせる	14410
気概	14411
お泊まり	14412	85515
受賞	14413
越	14414	242372
ユニット	14415
並行	14416
ぐらり	14417
助け合う	14418	151527
言い争い	14419	237392
埋葬	14420	153782
後遺症	14421	263238
誰も彼も	14422	70780
浪人	14423	96991
讃える	14424
暴発	14425	309436
気味の悪い	14426	111863
いとも	14427
好奇	14428
顔を顰める	14429
占う	14430	119090
血縁	14431	235265
こくん	14432
校則	14433
戸棚	14434	34894
コーチ	14435
縛り付ける	14436	51880
昨今	14437	224234
作り直す	14438	106871
特集	14439	251723
大尉	14440	152853
遠足	14441	163456
索敵	14442	204830
あまつさえ	14443
初々しい	14444	93866
思念	14445
現実感	14446
淀む	14447	29384
別世界	14448	243957
荒っぽい	14449	98537
国々	14450	198918
仁王立ち	14451
言い忘れる	14452	143255
爽快	14453	7398
いい事	14454	1941
コンピューター	14455
しんみり	14456
挙動不審	14457
何歳	14458	152522
ドライブ	14459
素肌	14460	152645
婚約破棄	14461	278906
冒す	14462
娼婦	14463	107198
命乞い	14464	173476
間にある	14465	59300
冷え切る	14466	147973
私立	14467
重症	14468	232505
一貫	14469	199772
菊	14470	47002
本職	14471	215437
食い入るように	14472	95702
計画を立てる	14473	271659
遺書	14474	95073
口上	14475
味気ない	14476	131202
かえる	14477
５月	14478	260743
もの凄い	14479	2309
どうすることもできない	14480
かもしんない	14481
引きこもり	14482	45383
タ	14483
もてあそぶ	14484
たたむ	14485
むり	14486
佐藤	14487
突拍子もない	14488	167590
びびる	14489
くすくす笑う	14490	141261
ヒゲ	14491
ほどよい	14492
いじわる	14493
すくむ	14494
ややあって	14495
星々	14496
スケベ	14497
しあわせ	14498
またぐ	14499
聞こえ	14500	93740
印	14501
跡取り	14502	101149
本望	14503	151131
魔界	14504	258114
脱落	14505	294067
ステーキ	14506
だらり	14507
激	14508
合致	14509	67782
分担	14510	184108
潤う	14511	82711
仲裁	14512	168059
コア	14513
譲渡	14514	251209
最短	14515
岩場	14516
着こなす	14517
備品	14518
オフィス	14519
大目に見る	14520	281809
糞	14521
小山	14522	124098
骨格	14523	193454
共和国	14524
四方八方	14525	302760
忍び寄る	14526	75661
エール	14527
ブレる	14528
馬上	14529	227377
言い終わる	14530	143691
お手上げ	14531
別れ際	14532	264209
泣き言	14533	240708
命ずる	14534	223280
口惜しい	14535	15895
呼び込む	14536	184742
くぐもる	14537
飯を食う	14538	244724
肉塊	14539	258686
取り立てる	14540	33796
常々	14541	58494
守護者	14542	307393
基盤	14543	231881
安否	14544
無駄遣い	14545	120355
ラブレター	14546
芳しい	14547	57188
とか何とか	14548	9796
歩調	14549	289064
特大	14550
是	14551
大空	14552	88440
モチーフ	14553
大多数	14554
末期	14555	118958
虚無	14556
峠	14557	80823
信ずる	14558	194662
レール	14559
死闘	14560	136597
筒抜け	14561
真犯人	14562	245975
分け	14563
アリバイ	14564
ほどける	14565
断片	14566	282329
猛	14567	88701
摩擦	14568	86158
残虐	14569	131577
置いて行く	14570	51489
ククク	14571
打開	14572	84412
左目	14573
裏がある	14574	239592
可能にする	14575
隕石	14576
一味	14577	203963
むくれる	14578
かっこよい	14579
しみる	14580
おびただしい	14581
じゃーん	14582
お返事	14583	128378
覆いかぶさる	14584	51981
皆さま	14585	68472
引っぱる	14586	14982
さしかかる	14587
１か月	14588	275724
気もない	14589	219428
みすぼらしい	14590
ギョッと	14591
６月	14592	224850
幸いなことに	14593	91350
カゴ	14594
あと一歩	14595	294179
晩ご飯	14596	119905
突っかかる	14597	32082
７日	14598	204711
まどろむ	14599
困ったことに	14600	111059
模倣	14601
言わんとする	14602	78180
上野	14603
お荷物	14604	188645
無自覚	14605	234557
見詰める	14606	17584
十二時	14607
傾斜	14608	148169
上質	14609	290000
体調不良	14610
歩き方	14611	215411
略す	14612	214930
衛星	14613
規律	14614	84259
ばり	14615
幼稚	14616	88770
射	14617
目頭	14618	151079
非道	14619	79775
流儀	14620
もぎ取る	14621	36190
思いを馳せる	14622
末裔	14623	278388
走り寄る	14624
スケール	14625
ハンター	14626
誉める	14627	10498
慎む	14628	36897
児童	14629	170106
国語	14630	198150
声を潜める	14631	312565
みっちり	14632
高等	14633
熱量	14634
おしい	14635
幻滅	14636	151330
異例	14637	257347
飼育	14638	99911
押しやる	14639	79825
アラーム	14640
冤罪	14641	107164
数万	14642	211729
被害を受ける	14643
増殖	14644	246398
あるまじき	14645
叔父さん	14646	3182
我儘	14647	4387
設計図	14648
理念	14649	267139
個人情報	14650
負い目	14651	215317
ゼリー	14652
隙を突く	14653	103868
憔悴	14654	73692
いざとなれば	14655
一人娘	14656	149081
セクシー	14657
下位	14658
剛	14659
フレーム	14660
桜色	14661	218481
不遜	14662	94493
錬金術	14663	202306
同族	14664	310892
原作	14665
無為	14666	50893
ハラハラ	14667
鬼畜	14668	248371
採掘	14669	265738
挫折	14670	128657
震動	14671
太刀打ち	14672	164071
デメリット	14673
対岸	14674	164964
言われるがまま	14675	127592
息を止める	14676	229609
敗者	14677	248685
ドリンク	14678
敵を倒す	14679	306388
さる	14680
ひとたび	14681
そのほか	14682
落ち	14683	12499
思いもよらない	14684	162868
比べものにならない	14685	74781
はらう	14686
見くびる	14687	59490
すんません	14688
しき	14689
はら	14690
ためにする	14691
そうさ	14692
においがする	14693
シ	14694
ボケる	14695
きもの	14696
人並み	14697	112009
テメェ	14698
いっぱいいっぱい	14699
デタラメ	14700
端	14701
ぐいと	14702
何から何まで	14703	44695
決め込む	14704	79565
間接的	14705	272238
処遇	14706	290652
お手本	14707	308217
反らす	14708
弁える	14709	7882
○○	14710
絞める	14711
ゲスト	14712
一目惚れ	14713	99212
熟睡	14714	167297
忠義	14715	166562
パトカー	14716
そうこう	14717
切迫	14718	143917
司令	14719	277497
任意	14720
人助け	14721	276998
狂人	14722
叩きのめす	14723	42695
朝起き	14724	223606
ギャンブル	14725
収拾	14726
経費	14727	128795
異名	14728	127777
津波	14729	78572
迫害	14730	210349
肖像画	14731
射す	14732
書状	14733	197742
甚だ	14734	20083
焔	14735	42086
道化	14736	252528
勲章	14737	149613
ぎる	14738
間違いなし	14739	75587
店先	14740	88297
崩落	14741	305642
豪勢	14742	136828
頂	14743	40081
祖先	14744
粋	14745	12135
お上手	14746	112335
火山	14747
クレープ	14748
ぐむ	14749
青くなる	14750	161130
連載	14751	258821
戦艦	14752	122783
鎖骨	14753	251359
両端	14754	216771
泊	14755	289169
ピストル	14756
将校	14757
海辺	14758	142439
螺旋	14759	55797
築き上げる	14760	121077
水準	14761	258045
痛い目	14762	169669
雄弁	14763	284301
湧き出る	14764	122124
叩き付ける	14765	18079
投影	14766	204960
所謂	14767	1296
ぶっ壊す	14768	80176
仁	14769	70702
科目	14770	137697
先っぽ	14771	52593
催し	14772	121042
受けて立つ	14773	227929
シェフ	14774
行く先	14775	99511
例年	14776
丸一日	14777
優越感	14778	205901
観	14779
だあれ	14780
小遣い	14781	58885
シッ	14782
さっす	14783
はじめは	14784
だいじ	14785
そのうえで	14786
すすむ	14787
ぬれる	14788
コホン	14789
真っすぐ	14790	2007
くぐり抜ける	14791	40100
風邪をひく	14792	91386
危険にさらす	14793	246372
つつむ	14794
もうす	14795
人目につく	14796
スゴイ	14797
はじめから	14798
立ちつくす	14799	181385
本当のところ	14800	73299
たつ	14801
帯	14802
うとうと	14803
選	14804
貧血	14805	238953
歳月	14806	188182
ある意味で	14807
物珍しい	14808	77877
踊り場	14809
うつ伏せ	14810	19680
大慌て	14811	142796
見せびらかす	14812	108251
茜	14813	32894
将来的	14814	279849
代弁	14815	300057
禁断	14816	204010
案ずる	14817	103988
お体	14818	59790
経験者	14819	269436
涼やか	14820	85315
ご苦労さん	14821	60781
六日	14822	268857
本音を言う	14823
代官	14824	124826
美少年	14825	316441
無害	14826	154085
汗だく	14827	198999
大それた	14828	68192
異端	14829
一抹	14830	78062
晩飯	14831	114959
脱線	14832	204902
両断	14833
強靭	14834	88054
風に乗る	14835
後片付け	14836	84844
寸法	14837	197661
余力	14838	226044
当の本人	14839
からい	14840
地平線	14841	263961
施錠	14842	168893
一人として	14843	40389
頷き	14844	25485
愛称	14845	112627
背骨	14846	121280
身のこなし	14847
課する	14848
蛍	14849	35898
両立	14850
大雨	14851	225709
異	14852
顛末	14853	55794
甦る	14854	7193
点在	14855	286436
恵み	14856	28196
毒づく	14857	246233
黒色	14858
誇りに思う	14859	274565
都合の良い	14860	115507
ブレス	14861
されるがまま	14862
傍から見る	14863	121551
持続	14864	293040
王道	14865	310743
串刺し	14866	147900
本気にする	14867	220340
細々	14868	65687
イレギュラー	14869
具現化	14870
跳ね上げる	14871
カール	14872
穢れ	14873	58195
錯乱	14874	254968
精悍	14875	74294
古風	14876	148778
骸骨	14877	81916
親しむ	14878	117794
されど	14879
いたぶる	14880
とてもとても	14881
取り	14882	124247
ニンジン	14883
来てる	14884	20594
恥じらう	14885	104730
気のない	14886	207007
かぐ	14887
酔っぱらう	14888	70597
パクパク	14889
あなたがた	14890
甚だしい	14891	31784
１０月	14892	220178
起きあがる	14893	76949
付きまとう	14894	11893
狂い	14895
惹きつける	14896
つかる	14897
立ちふさがる	14898	143747
鍵がかかる	14899	103859
のり	14900
仮想	14901	64787
本陣	14902	192331
家の人	14903
擁護	14904
親衛隊	14905
主観	14906
ご注文	14907	300327
窒息	14908	108429
前代未聞	14909	144026
レーダー	14910
言い当てる	14911	114253
逆さ	14912	58394
忙しない	14913	16280
戸籍	14914	150286
非力	14915	284556
こんだけ	14916
部族	14917	233305
テンポ	14918
じたばた	14919
治	14920
ちゃっかり	14921
バンバン	14922
超能力	14923	203525
瞬間移動	14924	288452
威勢	14925	80489
庵	14926	49483
のこのこ	14927
薬指	14928	219557
藩	14929
移植	14930	114181
閲覧	14931	214083
手ぶら	14932	302542
平ら	14933	52900
風格	14934	265964
聞き耳を立てる	14935
復旧	14936	219645
五本	14937	119501
片側	14938	137047
彫像	14939	192006
険しい顔	14940
しおらしい	14941
絵になる	14942	61596
瑞々しい	14943	26492
天蓋	14944	265916
予め	14945	5193
レバー	14946
邪神	14947
性に合う	14948	258132
占い師	14949
今までで	14950	70074
顔合わせ	14951
意識的	14952
孫娘	14953	270870
飛沫	14954	272492
見当違い	14955	222238
お決まり	14956	61679
へいへい	14957
躍起	14958	42589
口外	14959
連呼	14960	260864
怪談	14961
統べる	14962	99326
ダイヤモンド	14963
俊敏	14964	191887
真冬	14965	216710
主として	14966
酸味	14967	251874
ぼる	14968
マシン	14969
ヘタレ	14970
分かち合う	14971	67290
精々	14972	2572
卒業後	14973
駆除	14974	198806
デリケート	14975
約束を破る	14976	238935
配備	14977
丁	14978	83752
くつ	14979
どなる	14980
きこえる	14981
ひっぱる	14982
いとこ	14983
名前をつける	14984	186655
バカバカしい	14985
下手くそ	14986	33396
かご	14987
折りたたむ	14988	101415
ご覧ください	14989	66182
たくらむ	14990
くも	14991
おん	14992
１億	14993	136288
それる	14994
はばかる	14995
ひろげる	14996
吸いこむ	14997	58585
ガッカリ	14998
カチカチ	14999
もどす	15000
見誤る	15001	195554
付き添い	15002	81788
振り落とす	15003	100427
最悪の場合	15004
結果を出す	15005	267553
講堂	15006	184577
消極的	15007	289087
希望者	15008
お洒落	15009	10185
泣き虫	15010	201910
兆し	15011	51982
抜け道	15012	181784
もしそうなら	15013
じろじろ	15014
バスタオル	15015
啞然	15016	51197
雛	15017	19779
開口一番	15018
引っ掛ける	15019	17176
通じ合う	15020	242100
木刀	15021
チェス	15022
誤差	15023	51381
大混乱	15024	294850
電灯	15025
覆い尽くす	15026	70790
蹲る	15027	5790
誇示	15028
気を引く	15029
過言	15030
焼きそば	15031	64495
日和	15032	35188
奇異	15033	24797
働きかける	15034	87392
追い付く	15035	67176
重宝	15036	80838
差し向ける	15037	60386
小麦粉	15038	223291
遺族	15039	189587
心理的	15040
選別	15041	75659
それならそれで	15042
見る見る	15043	5400
言い合い	15044
荘厳	15045
地べた	15046	140754
精巧	15047	302850
宜しい	15048	1042
余所	15049	2924
薫	15050
切符	15051	64899
悶々	15052	53891
上限	15053	181738
王者	15054	219486
復元	15055	243096
静	15056
揺れ動く	15057	121196
硬質	15058
ぴしゃり	15059
置き換える	15060	87158
腹筋	15061	236702
じゃが	15062
カメラマン	15063
ぞんざい	15064
ほとり	15065
取り払う	15066	100336
知らないうちに	15067	206642
短	15068
湿気	15069	137885
読み返す	15070	136641
行ったり来たり	15071	64378
得点	15072	254689
意気込み	15073	192391
見当もつかない	15074	212271
転職	15075	249135
がらみ	15076
騎兵	15077	101244
追い立てる	15078	169571
既視感	15079	287237
とっくの昔	15080	169181
工程	15081	92360
走	15082
チュー	15083
一々	15084	2436
つるむ	15085
向かい側	15086	165603
張りつめる	15087	53196
かくれる	15088
強ばる	15089	9588
ヘビ	15090
行動をとる	15091	314562
どちらへ	15092
かくす	15093
じじい	15094
あいまい	15095
ものを言う	15096	28198
色づく	15097	210504
ひととき	15098
お嬢さま	15099	70985
もや	15100
吐く	15101	1001
座標	15102	258110
現わす	15103	16183
飛び去る	15104	121517
代わりになる	15105	72297
暴言	15106	150884
無理を言う	15107	162829
傷付ける	15108	77763
赦す	15109	10595
劣勢	15110	242582
先決	15111	190918
温厚	15112	163605
抽象的	15113	185708
疲労感	15114
短刀	15115
ループ	15116
拘る	15117	7586
キープ	15118
一気に飲む	15119	313714
苛立たしい	15120	46183
気を悪くする	15121
くどい	15122
強奪	15123	194427
聞き覚えがある	15124	216453
通行	15125	237250
平野	15126	161538
オカルト	15127
ぐしゃぐしゃ	15128
最高級	15129	259543
伯父	15130	10317
セキュリティ	15131
記憶喪失	15132	213727
名古屋	15133	95240
めげる	15134
デッキ	15135
鎮圧	15136
低める	15137	90897
題	15138
右往左往	15139	184238
張りつく	15140	28797
理解不能	15141
欠落	15142	247072
少佐	15143
秀でる	15144	78637
しやすい	15145
長め	15146
心を奪う	15147	242775
転がり込む	15148	81993
陰鬱	15149	69400
腿	15150
雨音	15151	284402
鏡に映る	15152	233397
空を切る	15153
逆恨み	15154	148434
昇進	15155
懇意	15156	106099
ガツン	15157
となったら	15158
如何に	15159	2523
突出	15160	142391
はたと	15161
闇雲	15162	27880
ツンと	15163
切り替え	15164
ベタ	15165
実行に移す	15166
などなど	15167
多少なりとも	15168	299413
社内	15169	99568
ご連絡	15170
にんまり	15171
ちらと	15172
交通	15173
麺	15174	19590
聞き入る	15175	104702
天秤	15176	76214
ノブ	15177
裏返る	15178	152071
空飛ぶ	15179	124234
高値	15180	102340
差し置く	15181	48897
事情聴取	15182	302344
二つ名	15183	264075
屈服	15184	187989
人脈	15185
綿	15186	10663
いつ頃	15187	23491
しかと	15188
頭がいい	15189	213648
カス	15190
まぎれる	15191
ロク	15192
まずない	15193
ざる	15194
かれこれ	15195
入りこむ	15196	43981
自由に	15197
ゆかり	15198
おおかた	15199
何もの	15200	19092
着く	15201	6193
居る	15202	229
かん	15203
たま	15204
楽観的	15205
取り替える	15206	50496
ハム	15207
哀れむ	15208	42734
有り難い	15209	1753
斥候	15210	85150
きゅん	15211
嘔吐	15212	32279
押し入る	15213	168898
金魚	15214	121575
年相応	15215	261716
注入	15216	275202
根に持つ	15217
むっつり	15218
商談	15219	238338
忌避	15220	84131
四つん這い	15221	83952
遠出	15222	262116
出自	15223
植え付ける	15224	117858
解する	15225
逸脱	15226
小国	15227	124235
直球	15228	308630
勉学	15229
言い捨てる	15230	84594
込み	15231	11795
その足で	15232
更ける	15233	165801
従事	15234
戦友	15235
俗	15236	66988
雑多	15237	76887
優先順位	15238
肩の力を抜く	15239
作り物	15240	69682
野放し	15241	209845
連れ立つ	15242	74299
断片的	15243	292942
ここだけの話	15244	295174
人工的	15245
賀	15246
補習	15247
何だっけ	15248	9095
後になって	15249	27489
スポット	15250
宛て	15251	10196
座布団	15252	66394
繰る	15253	83601
気を張る	15254	315557
言い寄る	15255	28581
打算	15256	93924
野営	15257	315820
幼少期	15258	270684
お天気	15259	170425
第一印象	15260
黒猫	15261	190791
同意見	15262
気が進む	15263
タフ	15264
入り組む	15265	124293
噛み合う	15266	77535
計り知れない	15267	98563
アクセル	15268
茶葉	15269
迷信	15270	234320
気の抜けた	15271
怨念	15272	238993
大名	15273	93670
ビニール袋	15274	163455
失念	15275	270779
梢	15276	34587
クソガキ	15277
不必要	15278	274772
無惨	15279	48787
舎	15280
椀	15281	80624
夜景	15282
鑑みる	15283	68792
考案	15284
情緒	15285	204525
鉢	15286	114293
不躾	15287	27493
石ころ	15288	122423
じゃま	15289
突き当たり	15290	52198
タイ	15291
なかば	15292
おいら	15293
まち	15294
と言っても過言ではない	15295
かねて	15296
たすける	15297
頑張り	15298	48384
すがた	15299
おいて	15300
相	15301	32436
近付ける	15302	111750
仲睦まじい	15303	292765
八つ	15304	103998
遭難	15305	36882
スキンシップ	15306
土日	15307
凹む	15308	11498
一派	15309	44895
生半可	15310	84822
屈託	15311	68095
にゃー	15312
脱衣所	15313
びくともしない	15314
痴漢	15315	107070
アドレス	15316
剥がれる	15317	29994
跡継ぎ	15318	79193
後続	15319
聞く耳	15320
逆流	15321	239774
終結	15322
オムライス	15323
翌年	15324	189658
敵兵	15325	292364
勇	15326
卵焼き	15327	112060
驚異的	15328
名家	15329	253068
フェア	15330
ストック	15331
ホラー	15332
ふんだん	15333
いい気になる	15334
代表者	15335	236272
甥	15336
早くから	15337	89018
遺憾	15338	79901
打ち倒す	15339	135010
充電	15340	180352
飢え	15341
冷笑	15342
技術者	15343
家来	15344	77245
印象に残る	15345
押し流す	15346	139945
辞する	15347	82589
本来であれば	15348
野球部	15349
太腿	15350	27196
イコール	15351
紺	15352
響	15353	26899
熟知	15354	275304
出没	15355	199700
ぞくり	15356
素っ頓狂	15357	47793
試作品	15358
シール	15359
喧噪	15360	71892
一羽	15361
身の安全	15362
使い捨て	15363	255320
力不足	15364	234676
昼下がり	15365	147425
苦心	15366	75621
コンサート	15367
開戦	15368
国土	15369	289402
公認	15370
とぼとぼ	15371
年老いる	15372
復習	15373	51479
走行	15374
推進	15375	212349
ぴくぴく	15376
起伏	15377	226364
と言えど	15378	5296
スーツ姿	15379	133854
全校	15380	126898
手に取るように	15381
モテない	15382
罰を受ける	15383	223405
かえる	15384
このごろ	15385
からむ	15386
なにかと	15387
しるし	15388
寝泊まり	15389	193933
はるばる	15390
そる	15391
売り場	15392	304145
いまから	15393
泣きだす	15394	130888
食らいつく	15395	66097
言いがかり	15396	86245
よそう	15397
ぱらぱら	15398
けんか	15399
ねじ伏せる	15400	73077
風	15401	6088
等	15402
息絶える	15403
路	15404	17597
脈動	15405
さめる	15406
はし	15407
玄関先	15408
絶好調	15409	221458
東部	15410
爆笑	15411	197093
守り抜く	15412	181121
裸体	15413	132452
帆	15414
マリー	15415
発症	15416
舞い戻る	15417	151060
どきり	15418
無音	15419	229551
数度	15420
耽る	15421	16416
ねじる	15422
浅ましい	15423	31591
構想	15424
聞き間違い	15425	192194
要約	15426	163801
四分	15427
ながらに	15428
本末転倒	15429	260387
名乗り	15430	143509
打ち勝つ	15431	80044
英	15432
親近感	15433	307529
ショートカット	15434
踊らす	15435
棍棒	15436
〇	15437
火球	15438
取り落とす	15439	114930
踏み台	15440	298596
隠し通す	15441	177976
腸	15442
遣う	15443	7296
両脚	15444	290526
三つ編み	15445	113727
此度	15446	61987
巨漢	15447	311583
除外	15448	288781
無名	15449	137878
擬態	15450	95574
討ち取る	15451	104546
守備	15452	102072
乱	15453
配布	15454	310177
打診	15455	165413
移動中	15456
わなわな	15457
疾風	15458	268820
末端	15459	120375
貧相	15460	153393
栄誉	15461	164987
綾	15462	16681
辻	15463	53493
終盤	15464
虐める	15465	3884
超人	15466	150122
ギャラリー	15467
段ボール	15468
不信感	15469
標準	15470	228128
どうかしてる	15471
収録	15472	210255
ペラペラ	15473
日陰	15474	86199
肉片	15475
手土産	15476	135155
むら	15477
カラフル	15478
完結	15479	280568
然	15480
繁盛	15481	77070
テニス	15482
至福	15483
オオカミ	15484
手はず	15485	97279
へばりつく	15486
シミ	15487
アレ	15488
ちの	15489
強み	15490	190656
いいぞ	15491
マッチ	15492
うながす	15493
心配いらない	15494	265575
こぞる	15495
フフン	15496
押しとどめる	15497	78989
かいくぐる	15498
ときおり	15499
はずれ	15500
我	15501	5699
陽炎	15502	52884
露見	15503	111172
見放す	15504	193405
悪用	15505	224482
お袋	15506	12982
手筈	15507	97279
鼻腔	15508	88310
生理的	15509
罪深い	15510	211847
スペック	15511
性根	15512
桁	15513	12882
在籍	15514	218992
一寸	15515	92
首根っこ	15516
日時	15517
ワイヤー	15518
薄汚い	15519	92252
正に	15520	1071
弾け飛ぶ	15521	89701
風を切る	15522
話が違う	15523
搬送	15524	200629
レーザー	15525
益	15526
ミスター	15527
ギラギラ	15528
探し回る	15529	69199
邪険	15530	44293
がらん	15531
下唇	15532
冷凍	15533	152568
競い合う	15534	139028
ごしごし	15535
屑	15536
生ける	15537
スター	15538
手に負えない	15539
使い物にならない	15540	193216
ランダム	15541
再建	15542
ゴリラ	15543
屠る	15544	68286
山賊	15545	195165
釜	15546	25861
ある意味では	15547
健やか	15548	50396
しゅんと	15549
冗談めかして	15550	208292
三人組	15551
傍観	15552	289463
苦渋	15553	112644
便所	15554	147754
不十分	15555	243889
気が重い	15556
射殺	15557
高ぶる	15558	49597
即位	15559	141712
大蛇	15560	207547
兼ね備える	15561	116616
奉る	15562	63782
山頂	15563	236421
断続的	15564
直行	15565	263963
雑踏	15566	65199
笑む	15567	13297
一般市民	15568
吼える	15569	12997
ただでは	15570
共犯者	15571	220914
忘却	15572	202619
バクバク	15573
実況	15574	183884
よじる	15575
不条理	15576
最上級	15577
デリカシー	15578
差異	15579
ゴキブリ	15580
さばく	15581
ウロウロ	15582
ふく	15583
詰め	15584
おこがましい	15585
生ぬるい	15586	44385
からから	15587
似	15588
みすみす	15589
さかのぼる	15590
いたずらっぽい	15591
どうし	15592
あわ	15593
方がマシ	15594	23486
はげしい	15595
つて	15596
すぼめる	15597
これから先	15598	183935
いい度胸	15599	231631
あっはっは	15600
気負う	15601	37989
戦闘機	15602	251417
人情	15603
コマ	15604
力説	15605	245209
対戦相手	15606
知らず知らず	15607	102856
負けず嫌い	15608	285665
積み重ね	15609
もんなら	15610
捕らわれる	15611	7992
親御さん	15612
召す	15613	29993
椿	15614	47487
四六時中	15615
飲み過ぎる	15616	166607
印象を与える	15617
先陣	15618
ガラクタ	15619
心より	15620	161031
ショップ	15621
奪い返す	15622	130481
どんと	15623
悪質	15624	238208
上がり	15625	21393
批評	15626	142941
和風	15627	69792
試食	15628	108105
官僚	15629
へらへら	15630
増強	15631	177331
渇望	15632	283732
南側	15633	249549
主導権	15634	252954
アジア	15635
問題点	15636
発狂	15637	214165
姿形	15638	107530
旨い	15639	740
弁護	15640	191549
予習	15641	204199
連絡を入れる	15642
黒服	15643	280413
斬新	15644
残像	15645	306704
水族館	15646	187177
足を組む	15647
病弱	15648	218124
近場	15649	207889
ハグ	15650
界隈	15651	54779
法廷	15652
紙片	15653
手立て	15654	85086
夜更かし	15655	205293
名人	15656	131908
地表	15657
銀河	15658	116978
錬金術師	15659	260668
大工	15660	90176
基	15661	2802
銅	15662
歴史上	15663	316098
深紅	15664
個性的	15665
彷彿	15666	63899
西方	15667
住処	15668	41194
興奮気味	15669
聖書	15670	302873
押し	15671	35994
ジーンズ	15672
危害	15673	277210
石鹸	15674	44184
崇高	15675	137049
女らしい	15676	304477
存在意義	15677
呪術	15678	230930
逸る	15679	83591
凶	15680
とろとろ	15681
スキップ	15682
不覚	15683	61390
勤しむ	15684	27888
言うなれば	15685	38000
市街	15686
ババア	15687
１２時	15688
まくし立てる	15689	17493
へる	15690
１秒	15691	241929
なりきる	15692
あっちこっち	15693
おける	15694
どこにでもいる	15695
気だるい	15696	28286
サクラ	15697
くちびる	15698
どうもありがとう	15699
スイカ	15700
様	15701	144
辛い	15702	2538
湾	15703	10982
掘り返す	15704	162066
穴が空く	15705	130554
遺品	15706
挙手	15707	149003
瘦せる	15708	17686
博物館	15709	237382
何はともあれ	15710	29794
重要性	15711
鎌倉	15712
あっし	15713
一歩下がる	15714
拮抗	15715	98451
這いずる	15716	57798
チェーン	15717
二人目	15718	85363
裸になる	15719	98424
人外	15720	162391
不確か	15721	127761
したためる	15722
メンタル	15723
奴等	15724	4386
裂け目	15725	256945
加入	15726
並び	15727	54087
驚嘆	15728	152733
幾多	15729	313587
掘り起こす	15730	184352
ハンデ	15731
無差別	15732	248360
スマートフォン	15733
繊維	15734	143480
圏	15735
トリガー	15736
生暖かい	15737	72087
落ち合う	15738	82675
面前	15739
挽回	15740	107342
姪	15741	19410
清める	15742	79757
外傷	15743
手合わせ	15744	303560
パズル	15745
サロン	15746
フィルム	15747
リハビリ	15748
首飾り	15749	165344
ビーム	15750
看破	15751
打破	15752	67182
諜報	15753
気が付くと	15754	204106
年を取る	15755	151909
明言	15756	196283
バーベキュー	15757
序盤	15758	237358
智	15759
一望	15760	163732
するする	15761
違える	15762	198936
男前	15763	164308
ほほほ	15764
国中	15765	208568
生唾	15766	101480
原始的	15767	264649
縦横無尽	15768	203326
火花を散らす	15769
編入	15770	273605
局長	15771	288393
茶髪	15772
どない	15773
アフリカ	15774
あれれ	15775
航海	15776
マイ	15777
喋り	15778	26094
なんだったら	15779
ひとこと	15780
なんといっても	15781
のぼせる	15782
おそい	15783
隣り	15784	10697
ウソをつく	15785
くまなく	15786
長すぎる	15787	247659
コロコロ	15788
少なすぎる	15789	141227
待ちわびる	15790	159597
うつろ	15791
ばあさん	15792
プルプル	15793
記憶にない	15794	255874
オス	15795
あざ	15796
元気いっぱい	15797	193508
かたまり	15798
ぎゃっ	15799
エヘヘ	15800
息も絶え絶え	15801
門前	15802	197653
恩義	15803	302343
孔	15804	4983
話し掛ける	15805	97821
トップクラス	15806
擦り付ける	15807	19029
焼き付く	15808	90835
すたすた	15809
蛇のよう	15810	189095
意匠	15811
繁殖	15812	168203
襲撃者	15813
ハッピー	15814
礼拝堂	15815	216666
グレー	15816
番人	15817	192321
息を殺す	15818	273822
締め付け	15819	86259
進行方向	15820	297763
改札	15821	237086
果ては	15822	44196
寄生	15823
化学	15824	119285
魅入る	15825
旋律	15826
激する	15827	129711
お大事に	15828	154134
大聖堂	15829	316246
棒立ち	15830
悲願	15831
戒める	15832	61991
取り入る	15833	85538
下宿	15834	159303
大義名分	15835	249162
自主的	15836
すり替える	15837	52700
鉢合わせ	15838	108054
尊大	15839
身を案じる	15840
行軍	15841	309331
応急処置	15842	258892
ストロー	15843
力む	15844	83114
紅蓮	15845
ポーチ	15846
時間を取る	15847	304789
あらぬ	15848
かよう	15849
見違える	15850	143930
所存	15851	136014
取っ手	15852	117279
自衛隊	15853	295962
逆上	15854	166573
提灯	15855	38299
譲り	15856	62079
廻す	15857	6200
ゆとり	15858
不潔	15859	130578
気を利かせる	15860	280574
都市伝説	15861
薬物	15862	265996
塗れる	15863	5576
医	15864
見繕う	15865	92346
一軒家	15866
襲来	15867
等々	15868
特別扱い	15869	247706
趣旨	15870	119840
乗馬	15871	115174
上方	15872	66785
軽口を叩く	15873
ホームページ	15874
ピアス	15875
告知	15876	206680
琴	15877
クリトリス	15878
良くも悪くも	15879	127101
充血	15880	203259
首相	15881
しずか	15882
シワ	15883
わかりにくい	15884
そんなん	15885
巻きつく	15886	65989
止めておく	15887	5520
なだらか	15888
はらはら	15889
つき合う	15890	4185
ブッ	15891
泊まり	15892	103862
染みつく	15893	53794
一か月	15894	275724
くやしい	15895
どうあっても	15896
言いきる	15897	53398
置物	15898	134758
ツケ	15899
こみあげる	15900
土手	15901	43589
お願い致します	15902	92264
先客	15903	222264
心臓が止まる	15904
すらすら	15905
却って	15906	2867
模擬戦	15907
大口	15908	166653
境目	15909	106821
自前	15910
焦燥感	15911	220457
懐かしむ	15912	55694
姉貴	15913	235416
まったり	15914
十二分	15915	236173
推論	15916	220600
複合	15917
咄嗟	15918	18196
三体	15919
声高	15920	110978
夜食	15921	237548
女官	15922	217205
と言うのに	15923	1541
悪しき	15924	76899
嗜好	15925	82859
揺らぎ	15926	50094
遺物	15927
照れ	15928	76794
凍てつく	15929	94344
アイ	15930
童話	15931	311149
真後ろ	15932	126825
三男	15933	210848
息を潜める	15934
下手したら	15935	114175
貴婦人	15936	173194
市街地	15937
分子	15938	151560
応酬	15939	112495
家名	15940
能天気	15941	209529
脳髄	15942	124420
心を許す	15943	253440
令	15944	77799
粉々	15945	71797
謹慎	15946
哄笑	15947
手こずる	15948	29283
スパイス	15949
脆弱	15950	94479
聖職者	15951	278125
戴く	15952	327
長旅	15953
恥じらい	15954
逆立つ	15955	96319
総動員	15956	269005
カリスマ	15957
旅路	15958	281496
事は無い	15959	591
投げ飛ばす	15960	141900
馬鹿者	15961	95913
ふち	15962
ずばり	15963
お尋ね	15964	37885
笑い話	15965	235509
清い	15966	47388
プライバシー	15967
時として	15968	48997
大使	15969	70984
年末	15970
音量	15971
涙声	15972	247086
挿す	15973
言い淀む	15974	96937
値踏み	15975
句	15976
他意	15977
用語	15978	74092
投降	15979
副官	15980	279258
何故だか	15981	9492
巻きこむ	15982	37880
いざというとき	15983
まったくもう	15984
外に	15985	2876
オオ	15986
目がない	15987	115902
逆に	15988	169305
ともなう	15989
あたま	15990
かする	15991
くすぶる	15992
でならない	15993
数か月	15994
ちょう	15995
うむ	15996
をめぐって	15997
いいよう	15998
ぴんと	15999
真っ白い	16000	128049
灯	16001	26601
古典	16002
祀る	16003	32396
ハッタリ	16004
わい	16005
泥沼	16006	293964
撃墜	16007	183229
スタンス	16008
気が狂う	16009	247209
打ち合う	16010	220271
陸軍	16011
愉悦	16012	263305
逸話	16013
身動きが取れない	16014	292857
憐れむ	16015	42734
東西	16016	150753
昏倒	16017
最下層	16018
表れ	16019	42498
逆方向	16020	314018
クーデター	16021
頭に血が上る	16022
去り際	16023
舗装	16024	152485
残忍	16025	142378
にかけては	16026
指揮を執る	16027	285177
ピクニック	16028
感服	16029	270464
責め立てる	16030
眉毛	16031	78877
私なり	16032	286369
覚ます	16033	28474
警察署	16034	229457
芝居がかる	16035
わんわん	16036
っこない	16037
様式	16038
鉄壁	16039	161483
詰む	16040
聞いてみると	16041	81175
言い逃れ	16042	210962
身の丈	16043	128677
疑問符	16044
ひくひく	16045
耕す	16046	97533
強行	16047	101582
廃止	16048	279424
気に障る	16049
不覚にも	16050	220341
パレード	16051
窘める	16052	10495
剤	16053
ポジティブ	16054
逃げ帰る	16055	187881
空回り	16056	192993
唐揚げ	16057	40187
持	16058
駆り出す	16059
一任	16060	191993
クレーム	16061
不測	16062
生体	16063
予知	16064	202578
甚大	16065	131780
強欲	16066	164879
刈り取る	16067	150817
泣き止む	16068	149760
酸っぱい	16069	35000
一石二鳥	16070	240158
軟弱	16071	194440
裏返す	16072	163164
フル	16073
建国	16074	196676
興味本位	16075
馴れる	16076	7987
号泣	16077	182681
艶	16078	232911
便乗	16079	168558
クイズ	16080
言外	16081	225189
騒ぎ立てる	16082	85501
小馬鹿にする	16083	165487
トーク	16084
走りだす	16085	163156
言うところの	16086	22683
うやむや	16087
ロク	16088
バケモノ	16089
バネ	16090
締め切り	16091	121168
ともども	16092
とがる	16093
落ち度	16094	93379
オ	16095
くわしい	16096
見あげる	16097	54480
熱する	16098	253391
なおる	16099
よせる	16100
網	16101
縮小	16102	296225
応接間	16103	283194
藪	16104	26196
どっちにしても	16105
逃げ惑う	16106	149580
ちょっかい	16107
今後とも	16108	252687
腹減った	16109	95985
弱体化	16110
その都度	16111	73492
水平線	16112	275871
高性能	16113	276498
駆動	16114	98478
栗色	16115
中級	16116	186542
乳母	16117	45185
校長先生	16118	213542
橘	16119	55496
開花	16120	127616
口笛	16121	149049
公務	16122	216659
折り合い	16123
敵陣	16124	254530
ルビー	16125
猛者	16126
モテモテ	16127
首領	16128
ぶっ倒れる	16129	104170
口ずさむ	16130	114000
惑う	16131	78110
伝染	16132
香る	16133	39689
ツインテール	16134
摘まむ	16135	5493
常軌を逸する	16136
荷が重い	16137
応	16138
教科	16139	67989
ぴょんぴょん	16140
小麦	16141	142676
意思表示	16142	301961
後味	16143	198643
準	16144
免じて	16145	107125
ショート	16146
車椅子	16147	308297
軽んじる	16148	123725
快晴	16149
弁当箱	16150	291235
勢い良く	16151	70697
不可視	16152
やすやす	16153
負け犬	16154	259010
ジョン	16155
予兆	16156	195821
憎々しい	16157	84798
しがらみ	16158
うねり	16159
編集者	16160	169505
手本	16161	200170
安寧	16162
蛇口	16163	212820
塗り替える	16164	115201
上手く行く	16165	2258
最先端	16166	250870
原型	16167	167540
あわよくば	16168
ありゃあ	16169
翻る	16170	33083
破廉恥	16171	153037
悪態	16172
蘭	16173
類い	16174	16192
所有物	16175
袖口	16176	108176
未遂	16177	245123
張り裂ける	16178	77286
海中	16179	288826
ミイラ	16180
言いよう	16181	15998
ふんぞり返る	16182	56677
あらわす	16183
抱きとめる	16184	124655
締めくくる	16185	55788
キツネ	16186
合点がいく	16187	149389
ピクピク	16188
おわる	16189
すてる	16190
おごり	16191
たぐい	16192
ウワサ	16193
やむなく	16194
ありきたり	16195
艶めかしい	16196	28987
幼いころ	16197	99494
わたし達	16198	3783
ありつく	16199
ゆるり	16200
港	16201
オナニー	16202
匿う	16203	19383
電池	16204	211681
満足感	16205
自発的	16206
ブラジャー	16207
づくり	16208
鮮烈	16209
昼前	16210	153088
電子音	16211
赤字	16212	143580
色白	16213	210586
シャンデリア	16214
没落	16215	292889
脈絡	16216	215030
齧る	16217	7392
抗争	16218	225784
鞍	16219
自然体	16220
閑散	16221	130678
十中八九	16222
容量	16223	135861
視	16224
伝統的	16225
爆撃	16226	166079
フレーズ	16227
看護婦	16228	148878
ありはしない	16229
昇華	16230
母様	16231	71593
巻き付ける	16232	53084
羅列	16233	267907
奥の手	16234
悪い癖	16235	166793
漲る	16236	12393
総員	16237
生態	16238
同伴	16239	266712
内外	16240	231040
女同士	16241	258002
豹変	16242	106141
方向転換	16243
見栄え	16244	153633
寵愛	16245	87605
断絶	16246	226337
険しい表情	16247
背の低い	16248	265428
趣向	16249	72699
平地	16250
参考書	16251	206603
昨日の今日	16252	212148
小人	16253
心労	16254
尾を引く	16255
検出	16256
届	16257	45196
比率	16258
只	16259	128
漕ぐ	16260	16689
偽造	16261	235441
平たい	16262	64785
枯渇	16263	111102
リア充	16264	297627
見世物	16265	120143
太股	16266	27196
八百	16267	130605
身辺	16268
加害者	16269
野外	16270	213819
吐露	16271
激励	16272	142614
知名度	16273
お座り	16274	45697
サンタ	16275
心が折れる	16276
卒倒	16277	125160
暴れ回る	16278	95363
真似事	16279	53490
せわしない	16280
そり	16281
小ぶり	16282	93347
いびき	16283
じゅうぶん	16284
今や	16285	11565
ほどなくして	16286
たかる	16287
駄々をこねる	16288	48698
横に	16289	71268
顔をそむける	16290
そびえ立つ	16291	45995
ヵ月	16292	205810
ピカピカ	16293
うなり声	16294	140707
とま	16295
だよねー	16296
がなあ	16297
たえる	16298
がわ	16299
さぼる	16300
丸々	16301	19396
打ち鳴らす	16302	120850
すべすべ	16303
然るべき	16304	11392
私情	16305
源	16306	224558
蟲	16307	47397
異動	16308
ずぶ濡れ	16309	45291
大間違い	16310	184845
老ける	16311	132103
別名	16312
構成員	16313	276524
一体化	16314
余興	16315	195010
発情	16316	183733
手に渡る	16317
修道院	16318	236815
さてさて	16319
年々	16320	284805
お暇	16321	30791
駆け付ける	16322	24489
絶品	16323
贔屓	16324	22381
段違い	16325	249198
暗躍	16326
据わる	16327	11496
リア	16328
図書	16329
調度品	16330
燭台	16331
ごっそり	16332
監獄	16333	158579
急降下	16334
ぼっち	16335
血色	16336	207193
この分	16337
これ見よがし	16338	32195
地下鉄	16339	214504
邪気	16340	61473
うか	16341
解雇	16342	236909
体系	16343
一斉	16344	67388
両膝	16345
バスケット	16346
丼	16347	40277
売店	16348
ほんの僅か	16349	10900
ベーコン	16350
書き込み	16351	221971
乙	16352	29995
首を傾ける	16353
言葉を飲む	16354	231011
中尉	16355
注目を浴びる	16356
立ち込める	16357	29388
蔓	16358	21383
壮年	16359
想像を絶する	16360
小道	16361	67193
分が悪い	16362	282502
怖れる	16363	23291
シュート	16364
すれすれ	16365
的外れ	16366	248047
どの道	16367	8894
御身	16368
鶏肉	16369	162775
最近になって	16370
司令部	16371	239546
大河	16372	199425
信徒	16373	203802
一覧	16374	220055
券	16375
６日	16376	268857
かさ	16377
ガ	16378
ちぇっ	16379
可愛がる	16380	39683
ほこり	16381
おもてなし	16382
チラッと	16383
たす	16384
屈託のない	16385	112735
小さいころ	16386	100256
まぎれもない	16387
とける	16388
なかでも	16389
およぶ	16390
くじ	16391
こちとら	16392
やるせない	16393
がまん	16394
ちがい	16395
なまじ	16396
手当たり次第	16397	237083
乗りこむ	16398	57498
兄さま	16399	40791
いったって	16400
紙	16401
実	16402
志す	16403	90804
小舟	16404
おめでたい	16405
一対	16406	131708
突飛	16407	49394
参照	16408	119704
想い出	16409	92234
プラスチック	16410
いじらしい	16411
運動部	16412
様にする	16413	375
縛り上げる	16414	78822
溺愛	16415
ふける	16416
半泣き	16417
解す	16418	9681
ちょこちょこ	16419
探りを入れる	16420	141658
条約	16421	182843
せっかち	16422
挙げ句	16423	7489
青山	16424	160328
不幸中の幸い	16425
銅貨	16426
望み通り	16427	152449
御方	16428	60089
平常心	16429
政略結婚	16430	296270
時間切れ	16431	269235
一箇所	16432	294470
先を急ぐ	16433	161675
飲み会	16434
桐	16435
先程から	16436	33795
歴戦	16437	269892
バイト先	16438	294900
抱え上げる	16439	75663
接吻	16440	62693
賢	16441	26395
高揚感	16442
蕾	16443	23096
爛々	16444	31387
手刀	16445
先んじる	16446	139583
関西	16447	136987
加	16448
蛍光灯	16449	236876
純情	16450	215192
稲	16451	40190
裏付ける	16452	123524
停電	16453	213486
総理大臣	16454
パーカー	16455
優遇	16456	230127
万年	16457	73294
バージョン	16458
もんですか	16459
名ばかり	16460	104274
魔性	16461
武闘	16462
じき	16463
突発的	16464
パワーアップ	16465
十倍	16466	299971
肝に銘じる	16467
急ぎ足	16468
粘土	16469	89302
切り込む	16470	143456
心臓に悪い	16471
握り潰す	16472	103160
日本一	16473	277979
手荒	16474	164938
新学期	16475
格上	16476
略	16477	116096
朱色	16478
握りつぶす	16479	103160
でし	16480
くさる	16481
のたびに	16482
１発	16483	78731
キャッ	16484
ネギ	16485
ゾクゾク	16486
すまう	16487
関係がない	16488	261623
からす	16489
あらわにする	16490
ばら	16491
いきさつ	16492
缶詰	16493	72283
キレ	16494
あのように	16495
こまる	16496
まぶす	16497
まじる	16498
不釣り合い	16499	141622
いい気	16500
相	16501
公言	16502
王室	16503	312233
烏	16504	35689
おんぶ	16505
道すがら	16506	168934
言わば	16507	4587
時間が掛かる	16508	194241
住	16509
カロリー	16510
お初	16511	89954
ひしひし	16512
同義	16513
命取り	16514	171854
アンテナ	16515
熱狂	16516	204373
光明	16517	93236
応じて	16518
渇き	16519	233289
論じる	16520	165166
くんくん	16521
頭を使う	16522	275109
祠	16523	49287
巷	16524	32994
支店	16525	287461
スリッパ	16526
日常茶飯事	16527	243638
ノートパソコン	16528
ロス	16529
やり返す	16530	67179
空で	16531	89520
もとは	16532
表立つ	16533	133881
稼業	16534
目視	16535
心持	16536	43887
滴	16537	19696
覗き見る	16538	140336
減速	16539
総出	16540
何度となく	16541	267854
速める	16542	36578
青々	16543	94323
行進	16544	76595
患う	16545	47685
お世辞にも	16546	110604
武将	16547	221517
温室	16548
それ相応	16549
江戸時代	16550
黒ずむ	16551	119473
功を奏する	16552	311071
滴り落ちる	16553	98775
放浪	16554	136931
とろん	16555
馬乗り	16556
侍従	16557	139682
鍛え上げる	16558	129868
言い伝え	16559
キーワード	16560
臓器	16561	124828
お行儀	16562	119419
詰る	16563	20086
血圧	16564	291875
銭	16565	57990
小さめ	16566	209782
あんだけ	16567
上体を起こす	16568
ハワイ	16569
ぽかぽか	16570
民間人	16571	315805
主従	16572	312585
ひくつく	16573
非常事態	16574
いいとも	16575
粉々に砕く	16576	196736
鬼神	16577
タイムリミット	16578
考え出す	16579	233208
千切る	16580	13088
ソフィア	16581
始終	16582	50385
労	16583
ガン	16584
バタン	16585
３本	16586	149879
晴	16587	35886
言いようのない	16588	47596
脳裏をよぎる	16589
迎えにくる	16590	84526
水たまり	16591	211028
なんだこれは	16592
なんてこった	16593
顔ぶれ	16594	191854
片膝をつく	16595	224058
せまい	16596
声をひそめる	16597	312565
いたるところ	16598
やいなや	16599
ブルブル	16600
止める	16601	230
葉	16602
仏教	16603	178928
絶体絶命	16604	163876
気晴らし	16605	206944
道案内	16606	190703
白鳥	16607	115003
衝く	16608	17101
僥倖	16609	69687
冬休み	16610	300025
晴れ	16611	35886
嫌々	16612	7301
仲介	16613	239527
使用者	16614
皇太子	16615
一丁	16616	59099
お偉いさん	16617	131764
営み	16618	82621
何が何でも	16619	37086
生クリーム	16620	220283
ぶっかける	16621
一曲	16622
体操	16623	101497
帰省	16624
序列	16625	300275
おっかない	16626
都合が悪い	16627	257207
メロディ	16628
眼帯	16629
ボックス	16630
粗相	16631	38085
腕を上げる	16632	255817
識別	16633	236064
姐さん	16634	29197
くっく	16635
道行く	16636	286176
二日酔い	16637	142410
純潔	16638	194321
強風	16639	205097
躓く	16640	13398
のん	16641
一節	16642	211322
癖になる	16643	45993
時世	16644
豪	16645
独りぼっち	16646	14383
離宮	16647	189064
そんなら	16648
自由自在	16649	184644
ぐらぐら	16650
技術的	16651	305697
ソロ	16652
洗い物	16653	213383
唯一無二	16654	237237
生来	16655	303794
長方形	16656
ブス	16657
グリーン	16658
大罪	16659
薙ぐ	16660	24100
なんちゃって	16661
近距離	16662	298790
お出まし	16663	257809
渡り合う	16664	89348
土煙	16665	235263
毎に	16666	2524
まざまざ	16667
パンク	16668
ナイト	16669
洗濯機	16670	216437
搾り取る	16671	93328
そうこうしているうちに	16672
片づく	16673	57890
しぼる	16674
あやうい	16675
傷がつく	16676	199531
ふてくされる	16677
なんにせよ	16678
飛びだす	16679	31993
あたい	16680
あや	16681
思いとどまる	16682	214881
かすむ	16683
これといった	16684
ちぃ	16685
かき上げる	16686	19594
もってしても	16687
もっともらしい	16688
こぐ	16689
たったひとり	16690
どいつ	16691
おととい	16692
さげ	16693
そうやって	16694
そぐ	16695
よくも	16696
はめになる	16697
いますぐ	16698
何と	16699	6500
しぶき	16700
神	16701
気後れ	16702	195565
邂逅	16703
どん底	16704	143758
プロデューサー	16705
痛手	16706	60483
電	16707	68096
蔓延	16708	75562
敵軍	16709	252369
危険に晒す	16710	246372
何ともない	16711	12395
悪徳	16712	298271
とやかく言う	16713	75500
名乗り出る	16714
使命感	16715
段差	16716	241573
長屋	16717	148864
山盛り	16718	245076
血痕	16719
素足	16720	128333
棄てる	16721	16190
武蔵	16722	68086
地球上	16723
上半身を起こす	16724
丁度良い	16725	3688
スポンサー	16726
信条	16727
武者	16728	48177
機転	16729
混じり合う	16730	64593
無職	16731	149640
目撃情報	16732
言ってみれば	16733	48292
普段着	16734
紳士的	16735	255071
あるじ	16736
布陣	16737
建造	16738	198477
敵視	16739
一刀	16740
太古	16741
ぶっ飛ぶ	16742	50185
正当化	16743
手を染める	16744
天狗	16745	60488
人民	16746	215103
分け与える	16747	116936
傷痕	16748	93322
仰ぎ見る	16749	162415
必要不可欠	16750
炒める	16751	41794
要点	16752	286278
試作	16753
勃発	16754	125455
平手	16755
ずっしり	16756
ドリル	16757
純真	16758	249871
鉄製	16759
羨む	16760	35598
蒸す	16761	12798
小脇	16762	75394
張り出す	16763	95975
這い出る	16764	189266
切らす	16765	110971
ジェスチャー	16766
二組	16767	195712
不可抗力	16768	164641
寝返りを打つ	16769	161733
疾い	16770	5680
庫	16771	7581
軍師	16772
バスケ	16773
点く	16774	287201
帳	16775
理由をつける	16776
おにいさん	16777
サル	16778
何これ	16779	144113
考えにくい	16780	277529
絵の具	16781	114094
人様	16782	81557
見てとる	16783
そのなか	16784
ならす	16785
命をかける	16786	111436
思いつめる	16787	189432
ビクン	16788
１１月	16789
これといって	16790
とどく	16791
ほうが良い	16792	1849
縛りつける	16793	51880
そち	16794
わかれる	16795
立ちこめる	16796	29388
つんと	16797
よそよそしい	16798
かっと	16799
どかす	16800
疎む	16801	70683
中毒	16802	267798
高校時代	16803
一件落着	16804	305012
モチベーション	16805
偉業	16806	90943
決め手	16807
休養	16808	208966
心を動かす	16809	259572
ショッピングモール	16810
捜し出す	16811	67400
堅実	16812	235269
見渡す限り	16813	174989
貫禄	16814	166148
ハンバーガー	16815
分量	16816	208444
半歩	16817
勤勉	16818
お忍び	16819	102131
作り話	16820
やり口	16821	72785
入社	16822	304198
労う	16823	20294
否応	16824	128870
残り少ない	16825	214074
生臭い	16826	57886
尺	16827
足先	16828	231967
頭が真っ白になる	16829
交番	16830	306758
購買	16831	277037
慣れ親しむ	16832
くし	16833
花園	16834	132009
中腹	16835	161080
二日間	16836
風俗	16837	166894
言いやがって	16838	91081
気休め	16839
襞	16840	23789
分配	16841	303190
マナ	16842
先手を打つ	16843
でも無い	16844	323
目が見える	16845
やんちゃ	16846
役立てる	16847
所以	16848
学力	16849
数段	16850
子供らしい	16851	206741
寺院	16852	67990
心の傷	16853
せねばならない	16854
外気	16855	204904
下の名前	16856
納まる	16857	7336
思考回路	16858
父母	16859	93327
無抵抗	16860	289378
断	16861
コンクール	16862
研究員	16863
洗礼	16864
日本中	16865	234786
無闇	16866	11988
明け暮れる	16867	77122
透かす	16868	23494
酷使	16869
教皇	16870
に際して	16871	81246
滾る	16872	18984
直感的	16873
悪ふざけ	16874	151862
難解	16875	33189
環	16876	65944
功	16877
おうおう	16878
負担をかける	16879	306180
バッカ	16880
区別がつく	16881
しぐさ	16882
こえる	16883
人懐っこい	16884	137074
かすり傷	16885	164250
たよう	16886
風呂上がり	16887
予定どおり	16888	277272
ささげる	16889
ぬかす	16890
えだ	16891
さきに	16892
言いふらす	16893	79282
うま	16894
だけのことはある	16895
受けとめる	16896	52588
いらいら	16897
おわ	16898
いそぐ	16899
鳴り	16900
面	16901	58176
面	16902
下手	16903	201725
明	16904	232108
極	16905	2505
虚	16906
希薄	16907	80728
不注意	16908	252477
過	16909
履歴	16910	233108
判然	16911
頭を冷やす	16912
出でる	16913	4591
世にも	16914	272184
釈放	16915	304586
ショーツ	16916
制覇	16917	248771
勉強会	16918	258480
押し通す	16919	146848
公衆	16920
改装	16921
ラベル	16922
拡げる	16923	14996
連合軍	16924	241262
放火	16925	80218
ツンツン	16926
照らし合わせる	16927	164988
つかつか	16928
弱音を吐く	16929	282656
内乱	16930	307594
手一杯	16931	164126
亡者	16932	266835
陽動	16933
わいわい	16934
医務室	16935	296954
感銘	16936
必至	16937
面談	16938	303141
無罪	16939	224683
排出	16940	196622
空き地	16941	83422
要人	16942	238453
メダル	16943
何個	16944
物静か	16945	95812
意地でも	16946	243982
屈指	16947	120117
恐竜	16948	135447
懐に入る	16949	170112
本文	16950	235177
原料	16951
ミーティング	16952
問題児	16953
サンダル	16954
自殺行為	16955
掘り出す	16956	130452
売り出す	16957	208634
フィクション	16958
立ち上がり	16959
電柱	16960	149984
猛毒	16961	268361
付属	16962	234725
鴨	16963	152301
瞳孔	16964
持ち去る	16965	213065
憑依	16966	289107
知り得る	16967	141752
巻き起こす	16968	93656
寒	16969
訳す	16970	81165
マグマ	16971
異存	16972
足踏み	16973	154056
一座	16974	146408
ぶつけ合う	16975	41289
学校生活	16976	284665
殺人犯	16977
この結果	16978
たから	16979
りんご	16980
墓参り	16981	202743
筋書き	16982	163679
もする	16983
なんたって	16984
さもなくば	16985
造作もない	16986	127964
錆	16987	28291
診てもらう	16988	36300
このあいだ	16989
サマ	16990
くり返す	16991	17594
ことが無い	16992	1084
やりあう	16993
グル	16994
もしよかったら	16995
しだいに	16996
儲け	16997	54096
よそ見	16998	118091
ココ	16999
ドクン	17000
人気	17001	39694
飛沫	17002	16700
何か別	17003	109514
糸口	17004	73589
震え上がる	17005	59276
期する	17006	94365
三角形	17007	283072
開封	17008	201931
頭巾	17009	41470
だのに	17010
激戦	17011	224751
鬼気迫る	17012
お爺さん	17013	8895
荒唐無稽	17014	120038
語り継ぐ	17015	234765
鋏	17016	30088
精通	17017	296967
煌々	17018
鬼ごっこ	17019	92764
直立	17020	272611
航行	17021
丸投げ	17022
真昼	17023	60788
願い事	17024	141328
地に落ちる	17025	316605
主流	17026
麻酔	17027	141892
バレンタイン	17028
相方	17029	112073
業火	17030
籠城	17031	87926
圧す	17032	6078
連結	17033	215929
重鎮	17034	192880
しら	17035
釣り上げる	17036
悲壮	17037	103073
すわ	17038
王立	17039
蟹	17040
いが	17041
自惚れる	17042	24400
艦長	17043
傷付く	17044	97145
円卓	17045
一歳	17046	191728
血統	17047
巡査	17048	303861
差し引く	17049	141739
出し入れ	17050	242690
表記	17051	198867
使い勝手	17052
下町	17053
春休み	17054
暴君	17055	205921
深入り	17056	232799
受験生	17057	288899
槌	17058
後部	17059
暴力を振るう	17060
溜め息	17061	42099
寝入る	17062	81045
ゴー	17063
ぎくり	17064
訓練場	17065
心優しい	17066	235410
吐き気がする	17067
シンボル	17068
善悪	17069	186504
口笛を吹く	17070
仕入れ	17071	264846
しもうた	17072
ハーブ	17073
伸び	17074	67775
臭う	17075	25287
器量	17076	55699
うるせー	17077
芸術的	17078	314653
連打	17079	125618
ガクガク	17080
ハズレ	17081
とかく	17082
きびしい	17083
おとす	17084
おっしゃるとおり	17085
チ	17086
ザマ	17087
どこもかしこも	17088
いいっていう	17089
いずれにせよ	17090
何故なら	17091	3515
コクリ	17092
これなら	17093
とおる	17094
すっげー	17095
きしむ	17096
しきたり	17097
刺身	17098	82686
おいでになる	17099
あふれ出す	17100	43494
つく	17101
上手	17102	74865
着	17103
基	17104
血肉	17105
剃る	17106
目先	17107
通学路	17108
修繕	17109	108481
ドーナツ	17110
女性らしい	17111
手を付ける	17112
呼び合う	17113	196400
摂理	17114
虚偽	17115
随一	17116	295350
には及ばない	17117	80420
間髪入れず	17118
薬師	17119
新年	17120	131555
比較にならない	17121
最重要	17122
点々	17123	73496
気の強い	17124
カレンダー	17125
てきぱき	17126
先入観	17127
学費	17128	220288
考えを巡らす	17129
琥珀色	17130	143239
大爆発	17131	223540
荷車	17132
パフェ	17133
デザイナー	17134
立ち	17135	261901
落雷	17136	118098
縁を切る	17137	312978
成仏	17138	112352
青筋	17139	164056
恐慌	17140
五体	17141	122565
子分	17142	80506
内情	17143	231228
キャリア	17144
侯	17145
オリンピック	17146
理科	17147	33097
由緒	17148	77386
憎らしい	17149	61278
マックス	17150
居続ける	17151	69184
じゃんけん	17152
割り振る	17153	144121
保身	17154
割り出す	17155	194188
仰々しい	17156	115840
沈痛	17157	197637
仲間入り	17158	291476
過る	17159	9185
倒壊	17160	228061
入り乱れる	17161	127680
急行	17162	272417
見限る	17163	193659
励まし	17164	102326
らば	17165
一苦労	17166
不埒	17167	51882
駆り立てる	17168	63987
汚らわしい	17169	55085
不純	17170
雀	17171	42984
請う	17172	70201
剥奪	17173	141442
ブタ	17174
勝ち目はない	17175
ひっかける	17176
あぐらをかく	17177
さら	17178
ひれ伏す	17179	86547
きょうだい	17180
おだやか	17181
よくもまあ	17182
もうもう	17183
読み終わる	17184	243495
かつぐ	17185
うつす	17186
１月	17187	243704
ダ	17188
見積もる	17189	148997
モノ	17190
知る由もない	17191	241334
スペイン	17192
ふるまう	17193
可哀そう	17194	2749
かぎる	17195
小首をかしげる	17196	217032
いじ	17197
ひろがる	17198
２位	17199	118004
２度	17200
市	17201
疑似	17202	154269
見栄	17203	44497
土間	17204	56895
筆跡	17205	132328
抜き出す	17206	112584
考えれば考えるほど	17207
都合が良い	17208	117805
財力	17209
也	17210
二十日	17211	195917
いじける	17212
船内	17213
介護	17214	104952
野太い	17215	149317
出費	17216	286500
大王	17217
貸し出す	17218	191529
食べ過ぎる	17219	166707
カウントダウン	17220
気を許す	17221
有数	17222
帳簿	17223	166993
がっつり	17224
藍色	17225	122696
来訪者	17226
外周	17227	152933
黒衣	17228
お寺	17229	147194
止血	17230
感覚的	17231
実証	17232	178623
喝采	17233	59087
リベンジ	17234
買い込む	17235	121602
片思い	17236	195325
悪鬼	17237
王冠	17238	116068
種々	17239	110328
第一声	17240
手を下す	17241
計測	17242	277889
ワード	17243
奈落	17244	93865
桁違い	17245	141898
剣先	17246	191599
機敏	17247	151968
扇子	17248
潔白	17249	204500
教え込む	17250	214731
お得	17251	127056
享受	17252
人払い	17253	229081
造形	17254	112622
一本道	17255
此方	17256	480
うた	17257
行政	17258	201078
圏内	17259	150385
転々	17260	189673
質感	17261	246834
ちゅう	17262
怪力	17263
静謐	17264	103946
申し込み	17265	257900
掬う	17266	7496
闇夜	17267	121820
病状	17268
気さえする	17269	99371
物々しい	17270	36687
編集長	17271	254656
もたもた	17272
ゆする	17273
ＮＧ	17274	219197
東北	17275	262019
滞る	17276	99787
ついこの間	17277	55490
凄腕	17278	189361
疫病	17279	187270
暮す	17280	26986
咎	17281	18197
渡り廊下	17282	138910
引き分け	17283	166299
戦乱	17284	215425
鋭敏	17285	167145
誰の目にも	17286
オー	17287
とんとん	17288
辿りつく	17289	9392
ドンドン	17290
たったひとつ	17291
目する	17292	154179
そのあいだ	17293
あいよ	17294
身だしなみ	17295	167807
息づかい	17296	197072
或る	17297	801
嗅ぎつける	17298	40488
そん	17299
吸いつく	17300	110966
どく	17301
諸	17302	19494
退職	17303	208479
飲みこむ	17304	22382
渋い顔をする	17305
ＰＳ	17306	232129
奇	17307
受付嬢	17308
病的	17309	255755
作業員	17310
下駄箱	17311	167248
薄闇	17312	119526
無頓着	17313	103999
水気	17314
前夜	17315	212438
バグ	17316
喪失感	17317
碧眼	17318	119555
店番	17319	237691
苔	17320	167805
賑わい	17321	45085
両眼	17322
悪影響	17323	249992
時間を作る	17324
ガリガリ	17325
胸ポケット	17326
柔道	17327	261297
フランス語	17328
お役目	17329	256777
機動力	17330
城下町	17331	292916
要領を得る	17332
地名	17333
バッテリー	17334
淫	17335
命名	17336
爺ちゃん	17337	11887
小悪魔	17338	236099
族長	17339	199587
書面	17340	175035
化粧品	17341
演劇部	17342	248749
荷馬車	17343
逆手	17344
非現実的	17345
矢継ぎ早	17346	118045
漬け	17347	43102
竦む	17348	14494
失	17349
敵国	17350	263596
彼の方	17351	64194
記者会見	17352
ブツ	17353
カタカタ	17354
仕立て上げる	17355	91396
緻密	17356	68490
手駒	17357	310811
取り仕切る	17358	83195
好戦的	17359
陽射し	17360	131326
困り果てる	17361	152842
揺るぎない	17362	59392
頭髪	17363	199671
骨を折る	17364	168672
猛攻	17365	22685
点ける	17366	281601
星座	17367	270415
形勢	17368
つまらぬ	17369
麦茶	17370	283794
香辛料	17371	244691
気難しい	17372	195879
レ	17373
逃避	17374	152235
足腰	17375	169664
落っこちる	17376	71693
裏方	17377	252936
白色	17378	247283
奪取	17379	107316
事となる	17380	4593
則る	17381	23790
クリス	17382
洋	17383
運がいい	17384	271107
まがい	17385
てよい	17386
てもいい	17387
吹きつける	17388	88659
クラクラ	17389
プレー	17390
ひと口	17391	31980
うい	17392
へる	17393
クルクル	17394
わかりきる	17395
からなる	17396
われる	17397
手引き	17398	203265
まるい	17399
聖騎士	17400
罪	17401
貧困	17402	293981
行商人	17403	261684
滅多	17404	21579
メンテナンス	17405
業績	17406	216109
人選	17407	192696
揉みしだく	17408	63600
賭する	17409
２分	17410	111146
振り乱す	17411	94432
お終い	17412	2841
ＳＦ	17413	257519
割り当てる	17414	113644
ゴーグル	17415
アーチ	17416
遺伝	17417	85142
看過	17418	64485
大の字	17419
生粋	17420	80818
呈する	17421	94399
議長	17422	148439
満腹	17423	93155
口座	17424
興味を引く	17425
雷撃	17426
教頭	17427
読み書き	17428	187511
待ち遠しい	17429	161906
西部	17430
田舎者	17431	87536
恥辱	17432	117657
語気	17433	35686
静観	17434
漏れ出す	17435	142986
選出	17436	282431
どっしり	17437
階建て	17438
しなる	17439
驚いたことに	17440	74277
肩に担ぐ	17441
中空	17442	313549
買って出る	17443	93430
クイーン	17444
艇	17445
機微	17446	45396
家内	17447	22778
巻き付く	17448	65989
ハッチ	17449
寝返る	17450	250017
失笑	17451	298487
ぐるっと	17452
クライマックス	17453
チョイス	17454
カプセル	17455
劣等感	17456	275463
晴天	17457	150184
朗読	17458	205427
古き	17459
蔭	17460	14283
不利益	17461
ここまで来たら	17462	29190
下層	17463
幾人か	17464	301193
跳ね返る	17465	73280
自らの手で	17466	289382
タブレット	17467
お気の毒	17468	128536
防犯	17469	236455
盲目	17470	226650
少年少女	17471
成熟	17472	244432
協定	17473
エラー	17474
どくどく	17475
会社員	17476
手紙を出す	17477	271352
セッティング	17478
手書き	17479	226001
歌手	17480	167959
まく	17481
はじまり	17482
心がけ	17483	128348
いいかげんにする	17484
ここんとこ	17485
こじれる	17486
まっしぐら	17487
やりがい	17488
はらむ	17489
すすり泣く	17490	99827
おわび	17491
わだかまり	17492
まくしたてる	17493
受け	17494	53695
おそろい	17495
あか	17496
溜め息をつく	17497	68496
いだく	17498
２月	17499	274839
おたく	17500
何時	17501	295
手頃	17502	120090
すぐ側	17503	7293
其	17504	17
息を切る	17505	244301
黙認	17506	255822
情報網	17507	300764
捲る	17508	1999
破格	17509	60489
尻尾を振る	17510	92289
自問	17511	267447
ステッキ	17512
撫で回す	17513	69996
しゃあ	17514
お婆さん	17515	10289
一輪	17516	161400
沈黙を破る	17517
浮き出る	17518	124579
焦れる	17519	34784
にじり寄る	17520	64188
活	17521
引き戸	17522
おいそれと	17523
引き延ばす	17524	96970
カリカリ	17525
入り交じる	17526	74282
黒煙	17527
底辺	17528	263591
心意気	17529	274096
に伴い	17530	58896
目覚まし	17531	103972
広々とした	17532	83632
アンデッド	17533
皇子	17534
瞬殺	17535	317130
和服	17536
ピーク	17537
中華	17538	263502
コンセプト	17539
筋肉痛	17540	296736
元気が出る	17541	218996
さしもの	17542
ＢＧＭ	17543
石化	17544	205882
試着	17545	217830
肩入れ	17546
歩幅	17547	257319
這い出す	17548	70483
皇女	17549
皇族	17550
ダーリン	17551
自己主張	17552
四天王	17553	137870
スタンド	17554
模型	17555	165523
無しに	17556	2835
巡り	17557	35797
躍り出る	17558	124615
シールド	17559
他人行儀	17560
矯正	17561
完	17562	7563
宗教的	17563
当局	17564	255366
殺伐	17565	97229
うめえ	17566
侍る	17567	37286
学業	17568
汚名	17569	91337
懐疑	17570
翼を広げる	17571	169170
観衆	17572
定食	17573
抜け駆け	17574	86563
投げ	17575	13884
ご立派	17576	108199
奥まる	17577	124758
ピンポイント	17578
楓	17579	42756
ズバリ	17580
送りつける	17581	239162
後ずさり	17582	48982
続けざま	17583	56786
みつめる	17584
すれ違い	17585	292427
みどり	17586
ひねくれる	17587
のこる	17588
かまえる	17589
こし	17590
アンナ	17591
ひるがえす	17592
１杯	17593	743
くりかえす	17594
さまで	17595
ちら	17596
みち	17597
通りすぎる	17598	60595
ガキども	17599
もってする	17600
抜け殻	17601	67291
夜更け	17602	114084
果敢	17603	86310
下り	17604
忍びない	17605	63388
紋様	17606	278911
用心棒	17607	264492
押える	17608	10298
編み出す	17609	106932
より良い	17610	27884
相反する	17611
机に向かう	17612	277515
庭師	17613	84328
奇抜	17614	104900
開幕	17615	266817
船体	17616
崩れ去る	17617	152098
ぺろり	17618
景品	17619	154259
それどころではない	17620
内包	17621	137553
強襲	17622
自衛	17623	206759
項	17624
話を切り出す	17625
航空	17626	161053
急変	17627	226513
ポンコツ	17628
総勢	17629
気怠い	17630	28286
決壊	17631	112406
接近戦	17632
スマイル	17633
決別	17634	120388
故意に	17635	247380
支柱	17636
国道	17637	237075
不備	17638	127579
運悪く	17639
後衛	17640
巡らす	17641	70680
肌で感じる	17642
簡単に言えば	17643	152199
萌え	17644	75058
硬貨	17645
口から漏れる	17646	250934
図太い	17647	71600
レンタル	17648
鷲掴み	17649	29391
時速	17650	164896
引っこ抜く	17651	94998
きらり	17652
不思議なくらい	17653	87135
赤点	17654	271045
言い表す	17655	89372
泣き崩れる	17656
思いの外	17657	142076
反る	17658	15391
売り物	17659	235605
初体験	17660	298874
腹黒い	17661	188406
すやすや	17662
満開	17663	143726
波の音	17664
巻き戻す	17665	184101
包囲網	17666
嫁に行く	17667	211510
死地	17668	96048
納品	17669
土壇場	17670	247089
半減	17671	239519
給金	17672
定	17673
断面	17674
赴任	17675	134992
いとも簡単に	17676	149933
ドン	17677
バス停	17678
トースト	17679
社交辞令	17680	246358
靴音	17681	192177
ごく一部	17682
やむを得ない	17683	31790
見合い	17684	188937
かき乱す	17685	99683
やせる	17686
わらわ	17687
なでなで	17688
のたうち回る	17689	35192
どよめく	17690
みよ	17691
突っこむ	17692	11584
追いすがる	17693	163908
程よい	17694	14492
抑えつける	17695	40380
おせっかい	17696
ヒモ	17697
頭がいっぱい	17698	308842
あれえ	17699
じろじろ見る	17700	137737
たく	17701
大義	17702	309202
耳鳴り	17703	275179
本業	17704	258919
親類	17705	159318
セーブ	17706
未満	17707	240326
スニーカー	17708
気落ち	17709	227490
晩餐	17710	73698
駆け落ち	17711	83461
撤去	17712	299447
船員	17713	185763
否定的	17714
半裸	17715	316614
聞き及ぶ	17716	148366
特典	17717
目まぐるしい	17718	23381
運動会	17719	162025
入れ違い	17720	278670
聡い	17721	32693
投下	17722	96441
古めかしい	17723	218798
インターホン	17724
クラクション	17725
完敗	17726
察す	17727	14783
わはは	17728
牛肉	17729	211238
寝付く	17730	112630
オーディション	17731
ワイルド	17732
采配	17733
花見	17734	104163
一呼吸	17735
如何	17736	85
細やか	17737	51199
悪臭	17738
歩行	17739	211744
ペンキ	17740
打ち震える	17741	164672
棒読み	17742
人数分	17743
同室	17744
復唱	17745
自信たっぷり	17746
盃	17747	47387
垣根	17748	101234
乗	17749
尊	17750	50477
実を言うと	17751	72091
技師	17752	43498
女心	17753	189284
月夜	17754	115673
轢く	17755	7492
人相	17756
煩悩	17757	64887
読み進む	17758	278752
人間界	17759
若くして	17760	240305
種目	17761
ダブル	17762
反抗的	17763	310293
魔法少女	17764	146226
無双	17765
お手洗い	17766	216927
負の感情	17767
宇	17768	57683
予期せぬ	17769	272901
山羊	17770	57900
全額	17771	253776
饅頭	17772	19089
体育祭	17773	293536
命を絶つ	17774	173853
先の話	17775
踏破	17776	91544
年若い	17777
昇降口	17778
うずうず	17779
用具	17780	218749
話は早い	17781
怪異	17782	168043
しな	17783
それもそのはず	17784
こす	17785
ぜいたく	17786
ヤる	17787
ひとえに	17788
コウモリ	17789
イラつく	17790
引き揚げる	17791	41596
たなびく	17792
いいかげんにしろ	17793
ドキリ	17794
やらしい	17795
一人ぼっち	17796	14383
あざ笑う	17797	68394
いかな	17798
ねらう	17799
らく	17800
男	17801	30201
編集部	17802
展	17803
遣い	17804	46388
その割には	17805	32596
体術	17806
雇用	17807	96592
目と鼻の先	17808
裁判所	17809	182174
含み笑い	17810	240862
お墨付き	17811	160392
脇に置く	17812	115161
こそばゆい	17813
若い者	17814	197342
隣室	17815	223985
不名誉	17816	309239
お茶を淹れる	17817	261109
実習	17818	208882
点滴	17819	168014
平均的	17820
題材	17821	225291
次代	17822
盗聴	17823	184206
訪れ	17824	83409
代目	17825	277228
身を屈める	17826	316578
火の玉	17827
自暴自棄	17828	229852
気が早い	17829
押し戻す	17830	117066
破顔	17831
退路	17832	168185
軽食	17833	189170
効能	17834	149816
自害	17835	149781
思いがけず	17836	197455
命令を下す	17837	301656
高級品	17838
除去	17839	212270
見晴らし	17840	186280
前兆	17841
ノルマ	17842
煌びやか	17843	19281
脱	17844	48695
本分	17845
笹	17846	11184
敵味方	17847	295240
粛々	17848	92731
っちょ	17849
片割れ	17850	89626
取り外す	17851	83747
図鑑	17852	162847
炙る	17853	27984
弁償	17854	203971
どろり	17855
死守	17856
ＩＴ	17857	276820
近況	17858	243291
武運	17859
世間一般	17860
馬場	17861
甘い物	17862	101684
居所	17863	64791
住み着く	17864	108340
どうかしている	17865
パッケージ	17866
常日頃	17867	207906
返上	17868	161375
割り	17869	6786
意思疎通	17870
アトラクション	17871
朗報	17872	183117
ナチュラル	17873
始祖	17874	53899
膣口	17875
ドーン	17876
コンテスト	17877
神戸	17878	209702
移ろう	17879	72175
重ね合わせる	17880	129789
ガソリン	17881
インチキ	17882
ねえちゃん	17883
ごみ	17884
ほど近い	17885	168776
子どもの頃	17886	112281
じれったい	17887
そと	17888
ようするに	17889
いかんせん	17890
手間をかける	17891	242541
すんごい	17892
トゲ	17893
１年前	17894	234542
べたべた	17895
はずかしい	17896
焚き火	17897	72099
見あたる	17898	96031
２倍	17899
とでもいうよう	17900
衣	17901	81914
捨て去る	17902	188220
特色	17903	200149
暴挙	17904
ボード	17905
マダム	17906
専門的	17907	297707
言いなりになる	17908	69391
引用	17909	269375
心許ない	17910	79363
図面	17911	159331
慰謝料	17912	247556
大惨事	17913
跳ね起きる	17914	95169
踏み切る	17915	119188
パンケーキ	17916
ケーブル	17917
悲観	17918
高齢	17919
共闘	17920	128159
一服	17921	124812
意のままに	17922	247940
心配事	17923	216394
実技	17924
密接	17925	314659
灰皿	17926	230222
翁	17927	109401
輸出	17928
ほらね	17929
離れ離れになる	17930	95806
張り上げる	17931	41582
上乗せ	17932	221073
背広	17933	113637
北西	17934	216192
羽毛	17935	89091
気持ちが悪い	17936	239420
盗み出す	17937	91266
あっそ	17938
資本	17939	207689
短気	17940	124952
ヘマ	17941
定時	17942	117802
脛	17943	38193
イカす	17944
抜かり	17945	33198
薄気味悪い	17946	119781
羽音	17947	200590
ボーイ	17948
車道	17949
順当	17950	206186
滅する	17951	118881
密偵	17952	199950
泡立つ	17953	96467
剣呑	17954	71697
絡め取る	17955	46496
先を越す	17956	216906
デブ	17957
キック	17958
相槌	17959	55986
料理長	17960	313713
彩り	17961	98547
小説を書く	17962
罰を与える	17963
アクセント	17964
好意を持つ	17965
遠からず	17966
怨嗟	17967	198560
手厳しい	17968	165559
市井	17969
抹消	17970
幾分か	17971	61685
濁す	17972	55783
唄	17973	17257
夢物語	17974	199622
袂	17975	21781
上京	17976
花屋	17977	222905
ごった返す	17978	56398
抜刀	17979
館内	17980
金具	17981	107018
お笑い	17982	119820
セーター	17983
チキン	17984
検事	17985
臨戦態勢	17986
断り	17987
適正	17988	164655
ツアー	17989
せり上がる	17990	40189
たとえる	17991
底なし	17992	313096
抱き起こす	17993	121907
ありがち	17994
さき	17995
アソコ	17996
かるい	17997
あせる	17998
せんぱい	17999
ふところ	18000
妻子	18001	212482
本土	18002	122041
狭まる	18003	81332
城塞	18004
紅色	18005
古ぼける	18006	181604
対処法	18007
グラム	18008
最高潮	18009	274410
捏造	18010	107431
軍用	18011	242140
悦ぶ	18012	11596
端々	18013	38298
オークション	18014
財政	18015	205362
農村	18016
六百	18017	212812
無しで	18018	4390
木霊	18019	11688
袖を通す	18020	266112
ぎゅうぎゅう	18021
ＯＬ	18022	208358
耐え難い	18023	95232
起床	18024
ワゴン	18025
抑揚	18026
地盤	18027	167480
絵に描いたよう	18028
頭が回る	18029	295946
長期間	18030
最前列	18031
要件	18032	153891
駆け上る	18033	73479
お好み	18034	166724
磨き上げる	18035	113685
幾つ	18036	4885
取引先	18037
抜け出る	18038	132246
全貌	18039	150583
特例	18040	170175
準備万端	18041	209191
身の危険	18042
身に染みる	18043
敗戦	18044	259108
フォン	18045
苛める	18046	3884
滞り	18047	142866
わらわら	18048
けじめ	18049
肉薄	18050	238607
裏返し	18051	153961
出逢う	18052	35397
物を言う	18053	28198
得体	18054	45888
三大	18055
謳歌	18056	132603
足を取られる	18057
腰が抜ける	18058	210574
賄賂	18059	70696
いつの日か	18060
北東	18061
特攻	18062
見る間に	18063	80883
パンダ	18064
結び	18065	58998
厳禁	18066
豪雨	18067	96061
シリアス	18068
深海	18069	103523
発熱	18070	293105
微	18071
花畑	18072	165552
仄か	18073	7198
包み隠す	18074	133603
拾い集める	18075	151735
手薄	18076	236707
ケア	18077
しょうもない	18078
たたきつける	18079
よこ	18080
尽す	18081	6300
浮つく	18082	77695
つねに	18083
はなす	18084
ジリジリ	18085
１ヶ月	18086	275724
がたがた	18087
歯がゆい	18088	61795
よいこと	18089
びりびり	18090
あえぐ	18091
なんとでも	18092
ささい	18093
人となり	18094	76501
そそのかす	18095
帰路につく	18096
キリスト教	18097
なんぼ	18098
レンガ	18099
オマケ	18100
憂い	18101	17392
だったろ	18102
斬り捨てる	18103	179640
平行	18104	141308
肩書	18105	251347
菜	18106
難航	18107	229125
根幹	18108	212514
港町	18109	150557
満身創痍	18110	194483
鼻の下	18111	297147
慢心	18112
満ち足りる	18113	161665
天性	18114
焼	18115	37198
宛てる	18116
赤髪	18117
仕	18118
敵地	18119
悪口を言う	18120	309473
引き付ける	18121	24290
如何なる	18122	4989
息切れ	18123
花々	18124	137505
淫靡	18125	254273
慟哭	18126	76716
猟犬	18127
得する	18128
与	18129	97872
波乱	18130	95436
嬲る	18131	19781
道連れ	18132	122116
霜	18133	115301
隔絶	18134
落ちぶれる	18135	82482
不意を突く	18136	70189
頑強	18137
卑下	18138	45101
逐一	18139	85376
居住	18140	162538
最大級	18141	275037
免疫	18142	225263
審査員	18143
操り人形	18144	213896
スキャンダル	18145
ブログ	18146
キャップ	18147
地下牢	18148	306998
酸	18149
思い出話	18150	251649
下卑る	18151	93458
その節	18152	242483
観光地	18153
下見	18154	59893
総じて	18155	205626
体面	18156
潮風	18157	149414
相撲	18158	60692
奉公	18159	199139
途切れ途切れ	18160	43900
からかい	18161
人心	18162	119509
期間中	18163
浮かない顔	18164
計画通り	18165	308164
高潔	18166	113625
軽い気持ち	18167
命に関わる	18168	146333
頼み事	18169	291791
愚かしい	18170	79598
口腔	18171
威光	18172
問	18173	245868
執る	18174
了	18175
ブーム	18176
荘	18177
セーラー服	18178	247482
存じ上げる	18179	158949
ベール	18180
ズレ	18181
サン	18182
甘味	18183	87134
気にいる	18184	128406
むしる	18185
黙りこむ	18186	52881
焼き肉	18187	208614
はずむ	18188
たしかめる	18189
受け取り	18190
いびつ	18191
ひしゃげる	18192
ひとりでに	18193
引きはがす	18194	71192
まちがいない	18195
とっさ	18196
とが	18197
たな	18198
ぐん	18199
きさま	18200
家	18201	3589
こく	18202
恨みがましい	18203	115481
水流	18204	163256
棺桶	18205	88525
穢れる	18206	67393
痒い	18207	18798
悪行	18208	150329
発案	18209
黙りこくる	18210	108549
食べ方	18211	196300
口付け	18212	44087
成功率	18213
彼女なり	18214
秘密基地	18215	140727
逆戻り	18216	190566
失敗作	18217	226680
注意を引く	18218	302454
直進	18219	266040
哀しみ	18220	51835
岩山	18221	213794
呻き	18222	32485
助け船	18223
鍵穴	18224	130902
コンロ	18225
挿れる	18226
不細工	18227	67587
旋風	18228	137091
肉食獣	18229	257707
エゴ	18230
横断	18231	141384
戦隊	18232	165688
混合	18233	215082
手数	18234
賄う	18235	26391
先ず	18236	394
運良く	18237	304474
研究会	18238
ロ	18239
楯	18240	24245
立証	18241	308685
免除	18242
華々しい	18243	91757
条件を満たす	18244
理性的	18245
賜物	18246	31097
貴公	18247
旺盛	18248	112661
暴れ出す	18249	128115
変異	18250	285834
橙色	18251	127385
曲者	18252	48189
ぐるみ	18253
突き立つ	18254	117180
俄然	18255	43796
陶酔	18256
材質	18257
贖罪	18258	297939
側室	18259
ランニング	18260
目論む	18261	31584
川沿い	18262	262004
力仕事	18263
繭	18264
元も子もない	18265	128533
酷似	18266
言語道断	18267	125434
自首	18268
捨て置く	18269	111969
こっちの話	18270	269819
街路	18271	252438
チェンジ	18272
砂利	18273	43599
一割	18274
膳	18275
余す	18276	45385
推移	18277	74583
生温かい	18278	72087
そこらへん	18279
ヒラヒラ	18280
ウキウキ	18281
あわれ	18282
ヤア	18283
行き詰まる	18284	152015
ひかり	18285
２番	18286	235621
ひろい	18287
感じとる	18288	310723
盛り	18289	56885
ひら	18290
つかの間	18291	47486
けさ	18292
なじみ	18293
ガ	18294
待ちきれない	18295	205022
にぎる	18296
ござ	18297
かけ声	18298	132109
りょう	18299
二階建て	18300
問	18301
白熱	18302	306095
数年後	18303
好転	18304	274577
どうの	18305
弊害	18306	168818
難題	18307	47898
ビンゴ	18308
定め	18309	35389
変質者	18310	221378
言い終える	18311	307880
風圧	18312	269633
誘い込む	18313	107878
下等	18314
目星	18315	113686
漢	18316
薄手	18317	120063
失礼ながら	18318	246191
隆起	18319	182960
電力	18320	258739
孤高	18321	70888
引き	18322	208306
勝ち負け	18323	231338
生まれつく	18324	177124
貴方達	18325	3299
初見	18326
一騎打ち	18327	220507
目に留まる	18328
高名	18329
見向く	18330	227296
フラッシュ	18331
宇宙船	18332
採点	18333	225837
代用	18334	266489
品々	18335
備蓄	18336	210716
返り血	18337
頭が良い	18338	205858
じゃれ合う	18339	29900
殺める	18340	48495
息吹	18341	71084
工業	18342
叩き出す	18343	120386
夜通し	18344	252123
バーン	18345
哲学者	18346	201423
捕食	18347	238078
餓死	18348
女子供	18349	193908
アメリカ人	18350
暢気	18351	7485
殺傷	18352	217290
戦いを挑む	18353	175917
誕生日プレゼント	18354
疑心暗鬼	18355	168148
瞑想	18356	83671
班長	18357	227394
臭いがする	18358	14693
大使館	18359	261712
草花	18360	245488
背中を追う	18361
分岐	18362
レッド	18363
此	18364	5497
燻る	18365	15992
投与	18366	140596
頁	18367	2481
振り返す	18368	127728
隈	18369
つぼ	18370
ぜったいに	18371
事後	18372	94968
お開き	18373	89831
家政婦	18374	195114
揉め事	18375	52692
祖父母	18376	306239
すとん	18377
生業	18378	57796
展望	18379	148913
独占欲	18380	313720
浅黒い	18381	206212
然り	18382	20499
フワフワ	18383
運がよい	18384	231564
わかんない	18385
うごく	18386
さりとて	18387
グズグズ	18388
いずこ	18389
２３日	18390
ちょろい	18391
ひしめく	18392
わななく	18393
ひじ	18394
にしたがって	18395
手ごわい	18396	73095
取り逃がす	18397	105014
あたえる	18398
がくがく	18399
頭のいい	18400	207573
なる	18401
柄	18402	67877
方策	18403
痛覚	18404
豹	18405
無益	18406	149038
律	18407	31010
そんだけ	18408
嘘を吐く	18409	27896
ひとたまりもない	18410
やり過ぎる	18411	11294
倍増	18412
喘ぎ声	18413	300971
仙	18414
裡	18415
流暢	18416	91938
衛門	18417
赤らむ	18418	153823
テンパる	18419
レオン	18420
亜人	18421
頷き合う	18422	47092
洗いざらい	18423	82764
生存者	18424
開示	18425	188799
精子	18426
に渡り	18427	124841
ヤンキー	18428
診療所	18429
敬意を払う	18430
人垣	18431
終点	18432	234370
耳朶	18433
宿敵	18434
夕闇	18435	107027
傍若無人	18436	98552
四度	18437
マン	18438
公共	18439
グレる	18440
悦び	18441	25176
気色悪い	18442	193890
年長者	18443
咲き誇る	18444	234353
お待ちかね	18445	119778
奇行	18446
眉根	18447
狂乱	18448	125367
我先に	18449	136160
狂おしい	18450	110625
起源	18451
放射	18452	169208
嫌み	18453	50391
紛失	18454	168132
に関し	18455	247936
口紅	18456	163848
見付ける	18457	13592
便箋	18458	95704
蝙蝠	18459	50500
熱に浮かされる	18460
天罰	18461	193426
やる気満々	18462	218913
文言	18463	112624
時の流れ	18464
えげつない	18465
拭き取る	18466	75632
美徳	18467
肩を貸す	18468
未完成	18469
並びに	18470	20693
折り重なる	18471	148698
肥料	18472	166164
待合室	18473
一代	18474	167764
秘宝	18475
手を焼く	18476
ばかばかしい	18477
なつく	18478
よからぬ	18479
オロオロ	18480
ホンマ	18481
いたわる	18482
歯ぎしり	18483	166544
叱りつける	18484	63380
上ずる	18485	23892
もぐりこむ	18486
後をつける	18487	27490
おもて	18488
いかにして	18489
つんのめる	18490
カッコ悪い	18491	107358
酔いしれる	18492	225397
むさぼる	18493
どうぞよろしく	18494
置き場	18495	196234
いちご	18496
つんざく	18497
むちゃ	18498
ばいばい	18499
まるごと	18500
連れ	18501	27233
非礼	18502	200350
土砂	18503	80282
書記	18504	168021
酒瓶	18505	229654
端的に言う	18506
もふもふ	18507
嫡男	18508
躾	18509	20391
分かり合う	18510	36282
お化け屋敷	18511	118696
鑑	18512
二十六	18513	154154
誰が見ても	18514	222935
煤	18515	21585
沸き立つ	18516	74585
臣	18517	60390
ふすま	18518
ＤＮＡ	18519	238500
じゃ無い	18520	62
テンションが上がる	18521	71187
照れ臭い	18522	58583
煙突	18523	88296
親玉	18524	245551
危機的	18525
陸地	18526	131277
毒殺	18527	316186
メジャー	18528
叔母さん	18529	4090
警備兵	18530
司書	18531
芸能	18532	252791
憎たらしい	18533	102142
情報交換	18534	255344
フォーム	18535
窃盗	18536	128064
くべる	18537
祓う	18538
落	18539	12499
紙幣	18540
粛清	18541
づけ	18542
目玉焼き	18543	185079
恐れ多い	18544	88977
早退	18545	276330
寄せ合う	18546	85441
移民	18547	122471
ブル	18548
七色	18549	185435
売却	18550	277781
紛争	18551	80337
盲点	18552	277639
スペシャル	18553
得意分野	18554
びしょ濡れ	18555	47990
ごつい	18556
遅かれ早かれ	18557	240485
死霊	18558
拡がる	18559	17198
衝動的	18560	253931
睡魔	18561	72287
ダイニング	18562
片鱗	18563	132664
羽織	18564	84532
剥ぐ	18565	19444
ギア	18566
銭湯	18567
スタミナ	18568
やく	18569
かし	18570
きゅう	18571
とびっきり	18572
見分けがつく	18573	202774
ひびく	18574
かたわら	18575
頭いい	18576	128467
ゆれる	18577
得意げ	18578	152720
ハナ	18579
わすれる	18580
すり寄る	18581	62289
何じゃ	18582	1500
きもちいい	18583
ぎりぎりまで	18584
グイグイ	18585
耳をすます	18586	204481
マヌケ	18587
震えだす	18588	67294
まもる	18589
かっこう	18590
知ったことか	18591	216500
なおのこと	18592
町並み	18593	201379
モジモジ	18594
持ち前	18595	83683
くび	18596
３倍	18597	150000
といって	18598
つきもの	18599
くわ	18600
諫める	18601	37685
磨き	18602	67184
静粛	18603	125055
踏み外す	18604	96566
武家	18605	99075
一存	18606
漁	18607
検分	18608
身寄り	18609	114492
野良猫	18610	184020
童顔	18611
問屋	18612
泥だらけ	18613	128109
代役	18614	245421
スリル	18615
裏表	18616	124274
週刊誌	18617
忍耐	18618
夜分	18619
母屋	18620	272757
実体化	18621	273269
藍	18622
灰になる	18623	214872
レコード	18624
勝手にしろ	18625	198628
呼び声	18626
オイル	18627
圧勝	18628	313158
小一時間	18629
暴虐	18630	137193
人間離れ	18631
定位置	18632
公正	18633
催眠	18634	139577
牙を剥く	18635	218766
記念日	18636	271055
塗り潰す	18637	90092
逆立てる	18638	101222
精を出す	18639	163402
内々	18640	234081
配分	18641
ざら	18642
補修	18643	113940
化け	18644	25295
山口	18645	117138
売りつける	18646	248851
乗り移る	18647	89352
渋滞	18648	186973
舞い散る	18649	296840
更生	18650
外食	18651
刎ねる	18652	7995
完遂	18653
腹を抱える	18654	303300
削り取る	18655	136608
効き目	18656	54687
二十四時間	18657	284063
日没	18658
自動販売機	18659	230054
合わせ	18660	41394
口封じ	18661	278054
学内	18662	189069
会食	18663	239334
おっかなびっくり	18664
コロッケ	18665
裏門	18666
何食わぬ顔	18667
オーガ	18668
訊き返す	18669	65081
タネ	18670
方便	18671
暖房	18672	234538
上り詰める	18673	59777
売り払う	18674	301176
トーナメント	18675
むず痒い	18676	30788
フリーズ	18677
アクシデント	18678
心待ちにする	18679	279846
たて	18680
人ごみ	18681	109314
ウ	18682
キモ	18683
２０日	18684	195917
グリグリ	18685
まんざらでもない	18686
見おろす	18687	75701
文字どおり	18688	262986
分かつ	18689	37498
さすれば	18690
見にくる	18691	109643
元気づける	18692	294189
お願いできますか	18693	126968
う〜ん	18694
つけ込む	18695	29595
あっけにとられる	18696
しおり	18697
耳たぶ	18698
見て見ぬふり	18699	220886
とてもじゃないが	18700
味	18701
歯噛み	18702
至る所	18703	16598
身の程	18704	250247
凪	18705	70294
交友関係	18706
何気に	18707	37000
ダン	18708
伊勢	18709	51188
富士山	18710	116979
日本刀	18711	187644
店頭	18712
引っ張り上げる	18713	77869
負けず劣らず	18714	200386
食費	18715
誰にだって	18716	90129
お医者様	18717	209485
マヨネーズ	18718
マグカップ	18719
今の時代	18720	294233
リアルタイム	18721
人聞きの悪い	18722	260060
思いがする	18723	160984
病棟	18724	193337
カラー	18725
一概に	18726	107077
ラスボス	18727
納豆	18728	92732
帰り支度	18729	280158
悩み事	18730	164854
主催者	18731
止めに入る	18732	200552
知らない間に	18733
非常時	18734
ＩＤ	18735	162171
ＲＰＧ	18736	282405
石川	18737	96304
戻って行く	18738	50687
几帳面	18739	62690
たし	18740
我が儘	18741	4387
居並ぶ	18742	106907
ぶっ放す	18743	47390
兆	18744
雄大	18745	140344
チョロい	18746
慣らす	18747
ビキニ	18748
口を割る	18749
幸福感	18750
同世代	18751
人手不足	18752
装填	18753
大真面目	18754	132131
計画的	18755	230181
アンケート	18756
九九	18757
早期	18758
チャラ	18759
何の変哲もない	18760	121992
堅牢	18761	128617
洋館	18762	219690
パスワード	18763
団結	18764	267330
駄目になる	18765	33388
欧州	18766
筋肉質	18767
削れる	18768	131469
周知	18769	69581
運行	18770	99892
金銀	18771	190414
意気投合	18772	298174
振れる	18773
美術品	18774
コンテナ	18775
気を付け	18776	110875
水面下	18777
太平洋	18778	235904
根拠のない	18779
鳥肌	18780	152693
二次元	18781	218472
ます	18782
言わずもがな	18783	72389
ギャル	18784
正統	18785
よろしゅう	18786
縁がない	18787	251994
仲がよい	18788	184968
いのち	18789
ひったくる	18790
ニコリ	18791
はがす	18792
ぜん	18793
なぎ倒す	18794	104725
たれる	18795
不満げ	18796
ほほえむ	18797
かゆい	18798
あわただしい	18799
頬杖をつく	18800	82646
つく	18801
要	18802	40415
枝葉	18803
愚行	18804	187214
惚ける	18805	22699
突っぱねる	18806	66888
ばかし	18807
誇り高い	18808	276335
棚に上げる	18809	220354
夜半	18810	126663
物品	18811	269104
賞品	18812
娶る	18813	44692
ズタズタ	18814
手放し	18815
南西	18816	235513
ほいほい	18817
三郎	18818	81768
薄っぺらい	18819	105198
分け合う	18820	142787
あんぐり	18821
立ち昇る	18822	45278
水曜日	18823
記念すべき	18824
コック	18825
分泌	18826	218407
打ちひしぐ	18827
奏	18828
ナンバーワン	18829
手抜き	18830	224541
詫び	18831	32885
重点的	18832	305101
声優	18833
微細	18834	233670
往く	18835	65
デモ	18836
噂が流れる	18837
穀物	18838	147334
自意識過剰	18839
馳せる	18840	45379
二方	18841	79367
空席	18842
並大抵	18843	93705
待ちくたびれる	18844	152445
才覚	18845	151114
寝癖	18846	153245
誓約	18847
制限時間	18848	287504
立ち入り	18849
和室	18850
正攻法	18851
掻き分ける	18852	22098
度重なる	18853	102686
コンピュータ	18854
万物	18855	227072
材	18856
知っての通り	18857	256655
心を痛める	18858	281452
匿名	18859	144039
四角	18860	81504
屈辱的	18861
潮時	18862	103065
病死	18863	104879
硬度	18864
むずむず	18865
殴り合い	18866	150038
綿密	18867	131930
歓迎会	18868
極楽	18869	125529
跨ぐ	18870	14499
話題を振る	18871
学園長	18872
敏捷	18873	61785
野良犬	18874	205849
オレンジジュース	18875
発車	18876
ハメ	18877
腰をかける	18878	133849
もっとたくさん	18879
押しこむ	18880	54999
クセに	18881
ユキ	18882
言いよどむ	18883	96937
みなさん	18884
ミミズ	18885
っつうか	18886
もどってくる	18887
なけりゃ	18888
すえる	18889
まつげ	18890
夢みる	18891	102305
しわを寄せる	18892	63994
つかえる	18893
おとり	18894
キリがない	18895
カボチャ	18896
眼中にない	18897
考えすぎる	18898
りっぱ	18899
くくりつける	18900
のうのう	18901
招待客	18902	275567
建築物	18903
その昔	18904	86283
誘拐犯	18905	215795
念押し	18906
切り傷	18907
心して	18908	213547
どうしたもんか	18909
そろり	18910
猛スピード	18911	164916
ラウンド	18912
ぼそっと	18913
がらり	18914
米国	18915	197237
謎を解く	18916	149868
陳腐	18917	95974
最後の手段	18918
剥ぎ取る	18919	50479
寂れる	18920	37597
昏い	18921	22101
望遠鏡	18922	226459
ぶち当たる	18923	54995
胎内	18924
中年男	18925
弟さん	18926	237590
修羅	18927	310133
融資	18928	162903
掛け合う	18929	36191
都合の悪い	18930	195396
外野	18931	186883
冠する	18932
一矢	18933
似通う	18934	167200
搭乗	18935
投	18936
君主	18937	197481
噴火	18938	131074
貧乏人	18939	269672
ハーフ	18940
容認	18941
形を取る	18942	66899
ブース	18943
現存	18944	276865
吸血	18945	162710
籍	18946
敬遠	18947	200943
カオス	18948
事故に遭う	18949	246189
夜の街	18950
新調	18951
出で立ち	18952	27392
勃つ	18953
顔中	18954	227429
疎遠	18955
皆目	18956	66379
看護	18957	112672
不安がる	18958
内戦	18959
どうであれ	18960
鬱蒼	18961	25981
奔放	18962	127590
頭の悪い	18963	214660
適合	18964
サン	18965
長崎	18966
身を投じる	18967
地底	18968	73697
茹でる	18969	28895
賛辞	18970
お勤め	18971	49799
やり手	18972	110857
月曜	18973
いちゃつく	18974
墓石	18975	294285
上層	18976	143222
明朝	18977	224032
死ぬ気で	18978
手間が省ける	18979	248155
メモ帳	18980
清浄	18981
一歩手前	18982
ずに	18983
たぎる	18984
できるだけ早く	18985	144193
今なお	18986	48693
とおぼしい	18987
なんでよ	18988
たのしい	18989
他のもの	18990	40397
ウン	18991
かばん	18992
じつに	18993
かっこ悪い	18994	48290
らさ	18995
あね	18996
ふもと	18997
遊びにくる	18998	89410
ぺらぺら	18999
つきつける	19000
空手	19001
何とでも	19002	18092
男装	19003
伝播	19004
ドロップ	19005
帰路	19006
部屋着	19007
ランタン	19008
負け惜しみ	19009	169798
渦中	19010	295504
惜しみない	19011	123432
番頭	19012	141093
白む	19013	100615
山下	19014
蜘蛛の巣	19015	207538
混濁	19016	137273
目一杯	19017	23687
ひやり	19018
ワイバーン	19019
墜ちる	19020	11495
有力者	19021
洒落る	19022	31986
名前を付ける	19023	186655
踏み越える	19024	105722
がっつく	19025
湿度	19026
縦横	19027	142869
併せる	19028	5097
なすりつける	19029
死に至る	19030	275146
善処	19031	170316
変革	19032	261457
騒ぎ出す	19033	104007
プロセス	19034
貸してあげる	19035	59199
半壊	19036	164816
水上	19037	298479
レオ	19038
送り返す	19039	198744
明智	19040
相続	19041
雄々しい	19042	40183
礼拝	19043	164801
握力	19044
後宮	19045
真空	19046
天気予報	19047	287441
根付く	19048	258373
致し方ない	19049	63288
くぐもった声	19050
襟首	19051	106126
小箱	19052	113647
下敷きになる	19053	264861
探し求める	19054	113483
緊急時	19055
これと同じ	19056	285261
ぺろぺろ	19057
汚物	19058
幾らでも	19059	2052
濁流	19060	220603
忘れかける	19061	162870
威圧的	19062
粗い	19063	22588
力一杯	19064	196877
急上昇	19065
筋トレ	19066
容体	19067	214824
蒸し返す	19068	115470
聞き捨てならない	19069	289587
哀れみ	19070	63393
幸せ者	19071	153348
ピッチャー	19072
声量	19073
シュール	19074
天才的	19075
八日	19076	49690
もっかい	19077
知り尽くす	19078	255425
ユーザー	19079
一目置く	19080	264087
イン	19081
最年少	19082
とつぜん	19083
はかどる	19084
あさる	19085
追い打ちをかける	19086	209519
筈がない	19087	1898
焼きつく	19088	90835
まんじゅう	19089
フツウ	19090
疲れきる	19091	88913
なにもの	19092
こんなん	19093
いつのまに	19094
きもち	19095
へぇー	19096
ねこ	19097
かじりつく	19098
合せる	19099	5097
突きだす	19100	30681
一行	19101	211147
バリア	19102
術師	19103
軽装	19104
けい	19105
仕方が無い	19106	10699
進入	19107
ビニール	19108
友好	19109	219898
切れ端	19110	102254
死を覚悟する	19111
ペナルティ	19112
石垣	19113
下駄	19114	30482
一号	19115	137907
血族	19116
当家	19117
とばっちり	19118
挙がる	19119	2135
殴り飛ばす	19120	168049
ずかずか	19121
屁理屈	19122	106214
とろり	19123
礼儀作法	19124	290254
ペンギン	19125
三段	19126	189122
発足	19127	127805
えぐい	19128
つるつる	19129
てんで	19130
肝臓	19131	151427
ん家	19132	3589
語り	19133	289215
ごつごつ	19134
優に	19135	28587
幕を閉じる	19136
代表的	19137
碧	19138	21592
母子	19139	41476
図体	19140	73700
今さっき	19141	63189
雪崩	19142	54179
吾	19143	9589
下準備	19144
二人共	19145	9898
騎乗	19146	198426
口数	19147	190335
洞穴	19148	70896
貌	19149	21491
乱戦	19150
遣わす	19151	28596
ゲーム機	19152
酔狂	19153	95967
ロボ	19154
前科	19155
青木	19156	110772
ブランコ	19157
悲哀	19158	131381
切れ目	19159	160209
成敗	19160	195674
教義	19161
罪に問う	19162
亡命	19163	218577
組み上げる	19164	149612
実情	19165
撃ち出す	19166
バスルーム	19167
百も承知	19168
蒸し暑い	19169	124280
手を加える	19170
出頭	19171	205082
フェイント	19172
下部	19173
家主	19174
折り曲げる	19175	141782
仏	19176	53882
通販	19177	247054
寡黙	19178	190890
ゲーセン	19179
ぺたん	19180
希	19181
ひる	19182
ズルズル	19183
そそぐ	19184
食事をとる	19185
気まま	19186	65383
しぼむ	19187
いまでも	19188
分かんない	19189	18385
なけなし	19190
気がすむ	19191	253781
なんたる	19192
おそば	19193
かくれんぼ	19194
ふてぶてしい	19195
けしからん	19196
ギリ	19197
自分ひとり	19198	141569
床につく	19199	167500
大人げない	19200	79671
輪	19201	125820
風向き	19202	229192
軍艦	19203	134909
帝王	19204	289354
足を滑らせる	19205
改	19206
新聞社	19207
失脚	19208	260198
虫けら	19209	163174
よりか	19210
凝らす	19211	28075
凹凸	19212	112527
給食	19213	130052
このぐらい	19214
目覚まし時計	19215
神託	19216
優劣	19217
色鮮やか	19218	282205
羊皮紙	19219	288650
投げ入れる	19220	225216
搾取	19221	143327
有利になる	19222
追従	19223
スポンジ	19224
澄ます	19225	7881
お世話をする	19226	199399
ミステリー	19227
取り込み中	19228	262495
潜り抜ける	19229	40100
煉瓦	19230	55000
舞い込む	19231	132023
面目ない	19232	125190
銃身	19233
小競り合い	19234	106600
焼き菓子	19235	309071
渋面	19236	113870
無人島	19237	263958
町内	19238	254066
双眼鏡	19239	206712
チューブ	19240
韓国	19241	169437
口答え	19242	195696
警備隊	19243
吹聴	19244	65789
顔出し	19245	293687
ものかは	19246
思索	19247
症	19248	128011
吸引	19249
不信	19250
ヴェール	19251
利用者	19252	267050
デマ	19253
浴場	19254	301169
聞き届ける	19255	108952
逸材	19256
繕う	19257	45394
アラン	19258
生理	19259
嫁さん	19260	168536
果	19261
難関	19262	238865
指名手配	19263
強面	19264	68991
年季	19265
風体	19266	180758
対人	19267
入り浸る	19268	122259
益々	19269	1893
タイル	19270
叡智	19271	226126
乾	19272
媒介	19273	239529
半々	19274	121860
飛び移る	19275	102724
すそ	19276
くじける	19277
ひそめる	19278
クソ野郎	19279	199632
身をかがめる	19280	316578
きらびやか	19281
いうまでもない	19282
聴こえる	19283	14981
ニ	19284
おん	19285
落ち葉	19286	134657
電話がかかってくる	19287
かかげる	19288
おっしゃる通り	19289	17085
はしご	19290
苦み	19291	108264
ぱんぱん	19292
味方につける	19293	302286
したほうがいい	19294
バチ	19295
ヘ	19296
どこをどう	19297
さなか	19298
あふれ出る	19299	67381
かみしめる	19300
着手	19301	291226
凡庸	19302	93744
熟する	19303	232432
直ぐ	19304	321
膝を突く	19305	43200
振り込む	19306	160357
恩を売る	19307	301353
マウス	19308
丸腰	19309	314820
欠損	19310	230903
壮観	19311
恥知らず	19312
逃げ去る	19313	170444
司教	19314
主演	19315	160523
とでも言うよう	19316	17900
御用達	19317	167180
優柔不断	19318	198924
敗	19319
観覧車	19320	214610
詭弁	19321	88059
雑貨屋	19322	214198
片眉	19323	314663
懐柔	19324
余談	19325	197500
追手	19326
愉しむ	19327	39686
注	19328
異を唱える	19329
交	19330
一人分	19331	99194
外科	19332	137322
仔細	19333	47399
しもべ	19334
岩石	19335
名指し	19336	309774
ウェイトレス	19337
仮装	19338
長大	19339	226801
中性	19340
胸の谷間	19341
ドライバー	19342
狭める	19343	67678
うっとい	19344
齢	19345
照る	19346	57901
書簡	19347
花火大会	19348
カーペット	19349
出汁	19350
別件	19351	113906
人為的	19352	264271
全容	19353
忌み嫌う	19354	147141
音を上げる	19355	200472
著	19356	36580
筋が通る	19357	257455
エメラルド	19358
背が低い	19359
光源	19360
潰える	19361	49698
法的	19362	96581
受け売り	19363	253304
戦闘態勢	19364
腰抜け	19365	190052
些か	19366	4996
イルカ	19367
噴射	19368	232563
三方	19369
なくては	19370
猫耳	19371	138958
得心	19372
庁	19373	15995
入国	19374	285423
冒涜	19375	79571
少人数	19376
粘着	19377	227477
つきる	19378
間にあう	19379	41894
たぶらかす	19380
ジタバタ	19381
おびき寄せる	19382	60394
かくまう	19383
テメエ	19384
つがう	19385
ゆがめる	19386
１点	19387	78060
わざ	19388
キュン	19389
いす	19390
みちる	19391
両手をつく	19392
眉をしかめる	19393	154267
うかべる	19394
どちらからともなく	19395
まるまる	19396
しのぶ	19397
あれから	19398
うきうき	19399
すすり泣き	19400	228229
叩き起こす	19401	152541
不具合	19402	269767
無理ない	19403	188012
瓦	19404	166432
礎	19405	74180
人権	19406	186950
音楽室	19407
公然	19408	70295
バリエーション	19409
めい	19410
陸上部	19411
お見えになる	19412	60189
擬似	19413	154269
ハッキング	19414
肉食	19415	253979
ホスト	19416
備え付ける	19417	84266
実行委員	19418
突き詰める	19419	56696
敬虔	19420	62896
不法侵入	19421
引き摺る	19422	24692
ダイレクト	19423
大当たり	19424	135673
ワイシャツ	19425
いきり立つ	19426	42798
戦利品	19427	278757
冷やかす	19428	40283
有り余る	19429	45694
折り畳む	19430	101415
ましょう	19431
必要最低限	19432
格闘技	19433
大暴れ	19434	210397
用済み	19435	266316
リズミカル	19436
別格	19437	269370
考え過ぎる	19438
利用価値	19439	294892
決勝戦	19440
誘い出す	19441	119671
戒め	19442	67589
ゴールド	19443
はぐ	19444
清算	19445	76653
とんと	19446
ビジョン	19447
お粗末	19448	68295
伝授	19449
画期的	19450	205431
献身的	19451	297560
厳粛	19452	106904
二位	19453	118004
気配り	19454
見聞き	19455	163087
妬む	19456	51792
鉄槌	19457	105192
睨み	19458	58700
見境	19459	192643
苛々	19460	16897
上り	19461	31458
姑息	19462	73898
ちぐはぐ	19463
ぱあ	19464
びっしょり	19465
種子	19466
下級生	19467
目通り	19468	188460
ちょん	19469
勢い余る	19470	142760
散開	19471
一等	19472	57391
引き合わせる	19473	72884
勧告	19474
エロ本	19475
ヘリコプター	19476
気が滅入る	19477
当選	19478	170274
推し量る	19479	98253
頭突き	19480	284738
尊ぶ	19481	169610
つんつん	19482
どこにでもある	19483
アテ	19484
触れあう	19485	44286
手ごたえ	19486	314876
アアア	19487
サッパリ	19488
ボーっと	19489
バツが悪い	19490	204102
暇がない	19491	71781
おののく	19492
フタ	19493
もろもろ	19494
結論づける	19495
つり上げる	19496	39880
とみられる	19497
こつ	19498
してやられる	19499
迫りくる	19500	119085
品	19501	34854
ボールペン	19502
出始める	19503	81825
類似	19504	231113
抜き放つ	19505	120774
報せ	19506	51992
野原	19507	88211
終了後	19508	274378
信じ込む	19509	309272
初回	19510	166122
諸侯	19511
マフィア	19512
抜擢	19513	117639
裏目に出る	19514
噛み砕く	19515	107082
雨粒	19516
頭蓋	19517
はあはあ	19518
態	19519
オアシス	19520
高原	19521	107904
お膳立て	19522	161170
一睡	19523	110650
攻め入る	19524	254014
ルール違反	19525
寝静まる	19526	162858
秘部	19527	98264
不動産	19528	259432
如実	19529	299838
合点	19530	63279
卸す	19531
哲学的	19532
対象者	19533
じかに	19534
驚異	19535
メロン	19536
蹄	19537	40588
お正月	19538	262857
ぺこぺこ	19539
毒物	19540
フィギュア	19541
逸する	19542	62997
問い合わせる	19543	218287
栞	19544	18697
鍔	19545	198321
ぼちぼち	19546
少尉	19547
本書	19548	240881
冷水	19549	207743
勝ち抜く	19550	315525
若葉	19551	60087
サッカー部	19552
外敵	19553
謹む	19554	36897
翡翠	19555	127637
腹心	19556	182470
陰湿	19557	170355
姿見	19558	150138
内蔵	19559	276077
思い違い	19560	211055
看守	19561	180358
俯瞰	19562	185499
下界	19563	305964
北上	19564	295830
木戸	19565	204348
受験勉強	19566
依頼主	19567	268539
ゲージ	19568
共犯	19569
誠心誠意	19570	304074
無力感	19571
オール	19572
睥睨	19573	77536
じょう	19574
気配もない	19575	154153
読み込む	19576
一に	19577
漫画家	19578
ひどい目に遭う	19579	72178
年度	19580
不祥事	19581	193629
ずり落ちる	19582	104887
易々	19583	16153
セミ	19584
ふくれる	19585
コクコク	19586
クッソ	19587
ろく	19588
ただよう	19589
めん	19590
ふうう	19591
かっこつける	19592
まゆ	19593
かきあげる	19594
圧力をかける	19595
きみたち	19596
だめだめ	19597
サメ	19598
と殺	19599
ないがしろにする	19600
くう	19601
過信	19602	292354
真価	19603
座する	19604	57199
衣裳	19605	57298
ブローチ	19606
移送	19607	115871
四季	19608	5100
少しでも早く	19609	262553
絞り込む	19610	113855
老い	19611
老若男女	19612	201025
卓越	19613	238289
べっとり	19614
鎮まる	19615	34879
クリスタル	19616
想	19617
テキスト	19618
待ちに待つ	19619	215691
打って出る	19620	160382
反対方向	19621
掃討	19622
噛み付く	19623	28390
梅雨	19624	118801
弾き返す	19625	136601
目を剥く	19626	203595
神器	19627
二割	19628	268739
蔵書	19629	237338
降り出す	19630
蕎麦	19631	292701
陰口	19632	125331
喫茶	19633	84754
年長	19634	238799
最上位	19635
広島	19636	149071
換金	19637
カジノ	19638
偽善	19639	112343
嘆かわしい	19640	101572
ばら撒く	19641	10895
不肖	19642
見せしめ	19643	112284
粥	19644	36796
お目	19645
談	19646
わる	19647
劇団	19648	252866
卓上	19649	244388
利権	19650	158456
ハゲ	19651
お構いなく	19652	38088
手の込んだ	19653
皮切り	19654
影を落とす	19655	211199
ソーセージ	19656
湿り気	19657	160931
ぱあっと	19658
謀反	19659	56392
獄	19660
残念に思う	19661	285077
一押し	19662	189933
触	19663
胎児	19664
転入	19665
栄	19666
寛ぐ	19667	6689
老女	19668	207339
問い質す	19669	159900
スイッチが入る	19670	165891
領分	19671
格好悪い	19672	237997
周到	19673	168972
の余り	19674	3895
祖	19675
もっていく	19676
ようにいう	19677
とりつく	19678
見にいく	19679	95838
うつぶせ	19680
ダンボール	19681
テキパキ	19682
ムチャ	19683
うずく	19684
取り締まる	19685	121258
手にかける	19686	301725
きも	19687
後から	19688	7238
包みこむ	19689	60300
よそ者	19690	79873
頭にくる	19691	134426
ふりかえる	19692
金切り声	19693	188262
撃ち落とす	19694	179522
トロトロ	19695
しずく	19696
こい	19697
食い	19698
力をつける	19699	316966
約束どおり	19700	161399
同業者	19701	269474
煮える	19702	102327
どうこう言う	19703	61686
炭酸	19704
道楽	19705	150900
保育園	19706	205338
やりたい放題	19707	130743
バチバチ	19708
擁する	19709	49301
ブレザー	19710
開き	19711	53693
ちょっと難しい	19712	105297
微笑を浮かべて	19713
協力的	19714	279590
口うるさい	19715	308087
先を行く	19716	207986
梨	19717
塗りたくる	19718	107159
イェイ	19719
敷居	19720	57500
工具	19721
登山	19722	205193
ロード	19723
不格好	19724	91833
完成度	19725	307662
染み渡る	19726	77097
研ぐ	19727	22100
ウィンク	19728
使い分ける	19729	166560
迷惑を掛ける	19730	111910
夏祭り	19731	289100
愚弄	19732	81709
便り	19733	69398
さく	19734
満悦	19735	183989
洗剤	19736	85058
連ねる	19737	38494
秘蔵	19738	287823
上映	19739	275973
重臣	19740
マット	19741
火の手	19742	285032
噴き出る	19743	132255
毒々しい	19744	211572
町人	19745	139363
クリック	19746
浸食	19747
湧き出す	19748	95761
多様	19749
慈悲深い	19750	302073
飲み下す	19751	122286
ぎくしゃく	19752
百パーセント	19753	302559
夢見	19754	92947
非日常	19755	263731
無理難題	19756	230488
三流	19757	276282
しゃく	19758
心変わり	19759	274106
スタンプ	19760
秘訣	19761	113810
講習	19762
醍醐味	19763	184763
因子	19764
グローブ	19765
猛る	19766	76293
逆さま	19767	42476
具材	19768	311236
多量	19769	218731
立体	19770	228468
意見を言う	19771
洞	19772	22102
気分がいい	19773	300686
たいがい	19774
さしたる	19775
しまい込む	19776	27290
さわ	19777
買いかぶる	19778	94368
ひな	19779
ねじ曲げる	19780	65000
なぶる	19781
終り	19782	23800
どこかしら	19783
寧ろ	19784	688
呼び鈴	19785
待ちかねる	19786	119332
叩きこむ	19787	52490
あずける	19788
とりかかる	19789
ていねい	19790
そっくりそのまま	19791
めったにない	19792
代りに	19793	9197
ごご	19794
ひたむき	19795
つぶ	19796
口もと	19797	75426
舌なめずり	19798	299835
手持ち無沙汰	19799	268479
さかい	19800
内定	19801	242138
横向き	19802	283096
一着	19803
化石	19804
進級	19805
サクサク	19806
隣町	19807	216682
３度	19808	208352
追い回す	19809	203010
イヤホン	19810
タックル	19811
如	19812
予見	19813
構内	19814
胸が熱くなる	19815
公務員	19816
変わり果てる	19817	138819
タレント	19818
殿様	19819	235120
髪を切る	19820	281004
消しゴム	19821	177686
貯まる	19822
大至急	19823	253748
その点で	19824	314807
進捗	19825	89529
甘えん坊	19826	151522
熱々	19827	51392
反り返る	19828	79847
ちょこっと	19829
秘策	19830	182419
命を賭ける	19831	111436
女主人	19832	314453
男児	19833	106950
豚肉	19834	236631
商家	19835
日傘	19836	154320
文庫本	19837
なかれ	19838
幸か不幸か	19839
鯨	19840	42679
首を切る	19841
読み解く	19842	160748
足音を立てる	19843	290849
中心となる	19844
鼻の頭	19845
宵	19846	195801
大正	19847
一人残らず	19848	122243
翠	19849	17586
長続き	19850	230206
穢す	19851	70989
霊力	19852	251931
妬く	19853
タワー	19854
鍛冶屋	19855
やっほー	19856
難民	19857
虚を突く	19858
供える	19859	24998
遠隔	19860	210835
関門	19861	222891
汲み取る	19862	89408
ブレスレット	19863
せねばならぬ	19864
気に留める	19865	280257
田畑	19866	182406
弱音	19867
ポール	19868
被告人	19869	283044
ふくらみ	19870
すりすり	19871
取り敢えず	19872	707
硬	19873
むごい	19874
おとな	19875
ビン	19876
金がない	19877	239872
仕事ぶり	19878	244557
ひとつずつ	19879
考えごと	19880	201979
どんなことがあっても	19881
こじらせる	19882
早いとこ	19883	103884
焼きたて	19884	262449
かきむしる	19885
くろ	19886
中ほど	19887	277075
３枚	19888
切りつける	19889	207322
息がかかる	19890
ぎゅって	19891
しようもない	19892
心もとない	19893	79363
みかん	19894
口をついて出る	19895
よむ	19896
ソワソワ	19897
からくり	19898
あまい	19899
ほうほう	19900
退く	19901
片	19902
案内役	19903
仲間外れ	19904	164059
居住まいを正す	19905	188839
第一回	19906
表舞台	19907
公国	19908
ナース	19909
安価	19910	267613
係員	19911
退去	19912	163699
ライフ	19913
人付き合い	19914	153356
宿主	19915	310661
困り顔	19916
埋め合わせ	19917
百倍	19918	248127
金縛り	19919	153756
懸かる	19920	300
震え出す	19921	67294
発見者	19922
紀	19923
連邦	19924
厄介事	19925	70784
サーバー	19926
スタンバイ	19927
しばらくしてから	19928
水蒸気	19929	229353
しかる	19930
有罪	19931	210853
紛らわしい	19932	47695
目を泳がせる	19933
教壇	19934
殊更	19935	13293
ぐにゃり	19936
広がり	19937	64896
寸	19938	152734
謎めく	19939	141656
どの辺	19940	49393
虚勢	19941
旧式	19942	236902
エスカレート	19943
物怖じ	19944	109574
一番多い	19945	259374
お参り	19946	93719
身振り	19947	163871
空高い	19948
表通り	19949	220584
似せる	19950	27285
温和	19951
仕上がり	19952	187351
人間同士	19953	314680
天皇	19954	85202
アドバンテージ	19955
軒並み	19956	91996
朗々	19957	308284
大忙し	19958	150071
露天風呂	19959	218118
歴然	19960	192931
轟	19961
秘術	19962	224510
表面的	19963
人の子	19964	286320
愉しい	19965	18989
望	19966
神速	19967	212546
浴びせかける	19968	63900
人里	19969	208967
任せ	19970	51984
なあなあ	19971
降り続く	19972	100539
安全性	19973
衰退	19974	127534
琥珀	19975	72888
出遅れる	19976	128447
素養	19977	224556
宝玉	19978	202057
靡く	19979	7089
政務	19980	219191
イラッと	19981
がく	19982
すっげぇ	19983
ろうそく	19984
むだ	19985
かき氷	19986	148072
天ぷら	19987	55099
かなた	19988
数えきれない	19989	110986
反射的に	19990
畳みかける	19991	31288
マグロ	19992
どこへやら	19993
トラ	19994
イノシシ	19995
晴れ晴れ	19996	76853
お姫さま	19997	76262
にげる	19998
つぶら	19999
あるく	20000
相	20001